Timestamp,FP1_Delta_Relative_Z,FP1_Theta_Relative_Z,FP1_Alpha_Relative_Z,FP1_Beta_Relative_Z,FP2_Delta_Relative_Z,FP2_Theta_Relative_Z,FP2_Alpha_Relative_Z,FP2_Beta_Relative_Z,O1_Delta_Relative_Z,O1_Theta_Relative_Z,O1_Alpha_Relative_Z,O1_Beta_Relative_Z,O2_Delta_Relative_Z,O2_Theta_Relative_Z,O2_Alpha_Relative_Z,O2_Beta_Relative_Z,C3_Delta_Relative_Z,C3_Theta_Relative_Z,C3_Alpha_Relative_Z,C3_Beta_Relative_Z,CZ_Delta_Relative_Z,CZ_Theta_Relative_Z,CZ_Alpha_Relative_Z,CZ_Beta_Relative_Z,FZ_Delta_Relative_Z,FZ_Theta_Relative_Z,FZ_Alpha_Relative_Z,FZ_Beta_Relative_Z,C4_Delta_Relative_Z,C4_Theta_Relative_Z,C4_Alpha_Relative_Z,C4_Beta_Relative_Z
186479.1395461,-1.6358745345784123,0.7943172141109569,2.102996429062773,2.383725306326514,-0.5208070706273292,0.599542994465928,0.5516196902657702,-0.10000752410598056,0.08540113163132242,0.4180122225851693,-0.5449838959551162,-0.5490508543233945,0.8555106651354515,-0.7367438827142591,-0.881004949006049,-0.7306839292025619,-1.3030843066049642,1.6549170197346468,0.8042958315788052,0.7052091208993649,1.3983835184197586,-1.7345780471686576,-0.998124748021887,-0.5497730614747125,0.43325046220911967,-0.3410598035407485,-0.4139681595662546,-0.5597130970698533,0.6872201344150577,-0.6544077174730363,-0.6208301983580405,-0.5997059610493752
186479.2249796,-2.1710333491625855,1.8532442731491805,2.403643378265791,2.327805130312805,-0.5903447607117952,0.8810366284051362,0.3418968057673341,-0.031147732510305802,0.4782986627950731,-0.2912219835166621,-0.649284222197903,-0.621494724104689,0.7963210698912982,-0.8089924234997418,-0.7379795919730122,-0.78256021126817,-0.5632449781111522,0.7021601923143359,0.30536130873712486,0.7880449226652602,1.1511840731196685,-1.4594358173937225,-0.8189945490068772,-0.6554922682058771,0.3294040650547402,-0.29241909531186777,-0.3255936045137405,-0.45994440805073716,0.5694152171247551,-0.5843717741466575,-0.5190495250787176,-0.5652107088382872
186479.2250665,-1.622635411423421,0.8732599728975836,1.9975075446634345,2.3884837882046517,-1.255783561662041,1.6010672164927118,1.0301087186878972,0.19548217085389938,0.5806980828371576,-0.2781717253914388,-0.8224183433030993,-0.6929287416974869,0.7313049083117885,-0.5512284104600998,-0.840945629947691,-0.7226450119203127,-0.5918709347220378,0.7570996119416946,0.341066078025085,0.44881265874171034,1.5269606250504948,-1.890332310414104,-1.109763197779417,-0.7785318351179709,0.17994572160699748,-0.16839177175285183,-0.156294816649441,-0.20100761784313775,0.4513805700010609,-0.34330258331349567,-0.4392603536967685,-0.6376654112213546
186479.225099,-1.4956088177910307,0.6287432808760732,1.9446434034330426,2.363488528062909,-1.1914609158970038,1.3565760858359965,1.0662271394305067,0.3511664413247688,0.3227652159645317,0.20743321043798307,-0.766583078068727,-0.7638285115706661,0.459844875395826,-0.32737368253551197,-0.4867806896970556,-0.570124759066161,-0.6996713005376456,0.9638206237760284,0.3425330739430856,0.35198739986940975,1.7824967441287247,-2.1018001675577813,-1.3554974402287197,-0.8636177434019111,0.3022710122005698,-0.3242528864234958,-0.26037225733431996,-0.17496427548844237,0.5193631865360244,-0.40314646440929,-0.4841701514778114,-0.6941070797299078
186479.2251322,-1.7391791528442366,1.0635294483072715,2.216701122182998,2.1595741416736347,-0.4803102491936328,0.6863083780272687,0.3509319942015684,-0.20799892740782247,-0.03828294304297851,0.47405057185859845,-0.3320369803094598,-0.6174760878073269,0.6558849160284481,-0.49535300858811715,-0.7289546385659162,-0.762584704196338,-1.1368018363385306,1.3185521906057842,0.7141566490281998,1.1553374256216629,1.478367513463546,-1.8439738567143296,-1.0504298419008928,-0.5747790974777268,0.48730963713080855,-0.4209653397904753,-0.4775832865629464,-0.5500322056316037,0.773012114796576,-0.7821483837059989,-0.6927850180735512,-0.6020405447744804
186479.2251699,-1.6520351976045378,0.8069214803397802,2.1363503396206593,2.4260121702833244,-0.5056511875652607,0.5539170318914879,0.5501929497919779,-0.08042952058792614,0.17177322604846032,0.28627858102175346,-0.6046167135903855,-0.5526428914121243,0.8481180810793165,-0.7304059164253899,-0.8640519164393798,-0.7362780435854948,-1.318194215541404,1.7322201903185224,0.7507744372766355,0.593669260310761,1.4014695619764737,-1.7296600340701715,-0.9804860226735034,-0.5430649601684666,0.4619628270449172,-0.3829385201395546,-0.4312339713058477,-0.5605164495147604,0.5925569045620347,-0.5363328129364289,-0.5569291026801567,-0.5467495653253128
186479.2251919,-2.248496650054676,1.9821821531615933,2.441741023284614,2.3238782621396696,-0.5496560811602234,0.8421614843820799,0.3016242281491126,-0.044206332038253075,0.4847293645601676,-0.31232924373607135,-0.6368717247934451,-0.6305193235295279,0.7684477428832215,-0.7776352820507341,-0.7175890440032412,-0.7707106326087241,-0.39898534955174336,0.45740851504137753,0.21510987968885953,0.7987492471437383,1.160297885754184,-1.480340325619108,-0.8166079635722302,-0.7005882997469886,0.34643271959510824,-0.302136818885375,-0.3533378344017701,-0.4744239997678786,0.43723036797395975,-0.409310482293762,-0.43406856435189956,-0.5021789215920368
186479.2252177,-1.7083604573829847,0.9876794496625694,2.0706116686865803,2.4130988794075536,-1.2175225634483176,1.6052980762535851,0.9540341184995932,0.13354271938848494,0.5778702191926329,-0.29599314217386213,-0.7986285979488539,-0.6865709740500312,0.7339181183480681,-0.5641134808212226,-0.8434990635605245,-0.7006170305193082,-0.47263514504041443,0.5843478156372466,0.26864509895570665,0.44084236466758586,1.5275610622507152,-1.899969963930713,-1.1019733752376113,-0.7842733429164512,0.1976944362721374,-0.16815873426596023,-0.1858040009389834,-0.24293088417989975,0.3614743298081648,-0.24909002036164396,-0.36338584845590743,-0.5730917317979337
186479.2252479,-1.5682190022450473,0.7133932165670992,2.0179703654594694,2.4220100400301825,-1.1050373817228858,1.2767473487392782,0.9741239255983549,0.25665530697205197,0.37533286521311376,0.12029160350643898,-0.8149585059527336,-0.7153585452407624,0.4516659767999335,-0.343219933471132,-0.46171261869563857,-0.5391118024287265,-0.7486468587990084,1.0763337499253962,0.33583118404491275,0.2831571056170653,1.7395424430610562,-2.0648254597390134,-1.2955698607500425,-0.8168411672345421,0.3218448745380531,-0.3474378070693524,-0.2666466946579311,-0.19857375937823815,0.5335170831547842,-0.4312827184587129,-0.4890377950463918,-0.6919371783370317
186479.225298,-1.6451879273737229,0.9044562821441794,2.1614079989064963,2.2056405794247307,-0.42650105098675745,0.5655003678972583,0.37675548744518444,-0.23260372311786595,-0.017511847240114033,0.4851089794452329,-0.41112267616048065,-0.6065042402320185,0.6983629637952259,-0.5334443553858753,-0.7660133551222614,-0.7843166220683694,-1.3250344151368925,1.5696002152853799,0.8368016078411626,1.081191346264623,1.410338131217406,-1.7507802403801942,-0.998185644621903,-0.48767419032071035,0.5377529549320732,-0.47181066304630714,-0.515001981698056,-0.5819453324582093,0.7677811907927827,-0.7686305859596727,-0.6846414365901424,-0.5937878174921786
186479.2254657,-1.5275345171129915,0.6296921020608739,2.0587137053668902,2.4080282453508,-0.46853791068560974,0.43625910621721203,0.5861653727420845,-0.01178163235264183,0.15692886256713923,0.3268232390802921,-0.6406844272307004,-0.5541798259990997,0.8281611306228982,-0.6726817995103829,-0.8680800327643148,-0.7545863687326634,-1.490368519743972,1.9116360844295313,0.8743898726340972,0.6043135805925252,1.3625217939756256,-1.641623213620536,-0.967399057750884,-0.5044907711591113,0.4969469766240048,-0.4101473648566024,-0.452214782883004,-0.6035252196717817,0.6418821837529028,-0.579958153800388,-0.5908906501141676,-0.5837780080280264
186479.2255341,-2.261562190930993,2.0104175672562894,2.4432216297466676,2.32295376537551,-0.4330631629787444,0.668077479933873,0.25992920542779036,-0.11898321612857253,0.4109794738050861,-0.20643577042404618,-0.5919637923011657,-0.6066595152990557,0.7374015085409562,-0.739657287856639,-0.6925176461469698,-0.7684019714555983,-0.5240442595573039,0.6369095893886938,0.289678221400511,0.8340009522720724,1.1156992088841986,-1.4357870068322969,-0.787072143684468,-0.6506947615278155,0.4062311918849511,-0.3684952045879544,-0.4090006707821016,-0.5057073424169621,0.5483582303518483,-0.5650293668779195,-0.5122748036602637,-0.5065079108195795
186479.2256725,-1.9058231870425968,1.3075054408420965,2.2433030336142012,2.4053229889218644,-1.017650440999643,1.4375131385746707,0.7017351666074321,0.017561695296133932,0.47596013018466604,-0.2227126284692579,-0.6756213187929857,-0.6419818988371909,0.7179173075021639,-0.604888796313373,-0.7828373314240755,-0.6741560842305501,-0.501216742651154,0.5879651504822987,0.3019579204152882,0.5855785190686331,1.4090866162766247,-1.7859388160862861,-0.9869785093512515,-0.7390733012260043,0.32163909031028676,-0.274827139653827,-0.3025266083432504,-0.43185116540917984,0.5000872264196521,-0.4446163493763211,-0.49903235272535834,-0.5214007535837065
186479.2257055,-1.7936395492721076,1.056583385799276,2.2154304942861347,2.4611580105923148,-0.8404151228953415,1.0829534233151783,0.6599723452639534,-0.002594697166131312,0.35827498980901906,0.06438419281904138,-0.7540488055434128,-0.628971302741948,0.3825376073079812,-0.30610328835402534,-0.3795506085459548,-0.48944302340644674,-0.8002622226687547,1.1105566019354736,0.37733009015016733,0.4432371002418898,1.5901462774104576,-1.9516759386148754,-1.129841233079069,-0.7323803476159678,0.44172599726862866,-0.44986919413803034,-0.3616289546922069,-0.4196999674643778,0.661632023040114,-0.6068291827620405,-0.6276633278396122,-0.631305772439333
186479.2257276,-1.2869184025444045,0.40602361939989035,1.9291988449237396,2.265658542884336,-0.2897827972693113,0.21351316078417182,0.47370587342079956,-0.07206107563303764,-0.05629887357654146,0.5625588338038449,-0.51204392289836,-0.5457166686171813,0.735942124129484,-0.516103965778529,-0.8613384547102517,-0.7851584587502699,-1.7449930431969862,2.0298253827385144,1.1527178218321132,0.9255483510287952,1.3509168877001767,-1.5571407626482971,-1.0129971398473565,-0.46779210383748543,0.5694231561965126,-0.4870248770964128,-0.5097367849705026,-0.6573213564853967,0.7217109485610692,-0.6516513912031848,-0.6595062377501817,-0.6631572305897595
186479.2257483,-1.1315074988880784,0.1789100896358343,1.7810098152093736,2.3027819878826565,-0.29360195750728285,0.06519468316086385,0.5812229259221741,0.27736098338376675,0.15211091190448942,0.364189077151678,-0.7508115807709601,-0.6072681852258563,0.7380460507380567,-0.47250407254796734,-0.8886363645216289,-0.8133164966511591,-1.9118789184820928,2.247922540376309,1.2598421324698668,0.6699372291062567,1.3355893538973254,-1.457311545657808,-1.0437581201303128,-0.5232388481744559,0.488057759975481,-0.4329913916011642,-0.3708930453334579,-0.5686901888452497,0.6231842983621005,-0.4934093805177439,-0.567975762845055,-0.737566481475959
186479.2257686,-2.1276498634135184,1.7626924828341415,2.3472216808398274,2.268729606850127,-0.3333398088727904,0.39536045487650096,0.3397025975373998,0.022069870728026266,0.30865686418580407,0.04556826048474202,-0.5818611022930505,-0.6436964710531494,0.6970380725270141,-0.6168614131681524,-0.7165330499579166,-0.766825366339066,-0.8309487554990059,1.0654504306409,0.48493557676178295,0.8941931189562895,1.238166550787388,-1.6435034758973555,-0.892743341491916,-0.608253034675473,0.4604200056722513,-0.4373536930526679,-0.4192654363827726,-0.5684865524040461,0.5876569346128558,-0.5713530467181079,-0.5614569250133533,-0.5977311720627082
186479.2257967,-1.9923188372153793,1.4238058421401885,2.3172527137989043,2.391613254809291,-0.799507469535107,1.2303381414694483,0.48457133654317763,-0.0970543561558935,0.4280748927900326,-0.2011864876372063,-0.577112201403802,-0.6570973341171314,0.6880968108073373,-0.5850023859546405,-0.7500631260251709,-0.6390418949319573,-0.6532071551519191,0.7797146490883852,0.41236383255652015,0.6806458194347917,1.3537369366093523,-1.7511439948521383,-0.9366311718115492,-0.685525966995297,0.48525675169571225,-0.4491954745305102,-0.45347635844212136,-0.5405308597238058,0.489868069999967,-0.4473302897235265,-0.49690502521595814,-0.4530086623199976
186479.2258208,-1.6564061568668718,0.717253639909557,2.1017838622621174,2.4901026362607612,-1.0329720970773235,1.3743302378254871,0.811554653506652,-0.06436436355999821,0.41184202380798823,0.04931206271105506,-0.8347569579026446,-0.5859101530265063,0.3818023407757504,-0.24327348134244914,-0.3963863637090942,-0.5426399716973064,-0.810371028823474,1.0429806571716813,0.4772230081670137,0.4158072847421789,1.6208152105461657,-2.0016030370599025,-1.151877483510616,-0.6341649242915495,0.5178417863610358,-0.47524475878052513,-0.44128185634984857,-0.5236234670428889,0.5674479212767286,-0.4637553204349028,-0.5662588624635798,-0.5552070413846908
186479.225855,-2.175819322892205,1.8334104120164023,2.390569053352593,2.230341006265247,-0.3018751575415164,0.4490913443158687,0.2530990423281755,-0.21535608573370604,0.19437827519539821,0.21023262903177448,-0.5409667296098735,-0.5720446899757238,0.7221149459203371,-0.6595901976512162,-0.7211143004373093,-0.788346862975032,-0.7764696592580852,0.9316752987685066,0.4681607751729345,1.0309778581719897,1.1343577236327367,-1.5207729944969062,-0.7916184069197564,-0.45638634337463346,0.5716995037980527,-0.5828375458748901,-0.4915382191584829,-0.6583147033899795,0.6316136911452854,-0.661208946109541,-0.5665912147282796,-0.5708701789881616
186479.2258725,-1.903343035035039,1.2323962811364553,2.236617070573035,2.4338079706945788,-0.47079083664730054,0.5080505563314244,0.5078705825534178,0.05120158885817858,0.31917199221806714,0.10524462993222762,-0.691715057742952,-0.5769406444760987,0.7762603306075364,-0.6782921952888925,-0.7875393547277957,-0.7504502957189846,-1.1045126054193715,1.5602809836324247,0.6048527097125788,0.5032351189149721,1.2686082901613507,-1.6563687031050354,-0.8875111042052168,-0.5008074926432365,0.5385651084741745,-0.5312368277068882,-0.44294401632145275,-0.6025356736731934,0.5760407556405843,-0.5400747249317144,-0.5396308298416137,-0.5575105719562152
186479.2258911,-2.236765133544676,1.9659310280467739,2.4402175208641594,2.347709011579495,-0.4319977762194166,0.648443577060741,0.25921834592152027,-0.07839969293132086,0.3892915703893074,-0.19448812811067517,-0.5649491162364569,-0.597599900513787,0.7134265941873217,-0.7099066083744185,-0.6699745292550452,-0.7717176915429803,-0.612225565860542,0.7966109600797266,0.3167547400145486,0.771257988033333,1.0796867372014967,-1.3727844858560538,-0.7734772801094922,-0.5989543142207133,0.49568349332192824,-0.49288149258256186,-0.46093999637149213,-0.5579213203596973,0.6029000805245811,-0.6409248502635332,-0.5468496848277419,-0.51437408004433
186479.2259082,-1.6948158995038587,0.8776154980585202,2.127365862392656,2.4601345998456763,-1.17152352142195,1.6127474964224593,0.8385171254038664,-0.02056268983577672,0.3537644819121988,-0.03996952709284101,-0.5966469523620965,-0.6078933233803239,0.7061803199027433,-0.5513290545847952,-0.8014229429361864,-0.631407083327523,-0.6934636147032112,0.8303334619029997,0.4607466925097846,0.4738654226256526,1.440044641901585,-1.7768922754043648,-1.0162978367335898,-0.6713902217376015,0.4431053781234856,-0.3693837533212309,-0.41823539650940345,-0.5241986007817108,0.6167082137890068,-0.5831218459807476,-0.5940265517650299,-0.47854810340839227
186479.2259256,-1.6831151748560615,0.7724627290758205,2.080553832282074,2.4563494012422757,-1.1055670019507577,1.4395416936184575,0.91229179643703,-0.005181163861323776,0.2534123790200101,0.3096124634054735,-0.7613583690429857,-0.5741800124136499,0.3758026769979334,-0.21333944698867524,-0.4010622807978397,-0.5744307518873398,-0.6299124308377356,0.7450059935602587,0.397427786478282,0.48149652544759924,1.6216631417962089,-2.01729928507248,-1.147972723998457,-0.6815402953315253,0.45928372195500194,-0.3986490087460069,-0.3991543012891629,-0.5154581914111608,0.7084326878754057,-0.6373351388528488,-0.6807257400689407,-0.5870555117848759
186479.2259421,-2.1846229118037024,1.799870606085246,2.402979424367188,2.2947292020824084,-0.4258998931277807,0.6251897858803621,0.3229675125607087,-0.17878778411235402,0.07839726422685807,0.3909864093821845,-0.4916944891744008,-0.5251596029146862,0.7135696162123724,-0.6355834047353702,-0.7208523990717194,-0.7819242750850521,-0.5970598125620414,0.6808257161795621,0.3614406106112169,0.9070977192077759,1.1885427054169961,-1.5878227583354774,-0.8104354222186964,-0.493748846041575,0.5474457026371775,-0.5439866122817681,-0.47712958963479374,-0.6389077344934245,0.6796273290001257,-0.7294797421747388,-0.5872756474395016,-0.5832986786430929
186479.24912,-1.9243064152261489,1.288476526297492,2.2338429249495158,2.4065911386415126,-0.5634302727986896,0.6848018665830718,0.5449389781418639,-0.0040025899056421515,0.2691725788467739,0.1959498358031089,-0.6738751431639628,-0.5654176231670599,0.7622855425104972,-0.6602889677406343,-0.779888613793649,-0.753082307703918,-0.9923779035729866,1.3429098848150811,0.5800861117061935,0.6049406122277542,1.2915782395880857,-1.7158388447319173,-0.889182167097049,-0.5170385674171375,0.5357912844594029,-0.5248358107590729,-0.44688867949324723,-0.612546590282475,0.6212869461930653,-0.6111744902671272,-0.5690334112496647,-0.5594440723930356
186479.3249817,-2.1896563176806714,1.85939862098891,2.4255463361475087,2.3672163482112816,-0.5744616340830117,0.8687681885195155,0.3186940330014272,-0.04000348012299687,0.3898545178132118,-0.18180133000369966,-0.5742315333810216,-0.6050335309429692,0.7361385702504315,-0.7330466039015031,-0.6830596512322882,-0.7868700734958983,-0.5719633372119426,0.7333030469956819,0.3041188578855185,0.7062563785717183,1.1228454335616511,-1.433473199476611,-0.7879537656941973,-0.6150712278703738,0.5079832203148158,-0.504898721491764,-0.4671463785635412,-0.5656891619285677,0.5792595470355171,-0.608250001630529,-0.5359678981634054,-0.46080525242219456
186479.3250201,-1.5213996243463874,0.5991391359222948,1.9591308876023306,2.479418543222064,-1.339891280670626,1.6950148444349447,1.1026479640759053,0.08283216757468537,0.3864958215747922,-0.027109651514449665,-0.6697047138477865,-0.6217549965102599,0.7635261505636146,-0.5813836805136108,-0.8690215777563448,-0.6603713324817827,-0.6722783323030327,0.8420832958810041,0.4285100282990911,0.34288607895626055,1.5298801120408343,-1.872234462000858,-1.08343582353397,-0.6717505800747233,0.40660712292362655,-0.32662398028743284,-0.37083894797783884,-0.504660629431459,0.44706003021718005,-0.3288855019218952,-0.49728781686138623,-0.4465992512547856
186479.3250382,-1.6551960844630778,0.7166304871594085,2.0428503941878193,2.44417220260916,-1.0929317901321316,1.360493275052139,0.9545228138645264,0.07695325814165956,0.3323151586589624,0.24594426209421905,-0.8254808296948954,-0.6318061049875786,0.5253191640800584,-0.38302377076494853,-0.5073075053495739,-0.664861922929456,-0.7222431789781896,0.9040518504101851,0.4360357066775482,0.4670127125386981,1.6376866539624066,-2.073681285264866,-1.1534107994673892,-0.6311166607951144,0.501987453885039,-0.46908138286906226,-0.41122634449877954,-0.5180062891453325,0.473062622986936,-0.30133343581707683,-0.5359834357192557,-0.5423471954320362
186479.3250577,-2.121526961181193,1.6839834898726498,2.3736823695228804,2.246867430343224,-0.4944513025597335,0.7474942266698177,0.34803495675645535,-0.20952414454675858,0.1277496665304797,0.3324791807719879,-0.5175072715314798,-0.5871515245004759,0.8127543522840583,-0.7596401676253571,-0.7831500739816856,-0.8396423304098559,-0.6748629447727162,0.763162642372678,0.4170278810169381,0.9860659247529081,1.213685040128411,-1.6421054749485677,-0.8178116347651241,-0.4141258478532979,0.6088922090743878,-0.6160516526864506,-0.5189684536663731,-0.6777701367141923,0.527759940496299,-0.5093222444267587,-0.5013077733516131,-0.5047193710715521
186479.3250782,-1.7871764254330742,1.0578790334083248,2.1591785026843424,2.3695381459167186,-0.6195324573342436,0.745098640153922,0.5973361720150152,-0.025090873402278065,0.32417567052792595,0.1446729543461894,-0.738195560199598,-0.5990724318244146,0.8129214318576147,-0.6943422809900632,-0.8285970426521143,-0.7891580650432332,-1.1293090509869066,1.4796487504873461,0.6734211031818201,0.6922856170701646,1.3469580872102378,-1.7729768028852821,-0.9238071223364782,-0.4665989654200418,0.60753200070738,-0.6005933165889221,-0.49741920220784497,-0.6525121191917274,0.4444307434510643,-0.35938697793151153,-0.4419168504851429,-0.529391308105188
186479.3250973,-2.258680402642651,1.9709735368350763,2.4636343817483985,2.3989058547356636,-0.4663416591437867,0.7180688570454761,0.24737852144958508,-0.06770483132972169,0.3809847296026668,-0.17711642165681069,-0.5653791047912106,-0.5974850268935177,0.7295854950686133,-0.7339765136834415,-0.6698617150322448,-0.8000777741282737,-0.5241548814816555,0.7049229560870955,0.24827408871681086,0.6351844611959776,1.0813405276487613,-1.391629753657134,-0.7544840158572005,-0.5597282692220666,0.5444817717984466,-0.5628501774388451,-0.4809268545061162,-0.5985236676840212,0.5127844191496044,-0.5283924835314162,-0.48863530172802183,-0.4105707466740414
186479.3251164,-1.710666496362668,0.8627294222492893,2.114196630145757,2.491442821574633,-1.2024372758237756,1.6063588264454614,0.9234873491696513,0.013783556824488738,0.3280062004001488,0.045082041884360054,-0.6242041367109975,-0.6015487402769167,0.7409624462211951,-0.5762238227515944,-0.8301232147352376,-0.6589558507494774,-0.5756783600825066,0.7234951321021142,0.35816822992531216,0.3498855442353654,1.483566988752134,-1.8718036095755224,-1.0227653819526739,-0.6387351639973482,0.48387103978253626,-0.42935117856152105,-0.4260978028715439,-0.5457250062844764,0.4523754571129366,-0.36028681179258754,-0.4926616729702674,-0.41014716132626816
186479.3251406,-1.7659769422718425,0.8682497066779994,2.1145247280303723,2.4553490539789746,-1.0642706630620005,1.3731149353983094,0.9073437937170304,0.03249407196647216,0.27461080694908513,0.33575678962710187,-0.7866767403761529,-0.6121721364102223,0.5318673366290353,-0.39670903540061586,-0.5069521524914102,-0.6696902762458614,-0.578333280472979,0.7003989671566444,0.3490287423101433,0.46314957662173645,1.5971107791737726,-2.063268586551248,-1.1100405763615533,-0.6061471179609836,0.5103314421227164,-0.47496455656767295,-0.4208616539693812,-0.5376922655512743,0.49466052093221086,-0.34257822034051655,-0.5463661408590488,-0.5252909063988411
186479.3251712,-2.1540308478404464,1.7351397846979113,2.3876249598983366,2.2710158752637195,-0.5061569011584174,0.7736081625971508,0.34968027608975666,-0.21919802319364184,0.16514963196982183,0.2812550995530997,-0.5370340182575437,-0.6071588623899928,0.8253951133309617,-0.7838683238860427,-0.7811768103629895,-0.8631510257921153,-0.6189384000576147,0.699496428467662,0.3814138633308479,0.9289966795325427,1.1794670587246696,-1.612333664376671,-0.7865876577937999,-0.38655036477684324,0.6098301453493148,-0.6197977755959105,-0.5145043901803537,-0.6973930137442325,0.49928419968171206,-0.4734997114572006,-0.49941622272425573,-0.4265612648994369
186479.3252218,-1.8430969388586536,1.1426699469101111,2.190515994942878,2.390715102178618,-0.729028794075992,0.9239795099357823,0.6443163465312677,-0.027248412921355637,0.3311538388972063,0.13000652235332733,-0.7291765346363673,-0.6072670109318289,0.819193481618418,-0.7154757135380356,-0.8167844737372119,-0.8054281077425615,-0.9587692805331736,1.2584808117926143,0.5643561211608995,0.6332153508525237,1.3512745195304379,-1.804698668066043,-0.9048126808674426,-0.4703996838253951,0.6037625449002323,-0.5978105480446356,-0.4933348034490976,-0.666281869129526,0.4255106285215243,-0.3371518613431218,-0.455079969944925,-0.44730536848047475
186479.3252565,-2.2066471319830847,1.860480287964434,2.4408161209751356,2.3903348471993997,-0.6157509325465885,0.935320985720452,0.32961477561313174,-0.026463500992407896,0.3489082667086561,-0.10264404904532051,-0.5713948596720692,-0.5944461006764488,0.7596090646588867,-0.7607415846002104,-0.6913243798756286,-0.8272450882071408,-0.45538548728442824,0.579405916747466,0.23383259848268878,0.6215198728311606,1.1490968119121006,-1.4847170659429534,-0.7861564947309777,-0.5981468716598852,0.5582722444547235,-0.5725284804755523,-0.4887996077159307,-0.6200451398631616,0.4618971640797338,-0.45457601036831596,-0.4665881530763508,-0.34550801863151587
186479.3252837,-1.544392851808264,0.570578515550844,1.9705238275564767,2.4895861083187567,-1.2446799173875216,1.513876512499562,1.0798092195773157,0.10905287842492398,0.2910341586043408,0.17973680614627288,-0.6820123182268485,-0.6031229352071813,0.8212280825609137,-0.6181256068111305,-0.9227370226220801,-0.6978913133557673,-0.6136830181255806,0.8006576203252963,0.3615272369121113,0.27817880894766506,1.628300768954987,-2.0290737812830506,-1.121503265583544,-0.650908137570865,0.5032682496445889,-0.45664013903458095,-0.41684105131597354,-0.5348296988426686,0.15892452755653472,0.0389900726067852,-0.26876662629745757,-0.39006571071486357
186479.3253094,-1.65774797962471,0.6892263145795696,2.04646084300142,2.419395126568856,-0.9725593371677669,1.149179491778905,0.898801832715434,0.11974656100007931,0.31633057955494204,0.32898111025988597,-0.8490145973331253,-0.6790675909999899,0.680126837335424,-0.5576377393306394,-0.6210395505566765,-0.7440406270577803,-0.7772041313907398,0.979172621588405,0.4587677092966612,0.495784681436259,1.663129123877123,-2.116122886209037,-1.176362794917749,-0.5868701474879807,0.5903207713281937,-0.5803766833534897,-0.46922539578730244,-0.543942315533378,0.15760413608753218,0.10757777068640191,-0.28838804641866145,-0.4810056879260648
186479.3253372,-2.044919389840808,1.5603843108752025,2.34373345199807,2.1536512996274153,-0.5087278157401195,0.7946668940883362,0.3274658712200581,-0.25228105682830176,0.214406330640945,0.21456536327623332,-0.5631303906935757,-0.6711642142283469,0.9180751478982273,-0.8870080686316206,-0.8488900375224541,-0.9166598626870148,-0.7681750208192439,0.8540952828142323,0.485837297582581,1.1071407048416504,1.2370797932341595,-1.6843991673028031,-0.8194676777861475,-0.34746573081006155,0.6961405980417559,-0.7185500122926503,-0.5769326893311139,-0.742788720680995,0.2561203565850811,-0.13375460282693183,-0.34861582546741837,-0.33043241923434585
186479.3253585,-1.6866389638318364,0.9248456878144216,2.1222419566171324,2.3400085877995207,-0.7040979959278522,0.8633259478159625,0.6326083616817296,-0.05185323416911702,0.36951821068480584,0.07100527420764532,-0.7734606705992096,-0.6240133761118213,0.8557275972694758,-0.7366634766753152,-0.860311854825348,-0.8289651661729126,-1.1321979472146226,1.4369092295943364,0.671599807510107,0.7489396366782485,1.4203404791516563,-1.8292718751961485,-0.9616923148712924,-0.4913140384694675,0.6695119371444475,-0.6601263393484553,-0.5503094805173842,-0.6975410305797066,0.20783668272392403,-0.07002444821244808,-0.28067580499573536,-0.3952613789747444
186479.3254135,-2.2132939640300755,1.8718151322039152,2.4533114744217577,2.390838572006698,-0.520596124974031,0.7987425754363353,0.26763707289448857,-0.04506598540831708,0.3647487489602018,-0.13606949371809393,-0.5740192846751163,-0.5922535088653783,0.7615877938383834,-0.7693831844998151,-0.6875131907495822,-0.8282669322868126,-0.527001714081724,0.7105911210923549,0.24570382902027416,0.6135879278015715,1.1561817088134334,-1.4892403972694466,-0.7883938058361919,-0.614570297136718,0.5990902158715106,-0.6320241995856615,-0.5099970899759364,-0.6406643602698722,0.37928333560230276,-0.3544315536595875,-0.40672900509969473,-0.2836054158411716
186479.325458,-1.6188453475670563,0.6899865038107215,2.0429318065470374,2.4963711569167355,-1.1459733175829805,1.3952992925177465,0.996953399012975,0.09345905654638786,0.2657858214304828,0.19055411712760678,-0.6468889529887456,-0.5931846252662775,0.7671364035607013,-0.5652389838719611,-0.8741876931264748,-0.6866760871120625,-0.6708379135238612,0.9214971426150342,0.3621461253338341,0.25912604652298327,1.6141838031143037,-2.0244758934144746,-1.100327749943012,-0.6666485313027027,0.5364471600722232,-0.5147501155066607,-0.43083466309296414,-0.5440473265026552,0.2521033904961857,-0.09287206327801166,-0.3497922717426483,-0.35839968980240977
186479.3254904,-1.7890712959632409,0.9032705377482774,2.133848707153514,2.4141609203769607,-0.8939615731948671,1.0820875357271442,0.8229753876644795,0.09311130955098539,0.24667195703229003,0.41977697969140976,-0.7809889695001543,-0.6675403707606667,0.6728172438419967,-0.5682528904805317,-0.6035139043516529,-0.7550715023785053,-0.7110479259602259,0.8915971034526592,0.41848214656191757,0.5263909991707798,1.595624806209575,-2.0868102545726956,-1.1092155425539976,-0.5697402241869539,0.5954121007658423,-0.6023241563605811,-0.46470447129869685,-0.5628359559838649,0.2835546872686308,-0.03934485520568088,-0.4168833536754105,-0.4784751757887345
186479.3255207,-2.0429860512897826,1.506997046811341,2.343280869839929,2.218943502811465,-0.5607455488502331,0.8657491060478516,0.3711553428135353,-0.251197056659059,0.1521996717344877,0.3263397444226236,-0.5336851106104324,-0.6698849084825287,0.9101356768464272,-0.8556355336246267,-0.8568396121851938,-0.9019424635476476,-0.7156973438735926,0.7928899272325685,0.4535880890090554,0.9935483509731289,1.250483028276632,-1.7200485039666422,-0.8158117371045214,-0.3207207891721759,0.7004065574761287,-0.7167884837209627,-0.5772074535610373,-0.746309553261695,0.3062040096799356,-0.19950330320215542,-0.38448038820133434,-0.32243708266148696
186479.3255509,-1.5884755063138585,0.7767209478777811,2.0626294261416085,2.3063695724805853,-0.7359065988391752,0.886046659831528,0.6745835959990923,-0.060461027279911914,0.32910377734569335,0.1474690261079633,-0.7754675372301456,-0.6226965042463575,0.7998150176128351,-0.6352849937448437,-0.843694066974723,-0.8189668276631363,-1.2207822042969303,1.4960380689506765,0.7564085267045269,0.8256871462219691,1.465732767558437,-1.862875352945602,-0.9920203607576563,-0.5119141976144015,0.6952048989219103,-0.6791324933430023,-0.5671546509894613,-0.7167248756238784,0.25530784801108997,-0.12898186273450074,-0.31528493289324094,-0.4012932862748687
186479.3255843,-2.2620488586550183,1.9600690886603884,2.4757302819766527,2.387740615383071,-0.42168698797705567,0.6701999154154676,0.20165561652136382,-0.08604989031036687,0.33229251318687536,-0.0963771018857842,-0.552159577573376,-0.5684744735031116,0.7242928265773233,-0.7247791141656816,-0.6637887297699897,-0.8077312771718083,-0.49340938721033417,0.6617635545346714,0.22800323360518376,0.630826389805755,1.1480106767303855,-1.4788106250991182,-0.7823533974724135,-0.6515805758658894,0.6204187567400542,-0.6655304546721811,-0.5211188307765068,-0.6572178365234247,0.35213046060776987,-0.32653526278776124,-0.3859685965109141,-0.24751295181422556
186479.3256238,-1.7029567273973019,0.810071385925399,2.111336374309286,2.493177552901275,-1.0239218082069332,1.2679197403692155,0.8902006538495776,0.041295919425674614,0.18993794081404314,0.29463236744246324,-0.5990344024313994,-0.5714232917529922,0.7333924467281575,-0.5289112912338958,-0.8461508463317349,-0.6789533831826557,-0.664689925080265,0.9034010107440495,0.3642819928163162,0.29748550436634497,1.616526480926914,-2.045900139618016,-1.0918791617930694,-0.6864392837285359,0.5989233187884797,-0.5975051404263482,-0.4721244435218336,-0.578950797599211,0.25278827342690235,-0.10370793320286874,-0.3566301668971419,-0.31619222042989953
186479.325648,-1.7766089728901615,0.9334679946710983,2.1492542017554817,2.4002841346373542,-0.7371670455254357,0.8820574329962255,0.7077227057158244,0.022235362057680404,0.20401898123456752,0.42191718000403144,-0.7292920317573367,-0.6471635705280683,0.6910618456879987,-0.6092525436356108,-0.6126330232980257,-0.7582851872952459,-0.935391665510013,1.1974003860838722,0.5598504209738141,0.5993003198153135,1.532932439554647,-1.9741433083040363,-1.0781607658218526,-0.5717350744636552,0.6425572846561972,-0.6580152142609673,-0.5027816467867727,-0.6018494667694432,0.3785971327921924,-0.19343192755461414,-0.4939598607811327,-0.44278651745393566
186479.325664,-1.850361801566902,1.2816379318102284,2.245323639909613,2.0004765655812817,-0.49125893705118784,0.7563713508477476,0.3311198394574159,-0.28861226837502185,0.15572867114832928,0.30669718241417465,-0.5435753913258955,-0.6799499593054545,0.9289886931164334,-0.8597788973580011,-0.8902017833538591,-0.9126789491894911,-1.0897817346810197,1.2124436664680835,0.7162094419991677,1.3367401537426213,1.2587113925555933,-1.6844859940037988,-0.8387586291176442,-0.33610330005029204,0.7485992310882782,-0.762901889837671,-0.6199596810096611,-0.7750931232547356,0.33937448539047266,-0.24998335034076452,-0.4001574365591375,-0.3447791191489091
186479.3402325,-1.5139615016940047,0.6948902656318643,2.0422074747283667,2.2960924503372815,-0.7502615869361916,0.8617683743088379,0.7067586117689444,-0.035513307084827715,0.2709887008449921,0.19912285363167084,-0.7392319138240748,-0.6098674464781217,0.745842891904543,-0.5627067305134464,-0.8127033136426757,-0.8167009473288631,-1.2963327646491378,1.5845047726869212,0.7850714619381066,0.8328351602339343,1.4911863157066463,-1.8389273308229839,-1.0119725514302185,-0.5745795487575888,0.6955000269883336,-0.6759065090214142,-0.5622946276214787,-0.729818456557524,0.35703791783481836,-0.2627456959014501,-0.4078351419169688,-0.36244790436429036
186479.4585703,-2.2924563652576415,2.006460197138253,2.488645133460895,2.404382801742308,-0.423760460931185,0.6754884489020665,0.20171379160096467,-0.08591842259353602,0.25588112386789924,0.013342405303856842,-0.511987224154287,-0.5286171788448565,0.684081789869939,-0.6702355149476924,-0.6400220493663759,-0.787732867452474,-0.42063594768824436,0.5549291595006621,0.19497357765564402,0.5951347628278528,1.1282799285932659,-1.4525779480732819,-0.7664195739561559,-0.6706752631463582,0.6074966651118006,-0.6502687036087078,-0.5092666104118122,-0.6612034984672379,0.46111326643416317,-0.47713804421515554,-0.4576370448288734,-0.2653703340656974
186479.4586635,-1.7250015839136288,0.8401204562413146,2.11345619897127,2.484837858759878,-1.0422875417540365,1.2821117203940058,0.9162797853799959,0.056686728612358954,0.07320018076459064,0.47811441743702565,-0.5411855737230187,-0.555250695290238,0.6937728145763259,-0.4643667803795331,-0.8249033833387454,-0.6824148421507366,-0.588535901996205,0.7692379530869878,0.341905884649817,0.31751727276855035,1.616448115865376,-2.05070284455895,-1.0870346329844531,-0.7024947486528995,0.5843434975901789,-0.5754974544511664,-0.4608388912547487,-0.5857070040258678,0.3880604188673995,-0.2790174677696853,-0.45767938770011746,-0.3331745700210455
186479.4587142,-1.8578475003534172,1.0331126393414358,2.1995980396949326,2.4121748541575125,-0.7369590391069282,0.8950266104773518,0.6985791203301701,0.026728711300076487,0.10083600258985642,0.5807563186304892,-0.650575833849094,-0.6466780962891031,0.693141726038221,-0.6095568083491449,-0.6186035736999513,-0.7536022489247918,-0.7821817946304559,0.9943336799836134,0.45682579176612736,0.5687026317428205,1.5216253662966683,-1.9854401987793187,-1.0684772825624365,-0.5472848111827268,0.6408272193848717,-0.653682005243388,-0.5069175718826643,-0.6000286883578732,0.42055801978118273,-0.25455023606103605,-0.5104286897970839,-0.46001235244591565
186479.4587578,-1.8848123490282747,1.2813222092725225,2.268408548219898,2.0747759173632065,-0.5717492550782491,0.8581799562644369,0.39204337331799116,-0.27433420338906017,0.08446525356227065,0.41215368908560135,-0.479986711518289,-0.7194704776997778,0.9308691027071114,-0.8408532875081589,-0.8970520486560557,-0.9348977040904339,-0.9545877692580406,1.0530566856868633,0.6196286624097661,1.1986783621441004,1.2768754752349556,-1.724218968377777,-0.8336215762093674,-0.308170133947949,0.7585575595952989,-0.7673582700518794,-0.6208512464145662,-0.8005360146734795,0.36038198226491974,-0.27228201437161,-0.4485690011493755,-0.23604574570660586
186479.4587974,-1.5826439925825269,0.7568305525262985,2.080142222457777,2.308434970120561,-0.8008068936330488,0.9413872111930296,0.7280654286059922,-0.03658647848479986,0.2398301155499896,0.2650879029732766,-0.7187284012659211,-0.6263550072124999,0.7426066947780191,-0.5438687812613304,-0.8155441358927975,-0.8268594964541609,-1.1389352677408404,1.3909365630319712,0.6847368730122856,0.7869076271032078,1.5302961032237372,-1.923785139524285,-1.0123104282393751,-0.5703081881086708,0.7242389988673669,-0.7137193618967882,-0.5727027000029127,-0.755779503618661,0.28541424153729683,-0.17286894704217123,-0.3736588586750486,-0.27945392334497765
186479.4588392,-2.302559267720244,2.012053408377123,2.4948564959014004,2.409859113482448,-0.43371698871458836,0.6961452847878774,0.20503540422997404,-0.08890049356657105,0.22398212133134707,0.06717766531141382,-0.4984421409490677,-0.5194992448792813,0.6808783206550537,-0.661615581054209,-0.6410051255096236,-0.7858365713696114,-0.33433407020380274,0.4295542540973589,0.15205862224290712,0.5498940102067412,1.15909323657631,-1.4965255707804768,-0.7817218910104117,-0.7052728962991015,0.6344616702701645,-0.6858525398540841,-0.5242612818917919,-0.6825641239456699,0.37219497780575983,-0.36093692088500445,-0.4065200830133857,-0.1776797936289524
186479.4588792,-1.7062687556690392,0.7796116887789464,2.110583876121744,2.47837431465253,-0.97600349655584,1.1706032392304042,0.8891716011121412,0.0411369760639478,0.0026022947881977334,0.5961746994120076,-0.5169024976518088,-0.5516709300753775,0.7001513676174262,-0.44590956199929105,-0.8490102073232982,-0.6883322932348199,-0.5780245547428923,0.7374892968413601,0.3379482778806942,0.33533377638358197,1.6890272620112177,-2.1240744301413286,-1.1369835267032575,-0.7214446268049874,0.6364459747977848,-0.637329728811875,-0.49293740423188803,-0.5980524321692063,0.23206990775314676,-0.07656520331022423,-0.3418701192043287,-0.2953447848156677
186479.458921,-1.8146487345079139,0.9918828967318588,2.1886503718399517,2.390251277821523,-0.6228350300807515,0.7287710495672394,0.6270662200996656,-0.007240746888204912,0.11526961669311662,0.5374290882647778,-0.663711186384209,-0.6421819261579337,0.738823194972293,-0.6641333252054493,-0.6511809641255981,-0.7901611015943405,-0.9571041810772922,1.224829860419249,0.566850599390829,0.6268395023185489,1.4996409883708035,-1.9297389307475883,-1.0578401605791656,-0.5490138931435173,0.6837052312084231,-0.7051549499663029,-0.5350808985069074,-0.6296830107469297,0.35714891442132723,-0.1838856890637802,-0.474753981734566,-0.3988101016091444
186479.4589612,-1.8334438892798048,1.2330068708972106,2.238360297356967,2.0394332017955725,-0.5984291217356086,0.8968618767985808,0.4023227921852866,-0.25564571000848735,0.1403506141655878,0.3210694046658064,-0.5098474296020657,-0.722525955323368,0.9307738171997914,-0.8443582857479798,-0.9020780942083882,-0.9243127501754553,-1.0416667229327892,1.1576143094149869,0.6812124558612378,1.2587497484227586,1.2602724659160431,-1.684550754178004,-0.833755555328229,-0.3366252725505177,0.7564447143521353,-0.7619807316798232,-0.6271935278745968,-0.794464998313306,0.3856981223146392,-0.3176626901707796,-0.44902093839021257,-0.2646082638471969
186479.4590061,-1.509253098511229,0.681618721971626,2.0165971249260957,2.280698347678159,-0.9398862456241022,1.0980996528051392,0.8397117268816497,0.029444032533318964,0.2588880754278967,0.2399663839539065,-0.7316235535022985,-0.645902150233218,0.7089806827744036,-0.49057001461526906,-0.8064401462320352,-0.8235329501418336,-1.144788012403809,1.3722630048268512,0.7035378195719586,0.8329474211791246,1.52111823659397,-1.896387415921387,-1.02000424034004,-0.5757997933259038,0.6834384999956088,-0.6556886639007462,-0.5530769640625423,-0.7414923527605608,0.421501861747259,-0.3493016691201213,-0.4487017672427866,-0.35636255492908564
186479.4590662,-2.3474965098027223,2.09389786680406,2.5133064806367127,2.4246985285512737,-0.40074543896511233,0.6502034021913454,0.18261775308306163,-0.09557321233873296,0.19002282571973367,0.10723066298637937,-0.4740071353558732,-0.5010555088456141,0.6329309627572848,-0.6001831936968568,-0.609883381554411,-0.7692426463902827,-0.27062683041986674,0.3402233151526539,0.11559368947570031,0.5350417010578079,1.0991691303969926,-1.4152032080548986,-0.747236583565087,-0.6774971493318707,0.6158842332213215,-0.6618081549788165,-0.5124809636567915,-0.6859701486215283,0.48086162709237007,-0.5143606904038677,-0.46790985906331084,-0.23040156408105272
186479.4591111,-1.785884409901526,0.8967871631787343,2.1646045366036697,2.4736752426527855,-0.9083479435167494,1.1003308044128879,0.8321358641382897,-0.00489143355661582,-0.06665358754436318,0.7045934450261259,-0.47241631906988873,-0.558389978513337,0.6920688779779257,-0.4393588824009122,-0.8235298925026202,-0.7224781009719591,-0.5631775892681352,0.7153941485706184,0.3327871968092302,0.3441594869404218,1.6240285638198053,-2.072376122887539,-1.0706316039447676,-0.6942015265874761,0.6444879631863171,-0.6516541828457143,-0.48486238829669254,-0.6377463753296532,0.36347812524672585,-0.25371637305419903,-0.4780873937372213,-0.2001273146341666
186479.4591545,-1.973748293175339,1.2189299857613431,2.276283286782957,2.4063845851983685,-0.6220232709289766,0.7773495035961732,0.6005984827789264,-0.06225697657870592,0.06401021173573745,0.6381955666069695,-0.6079804609033129,-0.6697788606392995,0.7601644840578607,-0.7097301349742529,-0.6440427404491772,-0.8239171172152425,-0.7122957341371452,0.907993857764613,0.407097548134497,0.5720110373279739,1.4196609095348633,-1.9018084149320453,-0.9731932221396026,-0.480349072069944,0.6843664893932124,-0.7147473807895415,-0.5238283379172809,-0.6663569732329451,0.3798652035197824,-0.21618298303326086,-0.5349345562870073,-0.2757366227902061
186479.4591953,-1.9706555125789995,1.3738178988973357,2.317069711825882,2.1722449883126056,-0.6614265659866277,0.9988310611255423,0.42619374276241656,-0.2365045369136696,0.10559343846140214,0.3928254130033845,-0.4942261210076409,-0.7295175700090372,0.9418355877491277,-0.8578304370319121,-0.8971545933832583,-0.947863648701694,-0.7390456449981851,0.8089370485662514,0.4664783783009484,1.0121831136487065,1.2462444135759052,-1.7070696143035688,-0.799659848445715,-0.2738465422435901,0.7635159643168142,-0.7756372166508416,-0.6199556340372496,-0.8134416072242341,0.31393831946055983,-0.23387415360619387,-0.39874563601538426,-0.18325419686908795
186479.4592422,-1.6314364479051153,0.7982886679224215,2.086958453333731,2.3451426175308434,-1.078646973341011,1.3052370026110625,0.9023119724330826,0.05255972440605124,0.20642652402184958,0.3395184336907722,-0.7056786253610455,-0.6349058461084088,0.6971334398975376,-0.46942175727726876,-0.788623304654259,-0.8276080502148223,-0.7855553472577897,0.9347112150135011,0.4695390631934188,0.6579970369457305,1.5617735760550433,-1.9851723530797085,-1.0144820480295564,-0.5893387886223148,0.6873887052405304,-0.6649944448805971,-0.5443434347913667,-0.7522917352881807,0.3429165232889489,-0.2581667640001808,-0.40568207612400425,-0.2515549586488971
186479.4592863,-2.3709448860814186,2.124383942389717,2.524165334713804,2.4256524167800526,-0.3990170858818928,0.6560294794685908,0.18133864806343095,-0.11939069119356663,0.14973285406644268,0.17129968646392293,-0.45063396103188963,-0.4998918086191559,0.6181076110407643,-0.5759114057875114,-0.601959045447602,-0.7681538742845422,-0.1581924320149241,0.16853257740592587,0.05960245182402131,0.5136807340368496,1.1008007202491736,-1.418429365881935,-0.7477924902956351,-0.6916750490215663,0.6215650088726539,-0.6664527567681009,-0.5154564941287161,-0.7037265071892684,0.43794820974920307,-0.4594521572906091,-0.44926444369741453,-0.1564952205088037
186479.4593273,-1.839097321653046,0.9673751586198527,2.191730516545732,2.4639546449098173,-0.9013958054740012,1.0871016832060458,0.8316319419091373,0.00776279053968036,-0.15558571729826934,0.8507147903922491,-0.4236377134931848,-0.5571276730521304,0.6738483834701057,-0.40138838811605465,-0.8166567376780768,-0.7328165881496318,-0.3888554234472677,0.44979904507919494,0.2413041669063723,0.3443079136329729,1.6288619562466384,-2.082388712818227,-1.0697831313262496,-0.7206376044949621,0.6327917944297714,-0.6348534444931238,-0.4737769131847502,-0.6468730801039255,0.3494321337260617,-0.2363601318699351,-0.4808121296789813,-0.15857040328182004
186479.4593658,-2.1110520167791837,1.4497290582933327,2.349261189932079,2.444921851529545,-0.6092181425220864,0.7848999508846899,0.5704069916042667,-0.05928517192830963,0.020179968328569046,0.6916869887672874,-0.5472765220344824,-0.6712022584479973,0.7471838322244428,-0.7051792513178825,-0.6325448930805572,-0.8345061411292144,-0.47664616485849476,0.6292855458265736,0.24208431919806583,0.44012916324372897,1.3227994449183873,-1.8200125269322514,-0.9001234497547875,-0.41956142641815597,0.6633324406667996,-0.6984956611760356,-0.5092638971998096,-0.6701768922918947,0.44342063802157017,-0.3319141043457134,-0.5725437386647761,-0.23031912455770187
186479.4594,-1.9182389950340586,1.2043569958507196,2.2883543724507036,2.2789749546410407,-0.8613470998707815,1.2345486675581576,0.5832302084966886,-0.17171811120017696,0.03643581034000772,0.5091532066555707,-0.4517622397271449,-0.7432719393978535,0.9543517343420075,-0.8228383033494843,-0.9388754801710779,-0.9292001810143409,-0.5632903818128231,0.5941512656255348,0.34843356629277317,0.7981073871859274,1.3078380308073723,-1.7823091233204964,-0.8326712859242631,-0.256672255922597,0.7381800605293294,-0.7139179421989448,-0.6128939190958627,-0.7894081545829458,0.30607084069894996,-0.2231447668210532,-0.3838152223218173,-0.18681169970905423
186479.4594336,-1.5700998885888668,0.6930370245593014,2.0337746485981536,2.3424627785370755,-1.1859551356653664,1.4069358798878753,1.0051976106498681,0.10108895950509474,0.19783674432525908,0.37931754694253483,-0.7211020957551504,-0.650156386220906,0.6619241702717704,-0.39164998307277105,-0.7907096282645109,-0.819383133420974,-0.7001139828386966,0.8024814519801092,0.42430957780749784,0.6434607212443813,1.621675463271309,-2.0410626086471932,-1.0569123966988547,-0.6221909818464407,0.6546550247319025,-0.6150495908386476,-0.5211344858709651,-0.7343905323529952,0.32007760449268663,-0.23400972081120916,-0.37342323046603937,-0.2608914254452349
186479.45947,-2.415849228665894,2.2077699389036423,2.5452549432758116,2.439354956389292,-0.3342335624063796,0.5663416471534282,0.13655755411041645,-0.13192602333001902,0.15089344277278882,0.15703291729703844,-0.44434363975635055,-0.48591523559115873,0.5747209974652899,-0.5263848245443603,-0.5686207914611121,-0.7481417980688805,-0.07165404062760171,0.05722664883988836,0.00408274463124977,0.4572632554581219,1.0707795977802097,-1.369732073354914,-0.7326536351241552,-0.7191375689828311,0.6164023065982888,-0.6629992684396254,-0.511368625788408,-0.7064151038661627,0.4089404870832967,-0.42925498585509864,-0.42890854988745186,-0.10508248200836089
186479.4595015,-1.8822774678762053,1.0457299518787733,2.2305418639893464,2.4558373638764106,-0.8202699158235055,1.0142087698208935,0.755213674240356,-0.058522879373415514,-0.15175281851647468,0.8357554122530728,-0.42695368461499733,-0.535768377450044,0.6784677140107143,-0.4273045741890459,-0.8050706046271316,-0.7320155777632145,-0.3971686236749754,0.46072507209426095,0.24484758506049314,0.36337711671157624,1.6173734725572866,-2.072235426820997,-1.0585329594412873,-0.7408212774811669,0.665682769138014,-0.6766379994594913,-0.498498213194913,-0.6750977841574691,0.28994487018513887,-0.18024120557747006,-0.4415476614118665,-0.07698858436267762
186479.4595359,-2.1192547742053964,1.5188151904493203,2.3677804044929402,2.3948825726304395,-0.4952226520355505,0.6697188508152101,0.4668743194465154,-0.1612420845422167,0.06715863582075994,0.5722091235351464,-0.5522996158745583,-0.6581832499487552,0.7842381430950209,-0.7606559419123919,-0.661476584948423,-0.8689021035992806,-0.5820444415958267,0.7480176914500796,0.31320896781978425,0.5725084876266009,1.3011203435578322,-1.780098001166872,-0.8856633936796116,-0.44510426840976286,0.7054569241173916,-0.7503287113454077,-0.5461453512679173,-0.7142291657852426,0.3385478212457678,-0.21767820182508316,-0.5022787459887299,-0.11973018797178125
186479.4595708,-1.7618022113160046,1.027903614425689,2.2002041238724774,2.1621833739251883,-0.8411685792650205,1.171451147920168,0.6114623405382972,-0.18867826908325228,0.1419240936574464,0.36157553030418904,-0.5291296478146694,-0.7697686083320967,0.9801231528831881,-0.8519086659031833,-0.9641500223133337,-0.945091104261865,-0.8146832043036836,0.8852491882127744,0.523375513211785,0.9734760929672186,1.392993539696428,-1.8375354424636745,-0.8999737526211825,-0.42290038043745226,0.7645233975023121,-0.7444990074952745,-0.6262883657938367,-0.8227629343066815,0.13808981114533891,-0.012236365000686042,-0.3155001890795381,0.013541829528941791
186479.476672,-1.4718874493455756,0.5743547040223625,1.9729131756961262,2.3040428460961966,-1.1801492883227827,1.3327259433181993,1.0585979291816998,0.14170727235003291,0.21092104147767246,0.36570266287289854,-0.7387879026190168,-0.6785601588006549,0.6438437727869575,-0.36687451304449353,-0.7702303730309018,-0.8476538423536251,-0.7814104929492915,0.917664641912987,0.46576885597719464,0.6279590761994893,1.6995660367031944,-2.0926889722926902,-1.1130509899615404,-0.7312262739421016,0.6589011041680357,-0.6272353829902582,-0.5050650352666484,-0.7473782859174074,0.22021527548178507,-0.10364908379900685,-0.3701456599769135,-0.06889063363193071
186479.555374,-2.4233332715024707,2.2202669663160393,2.5505507001741523,2.4337713699565566,-0.3151320949311631,0.5402145036346588,0.1257198180701494,-0.14212743916636464,0.14245490790110557,0.16221293165816342,-0.42798918349497955,-0.4981941027123856,0.5532891016637604,-0.4999633428211765,-0.5519514853633237,-0.7366209771139279,-0.027617080642249506,0.0010599635059988163,-0.025006711513411092,0.41664146285232734,1.0850698555933143,-1.3809983638588355,-0.7447728761114603,-0.7593785326665105,0.6308533259194372,-0.6817718888271226,-0.5202874251915878,-0.7179748874141686,0.3544152559982636,-0.3610207696077244,-0.406262836569539,0.003883106264473703
186479.5554128,-1.9275015419277908,1.1275937731663523,2.2783136780877005,2.450573962125039,-0.7635879240831678,0.978078274747135,0.6741898298204417,-0.1075448713371792,-0.1872168035555916,0.8612407156980255,-0.40006232548405074,-0.5081691549553231,0.6819642533814108,-0.44689770119711353,-0.8019523856206116,-0.7266879823809994,-0.30669678994844274,0.3237546293344609,0.18603010740141762,0.3960470278930731,1.6037429371999048,-2.0509799992530313,-1.0511913774568695,-0.7374486649847881,0.7056997398821337,-0.7164325626639253,-0.5428247258857003,-0.7013143186880573,0.19359612905154053,-0.07635712983190303,-0.34250280086232837,-0.0654559976717636
186479.5554373,-2.1243290693221595,1.5605055859409154,2.385868523167982,2.3537583249065532,-0.39237424075134875,0.5580667713739125,0.3709301913401341,-0.24754157313778274,0.08536804324730957,0.5158499728351956,-0.5740804970861891,-0.6071949290315038,0.8202216343546287,-0.8122174533942217,-0.6848510553312538,-0.905288741986617,-0.6399531480876807,0.8119269987845195,0.35311672142058653,0.6464852016926927,1.2800076932388347,-1.7401640636495457,-0.8630915835043463,-0.45904132324909785,0.7441601935498537,-0.7938266402950512,-0.5772188931917529,-0.7624290072742279,0.2268988937705602,-0.10014117159572476,-0.41067340681516107,-0.01874795192001773
186479.5554615,-1.592606929462277,0.7953820893120314,2.0944773592033044,2.093956134638016,-0.8050915143740357,1.0529688470408818,0.6725163159220718,-0.2075855356649049,0.15521478325443713,0.38325562338390695,-0.5988443775726734,-0.7524453120721479,1.0033223398300641,-0.853925258165577,-0.9962307081689865,-0.9595034835818174,-1.0099085566928798,1.1076724279732393,0.6641130243438876,1.0322616888255616,1.4775071669306914,-1.8966668783538112,-0.9629544972536085,-0.5277100900644394,0.7626674427078066,-0.7330866080241761,-0.6102292108563373,-0.844902616495164,0.008895267806189471,0.14439975683350578,-0.26284790561765836,0.16592921441489586
186479.5554888,-1.5372942037130424,0.6455573347826137,2.0174235762924235,2.3203506376201077,-1.1589208486822393,1.3047122179107247,1.0425779555306316,0.14084004113712809,0.16522882000789074,0.44736761448054396,-0.7333315252168736,-0.6543876948664471,0.6235318850364636,-0.3432706764471672,-0.7464965846933868,-0.8499218948324995,-0.6605584394106466,0.7885062823201464,0.3743594452406909,0.5441137811373179,1.7209210090016915,-2.124036229511865,-1.1152913675608271,-0.7650322409450389,0.6693584313054345,-0.6521418328711013,-0.4964909895168298,-0.7509903787899075,0.1777333464544444,-0.06669471066389569,-0.3427505100758284,0.015027749539339672
186479.5555124,-2.458000525646273,2.273205882567813,2.5691107102890607,2.4550633726794184,-0.24088500959503262,0.4392184912169581,0.08006662643253977,-0.18393442689570177,0.0995884186772747,0.2157690945469955,-0.39580927339419464,-0.4824374713536431,0.5008934290194689,-0.4336035198042902,-0.5135607228300775,-0.7141782441141067,0.06969123093886863,-0.12073887494088777,-0.08923504197538999,0.324786671109858,1.0600647291659162,-1.3440434489841793,-0.7322462197480456,-0.7512809688040896,0.6286541101636239,-0.6788722198680038,-0.5184971954076854,-0.7216033170320288,0.3399936172761554,-0.350935404734405,-0.39982888336620853,0.07358438441029333
186479.5555367,-1.9371580084320381,1.1172572595195984,2.300055703228554,2.435410008987009,-0.6960655870934578,0.8868516761448464,0.6317065292538945,-0.1629655605311189,-0.30524726359368604,1.0212774065694472,-0.3311006271713074,-0.4979776297274595,0.6721956673496949,-0.4205369145879301,-0.797871388808755,-0.7410640685119677,-0.2791529897722134,0.27789622733650515,0.1751411951678244,0.3867813234176373,1.6000853147941703,-2.029012062849604,-1.037850337219637,-0.7384370045244243,0.7304045002499205,-0.7325011326063335,-0.5560064332805114,-0.7394861948797871,0.21493836649761544,-0.12123245952652993,-0.3840746411700625,0.05773912577011077
186479.5555615,-2.188301398841857,1.6777948688157245,2.4234956191514234,2.3458684761384023,-0.3410118256910696,0.5176018863576982,0.3107131550620755,-0.3017654793527165,0.05709894157852187,0.546852160035709,-0.5513264239653969,-0.5905269249169847,0.8286775834704941,-0.8292078841827197,-0.6864312848388288,-0.9297307799484291,-0.573671925015776,0.7235699881565568,0.309479307085537,0.6371151569453105,1.1997290914831493,-1.6517786518706177,-0.799938630573283,-0.39988943581236225,0.7526653960899764,-0.8035319393634828,-0.5845085633850511,-0.7911907684903322,0.26481413692656186,-0.18130042794886703,-0.42148317853647604,0.03011975543711282
186479.555587,-1.7234037422878086,0.9427118664287306,2.159979458946433,2.178479447741772,-0.8921590769684916,1.1890126316545162,0.7150319163262254,-0.1802355600069211,0.16236398405062882,0.39514737410385303,-0.6020769855698191,-0.7577122250808476,0.9811179329268566,-0.8273314184265123,-0.9740183040452757,-0.9557804678568401,-0.7845549842637737,0.8679831769436772,0.49591224435288594,0.8579575406056608,1.4332458787380973,-1.8862981148960623,-0.9130280863261093,-0.4817931625213273,0.7554037731347424,-0.7364505403806572,-0.5886747255397063,-0.8536584313796818,0.06798623466975016,0.055225024572457836,-0.2931255181446343,0.19274285849818484
186479.5556123,-1.552067110670985,0.6394694900437383,2.0044609171342405,2.328518204755485,-1.2690124196686747,1.4213504279574654,1.1342843662519966,0.19213269327332622,0.12957556865631922,0.5324734521205641,-0.7235322426090908,-0.680432482105563,0.5883864715643502,-0.27355651708855483,-0.7255018726642043,-0.8703024812228205,-0.48588217141860607,0.5671855761158591,0.2721233353756024,0.44383363589275965,1.7070277807293426,-2.1176031535958106,-1.0918369064701927,-0.7499882092932965,0.6394099395008772,-0.6198318292149693,-0.4582010120702242,-0.7447444862594965,0.24256194130737152,-0.14948744633829178,-0.41179658494812754,0.0809831249596063
186479.555637,-2.4769695063761623,2.304906331570759,2.576489043748491,2.488243383286255,-0.252667222518285,0.44972750625103575,0.09168629021452306,-0.1716647186407723,0.09938854360031282,0.20700983179280558,-0.38894446464674154,-0.476975657133596,0.47259772980113296,-0.3970747363210958,-0.496836011955748,-0.6928352966087759,0.14984461448742553,-0.21015059435767072,-0.14608502079038055,0.20567242271273398,1.0098672788759264,-1.2762219977953502,-0.7039064263728982,-0.7097493186175332,0.6158637334727586,-0.6625303809792242,-0.5089852428972681,-0.7207691058427712,0.3820748286568903,-0.4156659601612609,-0.42341816729997833,0.07807829084446086
186479.5556616,-1.960240405323875,1.1379328836550802,2.3286882974154053,2.44450561170518,-0.6971470332924222,0.8869637383528437,0.6210260366801543,-0.18110332110930946,-0.4051283757498466,1.1487802567264487,-0.2916099431840677,-0.4596973717557662,0.6788356022358338,-0.4319761577609362,-0.7910458948653715,-0.7615444697227113,-0.14171904260849535,0.10813132330357929,0.08612942710773351,0.31202071940342324,1.5618951720233754,-1.9645450381748797,-1.004309126423412,-0.7125727037862783,0.7294675207632433,-0.7156897155697826,-0.559606655645059,-0.7620381555490859,0.2340365619521817,-0.16959729053235378,-0.38927214108538294,0.12042969081454746
186479.5556887,-2.243374578697104,1.7679133720473958,2.4531442095629816,2.3517005311981647,-0.3249355969212776,0.5082462975184219,0.2896434477810558,-0.3239522560709769,0.01698803040354368,0.6084108627476512,-0.5302884241234026,-0.5774603781789924,0.8457455192554633,-0.8612856362077776,-0.6878790451825414,-0.9477129868687552,-0.45843376658970286,0.5696657971689865,0.2356000183821555,0.5836084718660729,1.1400013346969267,-1.5814354791408727,-0.7553924871068284,-0.36152233558907027,0.7487020619183927,-0.7948531583867617,-0.5825456751084157,-0.8090267789749509,0.27530699593375935,-0.21666205574704295,-0.42228204420500515,0.08436573261850884
186479.5557137,-1.69770633996074,0.9076887407342594,2.1247338532277587,2.2129620367598726,-1.0030708966596293,1.2970568808722338,0.826223391802933,-0.10913652959777899,0.17883269334785956,0.38434165027284944,-0.6275933659023555,-0.7493709950858939,0.9701386287146555,-0.8078149326243411,-0.9713710213074501,-0.9523124423286473,-0.7168779299688416,0.8034115707446888,0.44355382502535035,0.7668503755126511,1.4537483394592126,-1.8929931493388974,-0.9331227769564304,-0.5462439429609053,0.7067449891643685,-0.6815162448530138,-0.545405333949316,-0.8319905078462647,0.10819051590310992,-0.010174515807777722,-0.3170185719404898,0.20924200554696687
186479.5557392,-1.5851650055666637,0.7303061888247862,2.0195414786692303,2.3198558942383998,-1.3062200722301773,1.4856970012975153,1.1475580237369183,0.22180818510857717,0.14675216281946432,0.4857595933579961,-0.7162447950190228,-0.6817071908405012,0.597077908385794,-0.3067637778190748,-0.720454624735081,-0.8755992196341598,-0.39918241954128947,0.47693983385601274,0.2030833014783007,0.40930944551539394,1.670736909264527,-2.0715910629700667,-1.079765866899842,-0.7827879066909891,0.6232108483431447,-0.6123665766143704,-0.4486230771562317,-0.736016681309952,0.2527896685252005,-0.18798119993279994,-0.4050944400742714,0.12513747361323088
186479.5557749,-2.4861969049461212,2.320294262470903,2.581753505314079,2.5083047984728704,-0.25301490722787523,0.4425348817137789,0.09570835478959364,-0.15595097946006867,0.08608140166323192,0.21385965757963832,-0.37250484970267184,-0.46617376810108463,0.4328451895775043,-0.3489339361521831,-0.4678319468320964,-0.6665387378593134,0.23964922095580332,-0.31201318486246327,-0.21166506939839594,0.09177480584909023,0.9966298376564753,-1.249524660890502,-0.7026095393739685,-0.7082676529409503,0.6042674890317755,-0.6467595034408933,-0.5030990063929608,-0.7081051294963722,0.3797386732892029,-0.4194575164182796,-0.4197514484035794,0.10495666353582746
186479.5558,-2.0369834824823685,1.277473415630366,2.3767595414180174,2.4419587575054806,-0.6404660109712079,0.8548368045747391,0.5431079494547086,-0.22091796309290604,-0.41536524282859727,1.1404917036799436,-0.24868130376877295,-0.47012346672083316,0.6850300108589306,-0.4588532273732364,-0.7786986905585672,-0.7783891505350288,-0.07663435719890947,0.03799777882457319,0.0329881005516841,0.28610795423056634,1.4728770701914573,-1.8785115392270413,-0.9435826424646451,-0.6568396417957983,0.7422650548740295,-0.7337102592902357,-0.5756237791118699,-0.7839879635034387,0.26927695755666964,-0.23972467681910817,-0.4062691755205552,0.18219147391195772
186479.5558251,-2.359092448367683,1.9888973626180555,2.5089859424519947,2.3725143046394392,-0.29757489516178254,0.5107640355544196,0.2297455243446703,-0.35909387853090335,0.039062820656282395,0.5504027280725701,-0.5152385449258267,-0.5879267290537399,0.8613570235258036,-0.9031042901652386,-0.6881948778126151,-0.9803586823266464,-0.23691830523234222,0.2915021494753782,0.08807825927519981,0.4496015149938201,0.9472895886807471,-1.3669951001398861,-0.6248426502533408,-0.1554031120941338,0.7490506885597779,-0.7976467000511023,-0.5898282451954715,-0.836500659587581,0.296825527339191,-0.273820185364196,-0.408705407884612,0.09716724195974608
186479.5558499,-1.6532205040495596,0.76427036568705,2.07587762512259,2.2333652270946738,-1.2088823664624069,1.4891297037060078,1.0125199809910017,-0.03277115138083356,0.14694272417659948,0.5181137555543438,-0.6617813459661493,-0.8048638272957318,1.0118946276294005,-0.7862632769146162,-1.0174985754498818,-1.0199920026905755,-0.4825868451125676,0.5284074324781541,0.2783842737670224,0.5561916282028745,1.4285223599027541,-1.8973475309742498,-0.8756784373475457,-0.4008945373710792,0.6945779046694724,-0.6564872332441721,-0.5019279791426899,-0.8620709040790306,0.06275209924629999,0.040176783707482656,-0.3098955419743475,0.33103556751970425
186479.5558759,-1.6096670970794968,0.7314929934620504,2.0196798398663556,2.305124671137604,-1.413853479884847,1.5663872441799263,1.2384154303077597,0.307975362279968,0.04716534893997275,0.6752963412915644,-0.689142981841816,-0.7141500110712318,0.5594842668373341,-0.22369216650813065,-0.6934413230132885,-0.9332946803885227,-0.07465217265706464,0.06891674714861579,0.010655849692097846,0.22169511059790661,1.6367485035615241,-2.0343093796904346,-1.031241224173671,-0.7322341397696843,0.5772280871917721,-0.5574567993355427,-0.3926723080222497,-0.7382543681458941,0.27754654309080556,-0.22663498054805026,-0.4622532828151875,0.283138055359854
186479.5559006,-2.4977770889846593,2.3340465638320254,2.5894877368532647,2.533145151812801,-0.24256249833493548,0.42151622879763373,0.09239918620034829,-0.15338316764561852,0.04266671637508938,0.2612195487773536,-0.33630729569835344,-0.4491161142147819,0.38953373877993985,-0.29294867746522746,-0.44028619972481425,-0.6390741466214209,0.3805028141043566,-0.4737488242258278,-0.30905074905882973,-0.0931531317126316,0.9525296936511372,-1.189546404520123,-0.6775119948398813,-0.6514114342103082,0.5905202789925192,-0.626878335195957,-0.49467265702280017,-0.7018173755325842,0.3845863454165521,-0.43366009999987865,-0.42405802670893344,0.1548102181245451
186479.5559255,-2.029346056950145,1.2273167074335352,2.39582639937221,2.460448602465102,-0.6428871575494858,0.840777635470929,0.5440189443276274,-0.23631496760590776,-0.5733682790755088,1.3311050468994363,-0.1769446392373111,-0.42136842729396884,0.6804354553835466,-0.4389077266780193,-0.781874707573756,-0.7873246200324931,0.14401751083965747,-0.22040920614771528,-0.10698878383915306,0.1260398439017077,1.4269569030757845,-1.7905199398830678,-0.9064695770358394,-0.6030440341386243,0.7476467569090995,-0.716672540644139,-0.5842689649091,-0.8023276975109644,0.24654486736705442,-0.23268997645095882,-0.383298671104678,0.26389130021514906
186479.5559502,-2.295379791670471,1.8541327880423037,2.4873840316303615,2.315723648540029,-0.27934183206999746,0.47241770106392594,0.23285284610184878,-0.38981843819255635,-0.04650499367178414,0.7053412962159712,-0.5128646353932313,-0.557499244906504,0.9204657821800833,-0.9598332640001127,-0.725372631578125,-1.0233766839532135,-0.36386973154919516,0.4439205552520474,0.16969053624619979,0.5492959587039316,0.983730498280688,-1.3980994395458752,-0.635777687432193,-0.19086735133221677,0.7848681477547979,-0.8269434915525956,-0.6090933488018621,-0.8721986490018723,0.2960319207458809,-0.2909361454756653,-0.40681911077299837,0.16874076014240305
186479.5559755,-1.54672603752008,0.6593070747439186,2.018363943692162,2.116863867508651,-1.199148725282783,1.438666482206414,1.0394080744259802,-0.04606496435952013,0.15517593113040382,0.49973369627521974,-0.6768527692617087,-0.8206623326609347,1.007559258236825,-0.7692607481283324,-1.0181849340750253,-1.045960348249394,-0.665889162731255,0.7503222944556287,0.3917882497431586,0.6456434392513842,1.4869284565149699,-1.9163857389698291,-0.915196402511959,-0.5194495110459428,0.6857324670862469,-0.646757341816477,-0.4816748680304043,-0.8751112008893954,0.07636781256566788,-0.015625718766544,-0.35765129398220313,0.5447410504451514
186479.5821055,-1.5775347988521755,0.7254744587236905,2.0108754737946604,2.2267689312840457,-1.362052833576801,1.497248079512697,1.2133833855586196,0.28276110236638863,0.042360505326198575,0.6636426471714404,-0.681824103628151,-0.7203692230636185,0.6092861244154371,-0.3002463631869388,-0.7169268772796361,-0.9593531105012022,-0.23477520158685938,0.2846792590180706,0.09133547708266124,0.29135798342702557,1.677261241623628,-2.055738650260583,-1.0632140945820918,-0.8218760254183441,0.5922124781110442,-0.5837411505320497,-0.3943762656595685,-0.7484349642806123,0.25324248453952264,-0.23131828044632766,-0.45925299528649444,0.44914530618631693
186479.62548,-2.4991056952022914,2.3408912515023377,2.5888280958622905,2.5072309907833894,-0.24460876679378532,0.42032054891396864,0.10018145010122452,-0.16522014279925468,0.06213659435251994,0.23492941707338996,-0.34905689337686957,-0.4686932897068355,0.37796008929412883,-0.27664202299647384,-0.43139608041155886,-0.6446546148533794,0.38869119766687205,-0.47844402494328064,-0.31719929201127656,-0.11659932490916991,0.9519513904320911,-1.184154415663475,-0.6767921517595383,-0.6629562949617851,0.5976116334417717,-0.6337741111733002,-0.49672733279666803,-0.7231952892844431,0.36536355680869087,-0.4231266427131665,-0.4178377956076043,0.274087965731478
186479.625641,-1.9422220037575693,1.0891921483458,2.377677233434385,2.281760132577877,-0.5673985873784835,0.7383662550663832,0.5098839492674435,-0.3352257489858178,-0.6305057484451564,1.414966628474344,-0.17618836337073693,-0.46220952020615436,0.7814346896356318,-0.5379228073213999,-0.8391303856643786,-0.883524150544157,-0.021449247844033056,-0.0299766303440857,0.0058169395080220915,0.23266030866665657,1.4798841186247864,-1.8275442953414813,-0.9175867987392781,-0.6161350098507753,0.8386555116507853,-0.7959611898042983,-0.6355328345514707,-0.8927463439271712,0.06160126751403554,-0.05112010907526071,-0.3249397398839881,0.6754203322695425
186479.6258738,-2.1677753474512063,1.6856609886551346,2.438474192883814,2.0829060800711097,-0.20981436324367306,0.38497487122477436,0.19559634904386408,-0.4787322715163946,0.029264766258749478,0.5892693434126159,-0.5489565498064742,-0.6458808024419137,1.0347736575451727,-1.095666402651752,-0.787184061879389,-1.1096425142665043,-0.6844494382703641,0.8638468356310796,0.36225772951267105,0.721568765203142,0.9747387397686132,-1.3716275008160062,-0.6204716514029832,-0.1881524166542604,0.8601965083003996,-0.9003667455139022,-0.6574320137676253,-0.9509014361406403,0.16306547709229996,-0.15609138994194496,-0.3822839945838768,0.5688345957454606
186479.6259358,-1.4547414489940431,0.6323270690459728,1.9696916492817893,2.0308617208018434,-1.1096927823077343,1.3178345093754102,0.9958182261608142,-0.029494635339644852,0.2836376688895023,0.26814416298119553,-0.7273565515108866,-0.8452785005860126,0.9910959184064402,-0.7745058959775658,-1.0244496031538353,-1.0329517610384427,-0.9136249565208497,1.0733105483032117,0.5270191253542199,0.8197412654751555,1.4995129788194654,-1.8875731046339763,-0.9697153296594295,-0.6110343929729783,0.7115324783629484,-0.6880163176741958,-0.5173996461050504,-0.8704950388902942,-0.007719856655726338,0.05847902857994961,-0.25360787036762245,0.5386513425503747
186479.6259734,-1.6364638314719913,0.8527457852736947,2.049733227127037,2.2110098346217995,-1.3387019304009649,1.5116437598758432,1.1746406819625452,0.27199270539807335,0.0781969032866187,0.5846448307363602,-0.6788942381035544,-0.7137667962715908,0.6483523413492457,-0.38566903916134737,-0.7219386450463859,-0.9635910700871776,-0.19958464197570702,0.25869217023627294,0.04894727295188286,0.2874126475237432,1.6237663977687748,-2.0009627816845144,-1.0446938469893114,-0.8256520101098798,0.6208918566814455,-0.6218949631515246,-0.4264923714750166,-0.7659307068187106,0.2035429047625745,-0.19919976212478585,-0.40130208042719623,0.49852539574374405
186479.6260117,-2.507872799496845,2.361766956387164,2.593053555518629,2.479872699179032,-0.2040135334945139,0.3705978832056573,0.07102653842624483,-0.19830568570203164,0.07670152223275684,0.21253634704380892,-0.3551314892425311,-0.4841682443836564,0.3824913434644093,-0.28393413108790216,-0.431529916956612,-0.653087571810997,0.3603905635927515,-0.44017505023194736,-0.3020192809980837,-0.09373006852503048,0.9477297631211988,-1.1756965422235226,-0.6740239049070326,-0.6693891311864327,0.6182103126551587,-0.6581852362010024,-0.50954893095965,-0.7475713938249974,0.32636282792508076,-0.3869102268922539,-0.39182657088096506,0.36637939625411353
186479.6260631,-1.9351583761387938,1.088335175436686,2.382744552370299,2.2108282685684575,-0.5245843156946031,0.6903938437029872,0.4748161897015059,-0.3768365601142217,-0.6715971333073784,1.4677038396472326,-0.16545694124180202,-0.4725657467025085,0.8483259718971915,-0.6143337555237706,-0.873732973338702,-0.9408996513436975,-0.09654795366702895,0.05952916724008342,0.043940253108959416,0.29996101756622306,1.4279952336067436,-1.7686100594785927,-0.872296606135049,-0.5525288953370678,0.8682385864311463,-0.8149322154035049,-0.6584028174961278,-0.9361095541237768,0.08332798687273153,-0.10808599562112282,-0.33161165696908423,0.7681511214865914
186479.6261072,-2.200561505984288,1.772729906086316,2.4546119609480326,2.037893087273507,-0.18701750753279645,0.3620309108843737,0.1664378765445364,-0.4901167517693913,0.029084261139096762,0.5664892879401945,-0.5346025206348021,-0.6520985961840092,1.0462995286107777,-1.1175819703831074,-0.7922788102067381,-1.1274110941107718,-0.6397002593215745,0.7952574658612693,0.3305300908840845,0.7573273595083246,0.9368611052861526,-1.3133400280733052,-0.5974876566830457,-0.18635617083853415,0.8428471502860483,-0.8729618275502663,-0.6547617435402303,-0.9585024553569008,0.17218722751658067,-0.19262374476547311,-0.3724491973118364,0.6192646214777746
186479.6261488,-1.3083896648927547,0.4777078139663556,1.8551865743514524,1.9396919860721913,-1.3176463538522325,1.5149401786569239,1.1899140166775988,0.08883835540693245,0.31203886105847606,0.23463957824720666,-0.7501055342036219,-0.8815414318413909,0.9882561877819962,-0.7476649240525719,-1.0388896733110458,-1.0557619271228094,-0.7607132529313396,0.8723114517424083,0.4336231959812248,0.7325312327548394,1.5777358362367795,-1.9338853572185586,-1.0305881446566691,-0.7283482481773876,0.6289081266303728,-0.5794772762161303,-0.4581456526421281,-0.8434151991605765,-0.1201897400313053,0.161428534874366,-0.20099478219681072,0.7480052320682007
186479.6261876,-1.5808863502952557,0.830541356625224,2.0050361100351375,2.1534266374389506,-1.4008530039036102,1.5850547693973442,1.2253596788115166,0.33202266184318446,0.15770441969703763,0.4595151341089144,-0.7092687061499298,-0.75953225976336,0.7152845754743301,-0.4793901951573469,-0.7673030400542892,-0.9956331475806539,-0.246662295056477,0.33161938701657345,0.05667366088204707,0.32862699593471095,1.5974043922336851,-1.9643110940247939,-1.0414385065143366,-0.8346085304114759,0.6049191131134196,-0.6020106231006032,-0.4231023301714944,-0.7658396273567455,0.15308914873687687,-0.16101873486531082,-0.3459568668386533,0.5415372698953893
186479.6263269,-2.5051205383195105,2.3618314442937356,2.591519897315226,2.468741700561469,-0.22897849223595793,0.4019776578823768,0.08451425244686583,-0.17841902403128818,0.0799091911152261,0.19644548480719431,-0.3456368126047616,-0.49561806063231834,0.3759986911811855,-0.2780555715572276,-0.42485214737117777,-0.650830102526701,0.38145919240493525,-0.4583308996189207,-0.32161344746156956,-0.12823446929503982,0.9390198126567867,-1.1559455984940155,-0.6715563873911085,-0.6729646468127024,0.6172465433487629,-0.6517614501212221,-0.5122243816000177,-0.7528122356807462,0.34046559984857433,-0.41616106719192153,-0.4001509733334576,0.4101368384173277
186479.6266028,-1.8175339105457449,0.936890586745699,2.34711015428397,2.05800567833511,-0.4405618696269312,0.5719462986675735,0.43908474230830247,-0.4389497954961036,-0.7801377036385195,1.575506501893603,-0.11692970752912742,-0.48113358013378316,0.918584632249737,-0.6686613358409733,-0.9306820505492763,-0.996586259197025,-0.33073515628830596,0.31902803847460887,0.1853672819787854,0.4677122395375919,1.435882511760036,-1.7354025707460663,-0.8754411870546868,-0.5357362311828842,0.934048232711678,-0.8553755676901632,-0.708635702366915,-0.995511237663708,0.0804532633780504,-0.1439319515042804,-0.33987353107105117,0.9221991858008033
186479.6266769,-2.0276526203940093,1.5325455819066225,2.3885977026621266,1.828663160724972,-0.12284977383268725,0.2623187271802643,0.14315318767552673,-0.5347496674884661,-0.012768210063118348,0.6126869780850678,-0.5366626284767458,-0.6472638698571545,1.113267759887653,-1.1615445409371612,-0.8501477147269438,-1.1595928250831562,-0.9439243654975875,1.147146537104095,0.5248458132140177,0.9484333769904294,0.9707388417316991,-1.306402574200411,-0.6185734392834388,-0.25290335975946,0.8838980429689781,-0.8932149290024459,-0.6879790812150414,-0.993034182030851,0.13929032519906945,-0.193535780136033,-0.3632338398495016,0.8104473665036872
186479.6267236,-1.2056216204432395,0.4143536071540082,1.799093105055403,1.8219883977964757,-1.3353536189909017,1.5232054338492746,1.2088473276619758,0.09340872630962294,0.3342660229898338,0.17724348106324014,-0.7715599760958151,-0.8792470244168726,0.9660463040468872,-0.7260455276057182,-1.037615668310356,-1.0519198533156013,-0.8569909877566095,0.9694029149518943,0.4909100009780715,0.8534307364631863,1.5955027658655498,-1.908373663583365,-1.0652496149551784,-0.7922556957643601,0.6461625670982744,-0.5901417026178436,-0.48440186603910235,-0.8697500008134239,-0.14401143280978723,0.1403554567885104,-0.14002330829499893,0.8243447137409724
186479.6267735,-1.579741955999482,0.8641559026867908,2.0194782330452132,2.1336939911358397,-1.4033131693715957,1.590249935206054,1.2125215208939055,0.31649236239963013,0.07951577003878828,0.5270097949232798,-0.6664253981075339,-0.7131685169487132,0.7428726401698618,-0.5381910287255784,-0.7708527616886865,-1.009707168222988,-0.25813434150719256,0.340160231839481,0.05010944735362269,0.38854857994309666,1.5747067919687097,-1.8966020320400807,-1.0415324092195104,-0.8663012115928436,0.6148716654591208,-0.6030013799880704,-0.44175775478992463,-0.7905407034134937,0.2292225992418,-0.28378142390187555,-0.3615408774870873,0.5409826666994724
186479.6268103,-2.504346778326718,2.3667104857724937,2.5901507113260642,2.4706305014588996,-0.2283972269827818,0.3951982849496057,0.08679125369295271,-0.17252208792433765,0.07768675028428947,0.1894915105789926,-0.3384247033518271,-0.4955290992774296,0.3700517104809311,-0.27279223681516085,-0.4214953821680373,-0.6423015041794957,0.3682131900088181,-0.4367256506588333,-0.3207990471604377,-0.10782379531282871,0.9436517685215445,-1.1518180342248208,-0.6799195502561904,-0.6884620740557739,0.6160838200755717,-0.6466267739309909,-0.5146691516663195,-0.7548265208831278,0.357056765938342,-0.443437585671285,-0.4016341304162047,0.3908345801740939
186479.6269402,-1.8224385927169588,1.0246943224012997,2.351896087521914,2.0506454288144917,-0.4284564453782351,0.5703821038071345,0.3888480486325442,-0.4219241621175386,-0.8056725547038408,1.5361683674756685,-0.06377013223938915,-0.43721129828510313,0.8799440031718763,-0.6533158572220112,-0.9022838829964898,-1.0006082292542149,-0.41376062664889257,0.4092061510212554,0.22421582865023568,0.6214237575552902,1.4247019063884292,-1.692288104501663,-0.8890929200937123,-0.6173951708108978,0.8921564746778542,-0.8129607037336722,-0.7008477952552542,-1.0024843836119217,0.27352583520975216,-0.3818862792480096,-0.40896523421984854,0.8075540577098936
186479.6269699,-1.8963611963520817,1.413979143126674,2.3295636338260035,1.6942067313627187,-0.11920971067845339,0.24925024725367395,0.12727156413745874,-0.5130883630323396,-0.023292849874676922,0.5593146393125742,-0.5197350537551204,-0.6192751306890247,1.1051676103692996,-1.135847127757911,-0.8645461199196036,-1.1530253645167892,-1.1585555373791032,1.3572856080494726,0.677141434948986,1.1942820212732728,1.0319371881980761,-1.3083945933821515,-0.6824784425645026,-0.40525648738423004,0.8451068831128375,-0.8291893883348659,-0.6846006894570629,-0.9773638844908771,0.21520761260410798,-0.30639852826746533,-0.38261632721615985,0.7795204774772684
186479.6270016,-0.9168862546744662,0.16814451561334684,1.5791925461895142,1.6383547519417374,-1.353655508007507,1.4488083423809341,1.314057623567963,0.216189287223727,0.32377299901622514,0.16695569808360167,-0.790427401362976,-0.8873165849826593,0.9085992921755215,-0.6453525271632577,-1.0407389090467623,-1.0530863004356548,-1.1398543838378297,1.2577621673778017,0.6912176474648329,1.1084619417767734,1.668483379460046,-1.8993478637238272,-1.17821983592295,-0.9549197868779317,0.5577835881626,-0.4886413515389524,-0.42922221803864624,-0.8180241043484723,-0.04824311229458965,-0.00832898102964688,-0.1458594528509753,0.7503407957024805
186479.6270317,-1.4072527324016983,0.6694362186256773,1.9009589841881205,2.039472846239467,-1.4552475482938882,1.5634241107384599,1.3160426449921765,0.4534952490626574,0.07347361038076315,0.5425790326032695,-0.6853270323951204,-0.7541414194427775,0.7594355520056427,-0.5408295215891152,-0.7904379749302906,-1.0533644002250104,-0.48588049198255534,0.6241680832833859,0.1645803554623722,0.5325114743297403,1.6343803568918562,-1.919350609680318,-1.0985618073417347,-0.9445829611114852,0.5508037088708997,-0.5241067765639338,-0.39451246642302934,-0.7463715485930906,0.33028754452897746,-0.4153205374174254,-0.41274270355249465,0.4729807597405001
186479.6270694,-2.504729403086603,2.378309906599176,2.585553048697148,2.4645500591796505,-0.26942413515098107,0.44209406731409395,0.11963380365611816,-0.1513153151538424,0.13775189695611034,0.10246678020082636,-0.3708017947360341,-0.5328070182735626,0.37586372406264773,-0.28614550287292473,-0.4180673579112696,-0.6521588891167205,0.3440359429354525,-0.39933466237447174,-0.31547535502930385,-0.08471255961762603,0.9277271084312023,-1.1256687753575294,-0.6743221726541335,-0.6751761554844568,0.607559742061822,-0.6308778190279697,-0.5126260252765918,-0.7599552603749111,0.38121512379034916,-0.48084399448119997,-0.4138941467459335,0.3915751388414685
186479.6270925,-1.8119193899105683,1.057382992038185,2.344023622790192,1.867476301547192,-0.507659858844721,0.6951729216859996,0.4037222344219314,-0.40729253423098927,-0.67887380196171,1.3831487280411519,-0.1258962990080795,-0.5187517911373538,0.9986276932411057,-0.8030526473878687,-0.9547536945374464,-1.0812692752800057,-0.5089335637075796,0.5312289518239738,0.262508799842216,0.6870412633441337,1.3637599225285169,-1.6523801381947172,-0.8265493472261054,-0.5381651923256381,0.9092017650329225,-0.822833837834163,-0.7169013397140271,-1.0405478765850797,0.23579723362204438,-0.3886669701725609,-0.3861539765686805,1.0315091046677416
186479.6271132,-1.827702373920188,1.3400573564706266,2.304522036715983,1.5445766450532394,-0.16870124650376214,0.3123796759192431,0.16163801223807608,-0.4995090305930914,-0.029623720279270665,0.5641989861024512,-0.5246657033058938,-0.6346185425433368,1.1720096100735313,-1.2002793643706993,-0.9146898800089478,-1.1753864660878508,-1.1840562828352834,1.3692761728912726,0.6915671936714706,1.1976202974251624,1.0591868025022584,-1.3242212879523916,-0.6951705999202629,-0.4377295904507424,0.8455220950569311,-0.8098989698852455,-0.6934275190957321,-0.9860578040630681,0.13336511590578193,-0.25151256917525566,-0.32977354029469347,0.9911044912596879
186479.6271321,-0.9559428839682133,0.20514644931192944,1.5984885763374392,1.6142947904199607,-1.477659424488684,1.5782329515290612,1.4076121019784218,0.3143678548626165,0.3271626195567598,0.18749551015175112,-0.80003848594602,-0.9067101984117135,0.9278417454618724,-0.6616316760422973,-1.0399479507828715,-1.0784458126481293,-0.8572512971086379,0.9833446751372192,0.4566441663070151,0.8409467656153201,1.7054485271890067,-1.9564638062997923,-1.1763444327132997,-0.9862406353018273,0.5092594813755859,-0.43543591179573626,-0.38125173557993614,-0.7962784196200601,-0.17885876801768782,0.09931180800786557,-0.0651622396007486,0.9980656550838323
186479.6441983,-1.509364038369438,0.829458775671721,1.9590064016702882,1.9588027681283822,-1.433860831418044,1.5873383333193272,1.273207016573396,0.4405240710225997,0.14834650372197153,0.45727208065569624,-0.7111898743114446,-0.8018439354842286,0.8435651155946954,-0.6595501270197274,-0.8302352709647606,-1.089033839942429,-0.29721114255894016,0.42726018817469885,0.02692866234765528,0.3849242014074083,1.5821264562763582,-1.9038505795191252,-1.0536618740954722,-0.8949293107135432,0.576871735035245,-0.5544142881250165,-0.41788528722536017,-0.7709134746248033,0.08952620171816215,-0.1835143831575769,-0.24616977399430223,0.7724695202066161
186479.7248003,-2.4886507024941578,2.363943103082142,2.575503039852934,2.3711067916190824,-0.3272579163774503,0.5115822332767288,0.17032054447090256,-0.14907161676568004,0.184867189589716,0.046757473376604124,-0.40265992138036366,-0.588798212491478,0.41619112515101464,-0.3316535662633612,-0.4451125262400629,-0.6965501048391913,0.40194541347853757,-0.45902139701693595,-0.36404538371370665,-0.15505416094950045,0.9294145401497289,-1.1289964618712458,-0.6733389153414462,-0.6437427504739177,0.6372955576704916,-0.6593054178745956,-0.533354755224412,-0.8023655590693594,0.24619479283211831,-0.3433059667093381,-0.32731208242384524,0.6644756129700438
186479.7248464,-1.4372769121973052,0.6267918341796768,2.226615928869416,1.2197136203082404,-0.46948208456730145,0.6411059235509403,0.41896858740414067,-0.481150235790868,-0.7695499659246557,1.4963699082396784,-0.1448797619443728,-0.544406167798544,1.2187960272323823,-0.9689158291520832,-1.1492314342572527,-1.1026411384549701,-0.6599905659513462,0.6685790620137799,0.37335279963513,0.632550990561413,1.3624949543714464,-1.6191741496628285,-0.7948905524322979,-0.397690211991618,1.105223911497578,-0.9667424684564522,-0.8657734785724076,-1.0744706910070863,-0.3502153644608003,0.12198571928729064,-0.06416208870235379,1.748093834173435
186479.724873,-1.7659285460449454,1.2759698741969256,2.2967607096588227,1.2926848861194702,-0.2243780880542586,0.39103809591827376,0.19795584014769108,-0.48692114021668176,-0.07908695140850146,0.6512260854629617,-0.5299998076862733,-0.6282134582483735,1.2964855562125746,-1.3290423538153437,-1.00057048721953,-1.1865367976180352,-1.0411737713200622,1.191292827445174,0.596209023971917,1.0037783404245695,1.101895337673343,-1.3709028335857085,-0.703967274770999,-0.44434202217271135,0.9002441132325367,-0.8532753259489482,-0.7330934124127134,-0.9965547920888665,-0.18805765029068477,0.04369363032666613,-0.12329459168891456,1.446104983800628
186479.7248969,-0.9277589685279569,0.20995491082343196,1.561757722757197,1.5388071369790972,-1.5834342904392946,1.6631786812504967,1.4974930057418612,0.45868713355872825,0.2836792190276701,0.24446319548992965,-0.7841418805546122,-0.904762602027481,0.871452223389117,-0.588064407875123,-1.0100355261235925,-1.0734367415742345,-0.6801372778432729,0.8061284227473023,0.3003807013732087,0.7198889348733308,1.7551598918837517,-1.9966533219641842,-1.2118874503037593,-1.059486409811057,0.4641179539669631,-0.381922018541626,-0.35281288849700754,-0.7776036279445981,-0.18307875145696959,0.04291453806977012,-0.0007536843932961678,1.0979061759462154
186479.7249206,-1.5062878016194279,0.8689855532736179,1.965655976332464,1.892316998614884,-1.3963131921662089,1.5121356591803004,1.2569297822599579,0.4828335198783631,0.07374363956483747,0.5300405114209227,-0.6726357975823777,-0.780755195617476,0.8831495903705892,-0.7225648682580276,-0.8446230852855402,-1.1232126467350187,-0.4040190200445186,0.553022028978482,0.07306638583912442,0.5047564917551781,1.5716522779535638,-1.8550679192669628,-1.0581526618840777,-0.9448117133375576,0.5622322081150172,-0.5303681550246295,-0.41533813882558945,-0.7793994736027561,0.215842297826138,-0.3561828103037037,-0.3049024608539611,0.7482720190443843
186479.7249451,-2.4497656545118387,2.300476739511599,2.5564565964878554,2.3345560908569043,-0.42655933692785675,0.6259425429412375,0.2453878996212232,-0.10044034594173606,0.15351493506831446,0.09981479637776733,-0.4036478782448259,-0.5899802577669371,0.45192928504712215,-0.3681265960865338,-0.4761869796240745,-0.732086490480382,0.3506992052466262,-0.3932138146567866,-0.3376960092315347,-0.08106781335255216,0.9812093167995196,-1.1850302039392235,-0.7008193961287396,-0.6876197997486015,0.6459689250611131,-0.6594229047480892,-0.5396280374894264,-0.8352456984901312,0.293003324216997,-0.42044055939996977,-0.3438661953904772,0.6918843149234369
186479.7249698,-1.493265058814687,0.7287517650654977,2.2410923926790396,1.2468467239856253,-0.6383474413503603,0.8289649948754653,0.49119491607512084,-0.39539949818218495,-0.7612917313832098,1.441250125356337,-0.13622487625542093,-0.54061674110964,1.2257017145012854,-0.9896760110001507,-1.1365175115663158,-1.149670013413124,-0.6313398588395625,0.63706924338381,0.32927744610769916,0.698441808152916,1.3553002950591935,-1.592795628457047,-0.7816402736325126,-0.4368058452443459,1.0195628696126915,-0.8638454213473369,-0.819352137063598,-1.0952014182772174,-0.0763207887853633,-0.18971906787657464,-0.187829956344014,1.6724049840879691
186479.7249962,-1.6501139563358125,1.1650649723760809,2.240720444760258,1.1402130336582845,-0.3114510355873479,0.48632107041905104,0.26162415186017024,-0.44425207465073635,-0.07230940294659569,0.6175019060028648,-0.5373549994143827,-0.6369143730975204,1.345827847255576,-1.3602132959736266,-1.0578390961916944,-1.1897929534637688,-1.1403598278319076,1.2859413145090286,0.6567787542734685,1.0661368805551303,1.127253202075041,-1.3718737403221306,-0.722376422526941,-0.47674528114756015,0.8734115197900713,-0.7989866461844806,-0.7335535972279131,-0.9884534148514064,-0.17225834641902474,-0.023755580826786603,-0.10799923553296596,1.5298081829975765
186479.7250199,-0.7328501162809269,0.046361935481186146,1.4300058307184356,1.3065267037206982,-1.6186559789494657,1.6407836561674132,1.5816940448701653,0.5008841491572686,0.24289683735159592,0.2907636089370318,-0.7878364012120064,-0.9073527308956854,0.8699161454142674,-0.5745681082726665,-1.0268851470853697,-1.0918535609187716,-0.7990882001511002,0.9252180233221763,0.36409505711910684,0.8178919845864733,1.783127394651294,-1.9817497938977502,-1.2411513957830416,-1.0910721901454008,0.4244977760945021,-0.3275289421326622,-0.3242030943944851,-0.782200028099978,-0.16984385813016536,-0.019280379604730197,0.004281105767196614,1.2471756725953962
186479.7250445,-1.5540543937554558,0.9552738000318556,2.0079292058563736,1.8458211662878823,-1.3993183549617163,1.53012809613674,1.2374032366615149,0.4508450218436068,0.017203063367443365,0.5733792436400921,-0.6301680909288238,-0.7536406259864007,0.901796392031136,-0.7629598921318904,-0.8376037434305801,-1.1309670659828015,-0.29030465200987704,0.42180428153495236,-0.015233840411385353,0.43862810959154225,1.5334192892880412,-1.7946903591089343,-1.0299713946873839,-0.9385909211037741,0.5753426643761029,-0.5341016722293156,-0.4336919085209632,-0.8120300766198497,0.21591599166433242,-0.3888334978734994,-0.29866346453875153,0.8999343919697924
186479.72507,-2.457970083585463,2.32145692807912,2.5591530452794315,2.330660357925575,-0.4455341214354903,0.6469247324659145,0.2522657311130674,-0.08101606627858958,0.16998300465138877,0.05727910654570444,-0.3943379884339837,-0.5953374814435826,0.437919114353611,-0.36385858576961744,-0.4517263580940728,-0.716619518908172,0.43400225738275283,-0.48085737892097413,-0.40159241491610803,-0.19297936916255723,0.9336027718312431,-1.1142882388864208,-0.6757770424401828,-0.6629201918643206,0.6199691643363349,-0.6196762541870596,-0.5315390610483023,-0.8198160715168723,0.3080278924656227,-0.446980309326666,-0.35644591145984933,0.7380283412485205
186479.7250926,-1.3093806301056359,0.5409510035230212,2.1913472798864766,1.069751399233043,-0.5983733070250303,0.7371410318736837,0.4957719043346223,-0.42251864862377164,-1.0177746299025912,1.6567922308041878,-0.01874155620869245,-0.4723323276907076,1.2280022599281388,-0.9302699047044738,-1.19439953287226,-1.163722944417176,-0.7042584714379413,0.673207442659424,0.3753366927790741,0.77697133105857,1.341167327154933,-1.5159695231542165,-0.7620915645248473,-0.3997669564963441,1.0433645317072051,-0.8332258648812041,-0.8696311458831593,-1.1345423712554819,0.017252919680921745,-0.32862641612042404,-0.2175920775112143,1.7461605181918693
186479.7251146,-1.671384823283791,1.2265277022441212,2.250540707737982,1.1815228095100303,-0.2661973694747076,0.4115771270214961,0.22546190246749484,-0.4304043704058003,-0.1520408639636916,0.6582043941508573,-0.47248405229726353,-0.5878038088180557,1.3024708788939516,-1.303378412666152,-1.0433259566410928,-1.1913288832317992,-1.2074070489649418,1.3431578098549155,0.6925913765867666,1.2064029816805728,1.1283064756332015,-1.3276043086799127,-0.7420677349130518,-0.5651483502082796,0.8268018250352401,-0.748249683261907,-0.7077604255151626,-0.9907624502496899,0.039450926124738474,-0.2602346286634166,-0.20295581742567373,1.3775220717230217
186479.7251368,-0.581463628114496,-0.049527619786471376,1.3324069891290293,1.138552747261043,-1.5967431238138723,1.569998176726106,1.625954080910885,0.5030883274784829,0.15240036461023768,0.353534827935294,-0.7361012883300732,-0.8686382028467288,0.8411246719118048,-0.5568060153365785,-1.0128511854118611,-1.0876672829078367,-1.0323966710461798,1.1461139568335397,0.5230122054331717,1.0382671331955136,1.7715267835221438,-1.9037321921211654,-1.2707338268593544,-1.1454072742820922,0.4204962029675505,-0.3203734601037977,-0.32667838316319,-0.7975944583928707,0.025055399962811295,-0.23920767414692584,-0.1350085917086075,1.2193990104944905
186479.72516,-1.3563636970534887,0.7279350156359601,1.9037214142902956,1.7347738638583774,-1.4832241950018814,1.5355280977926886,1.3580406621118122,0.5241743225160742,-0.16678296452502964,0.7684077540718499,-0.5500976823577911,-0.7049455906052229,0.9298347841516734,-0.7763353082745071,-0.8587684072269047,-1.1739869668461311,-0.414324594062435,0.5426297822517278,0.049644749464498365,0.5592532296815952,1.569392910587179,-1.7516112688924612,-1.0678430658860605,-1.0186241913402128,0.5267029463500464,-0.45660524619812004,-0.40381767773532684,-0.8226155506822121,0.3947648095539302,-0.5899488263871385,-0.43087999266052257,0.9019708834177345
186479.7251843,-2.4468140943610415,2.3020746087846122,2.554184258906153,2.3703970269532304,-0.485833390633552,0.6875956027844417,0.2780176599274014,-0.041284107116920044,0.13900412302413587,0.08859302508129653,-0.3768052612070859,-0.5711432034227181,0.43697115905649353,-0.36833203045593316,-0.44740742896316565,-0.7093213583909599,0.41920235525139055,-0.4575139179723711,-0.39929462109996033,-0.1749548824203889,0.9316489800119231,-1.100629129027517,-0.6747657714769099,-0.6841696586395029,0.5958150047851488,-0.5841441473293961,-0.520986467831594,-0.8136204611680561,0.41000586286550034,-0.5676440118651326,-0.4129423682548389,0.6240966442053157
186479.725211,-1.387195864720523,0.6519385427297348,2.222740081317442,1.1842178747991758,-0.6741622491273641,0.8035558772162736,0.523426387262432,-0.3659796462657461,-1.0273837228365625,1.6201047187641038,-0.004184538180182026,-0.45474607691561836,1.1742463778561605,-0.8837091242267364,-1.155692923111456,-1.220719201718837,-0.6892536524945875,0.6562217214258447,0.33399721230162976,0.9153378726326358,1.288697623841047,-1.455323779191977,-0.7145440268655346,-0.3966453879201622,0.9627540634961449,-0.7467406592338273,-0.8273407862095176,-1.19349897547231,0.3522974239856988,-0.6460472974834163,-0.3784014065148142,1.532033540860863
186479.7252687,-1.4927161360871994,1.049069043115936,2.165340554807833,1.1141707454428025,-0.20203402839833934,0.31088907677918654,0.19585937354241253,-0.43398391985155205,-0.22851771726011044,0.689000758127832,-0.41942493006750137,-0.5399804251312231,1.248589319088157,-1.213689882804594,-1.0553093671110159,-1.1764247032892663,-1.4801176947256918,1.5960409648228926,0.8955828684898989,1.5133374646833817,1.1172008282819053,-1.2673450384462992,-0.7649510895105281,-0.6122970895850303,0.7858154437292835,-0.6917995158782538,-0.7071460875881648,-0.9860933936963939,0.2517799853719937,-0.4721654057166998,-0.30995132256293356,1.1212713214272818
186479.7253613,-0.475554258690229,-0.09161946846529272,1.2473573367748922,0.9955785564065497,-1.630731856789668,1.597454080929841,1.68076532440068,0.5236700335685754,0.15750516808024553,0.292801696646246,-0.7169113697319213,-0.8555149522841798,0.7909857267176252,-0.5232133530482512,-0.9818271022154218,-1.0630974375556628,-1.1385011499119078,1.2337443210144656,0.5999445572867625,1.1957220574072513,1.7272879665018366,-1.8200690765989938,-1.273861711689587,-1.1745471362424766,0.3905739689766029,-0.28108010082415785,-0.3238436154113826,-0.8088247484690441,0.1784344351155021,-0.40801809965385527,-0.23162341941402267,1.1870136271689866
186479.725416,-1.3647192365238465,0.7863317766277796,1.9198081992516862,1.6968341360219688,-1.4863371186683787,1.562870384247218,1.3363793991980184,0.503622965475284,-0.1160050651256316,0.6528086714986217,-0.5520020100953197,-0.709813292535715,0.9691142850705576,-0.8422258493135696,-0.8812965765669579,-1.187290786066275,-0.5067423713347011,0.6372824432817952,0.09281967380249656,0.7068875514204122,1.4812626124643995,-1.6438025104027647,-1.0167713171629351,-0.9889094151908988,0.534904400848528,-0.45336574027380483,-0.4328388159043705,-0.8696662057429055,0.4885224932690757,-0.6998991756652752,-0.46609855252261895,0.8483350466181281
186479.7254447,-2.4364838240207254,2.2891219784477834,2.547049008444083,2.404631870741503,-0.5448583378633279,0.7504913179796618,0.3199601867193181,0.007375098426066476,0.14255371541826672,0.07847855754351471,-0.3840965986711515,-0.5655066711995501,0.4742941427339089,-0.41586956047662277,-0.475241637758158,-0.7248719540498829,0.4441906155517675,-0.4797529255421346,-0.4243272586708385,-0.20630446550886605,0.8843065299464283,-1.043569975160344,-0.6380716130528912,-0.6350758542191811,0.5702052527832456,-0.5477728304243821,-0.5102083142194893,-0.8061952089523274,0.46579190545043997,-0.6311265623674762,-0.4350637727908735,0.5259471847622387
186479.7254778,-0.9301538602060185,0.23819474093424567,2.0576785721467803,0.8186172179352538,-0.5455898309499416,0.6038376302459781,0.5327520331433713,-0.4430680672521577,-1.3655705981812067,1.860186927915833,0.14365768048324315,-0.3464216288167932,1.2097886540004992,-0.8464100697832047,-1.3144875957508548,-1.2388959393803105,-0.9506634465867877,0.8425438199483845,0.5418249987065725,1.1182038190824006,1.2229888822162693,-1.3194011163399417,-0.6678299741554414,-0.30290541600341847,0.9842297935799584,-0.705038062798319,-0.9272910447080128,-1.2273264475041545,0.37497040612723087,-0.6739138701229779,-0.3663046698656597,1.62179646193918
186479.7255099,-1.2937742206786753,0.8572528831221132,2.069360470888278,0.9507478570752714,-0.1776440842300058,0.2669725237440388,0.1989005500809387,-0.43029798752972814,-0.32925617550240116,0.7673230970264333,-0.3621658926928991,-0.4888732288738633,1.24965147512952,-1.1893298165937194,-1.1040739141086087,-1.1554815231407247,-1.6253321467239354,1.70845930039193,1.0252017754632792,1.6336111573037282,1.153634430684454,-1.265859771889021,-0.8226763889855817,-0.6690367049981404,0.7653254991154996,-0.6561184301926417,-0.7209630499863092,-0.9710009904934414,0.2573952222055552,-0.4886997856091332,-0.2835835506590973,1.1303314206568975
186479.7255403,-0.4213516723248576,-0.11044017122729814,1.2154506846804238,0.9758030283492117,-1.6601351260801611,1.6009093834600092,1.7291304746138532,0.585046887708299,0.01976679281901467,0.4124270575361176,-0.6309380111624961,-0.7929800017722101,0.7617431478819963,-0.5077925112192738,-0.9610064953576184,-1.0644215717987286,-1.1466845230501428,1.21696038317473,0.5951715672312083,1.306141460638866,1.7006972102739644,-1.7552380087072819,-1.2773741868229014,-1.2169199056660311,0.3610843189821925,-0.24400285834098112,-0.31915039286741476,-0.8278191315289631,0.38487985149799514,-0.6128232746760218,-0.3512836403150548,1.0351492340695576
186479.7402333,-1.3955773245914895,0.8369326377549852,1.9375768477346165,1.7877726399518437,-1.5813276376639773,1.6631975157174963,1.3828590033221722,0.5989135638877296,-0.23779362921509192,0.7623190218911569,-0.46920442987261196,-0.6445357302331435,0.9577412723769878,-0.8392537443661517,-0.8654260842379551,-1.192850431385842,-0.19903604789641055,0.2919255770636465,-0.10770995890872126,0.4801724734325099,1.4099282623389968,-1.5511987484409089,-0.966477581111206,-0.970367064282162,0.482329213102399,-0.3831584234985206,-0.41594677429111354,-0.8759948385170537,0.5637358915485897,-0.780763836121705,-0.49567102263517926,0.816889387146117
186479.8246,-2.3514003997370154,2.148399314863843,2.5123826309804578,2.3026508948440134,-0.7266964725722121,0.9637279338270377,0.4387675138475039,0.0813899741029827,0.08714931188036844,0.1691097193746796,-0.3781388761119855,-0.5910324582516174,0.5039666953625431,-0.43738212626928213,-0.49675218213390043,-0.7839383708899968,0.4946387533061738,-0.5291065832028168,-0.4689098643364595,-0.2244719720720213,0.9301635082443633,-1.1002900499195576,-0.6449491081127413,-0.6229973586529058,0.5913704059561786,-0.5453368946536611,-0.5391743681396396,-0.8794633068570724,0.4708081975596024,-0.6691213140202441,-0.4232257459932352,0.7178625977766168
186479.8246493,-0.8130244124404772,0.13180523950083364,2.0120102445048116,0.6034612126194833,-0.5853272142877202,0.6467472666384205,0.5543754248473668,-0.45674362835720494,-1.405529672194122,1.893096771766001,0.12360919687069404,-0.40293717877252977,1.3514507764598798,-0.9305328651609166,-1.454417221575095,-1.2501083882465596,-0.9619814657748895,0.8555400190363925,0.47909846288875957,1.0382815477294407,1.0128500700213263,-1.1654430894189565,-0.4026630278883219,-0.046605454568507745,1.0620211743696655,-0.7267066035240337,-1.0176085065037659,-1.2409157823499295,0.33954074384634825,-0.7045067388377421,-0.29440457314444785,1.7555676719458084
186479.8246788,-1.1553602638012883,0.7286747289938451,2.0096306952477585,0.7953930027289716,-0.11672040341269599,0.19883403068919378,0.16143032912671604,-0.46348582120681725,-0.3797531984237309,0.8079189126711079,-0.34204124501150235,-0.48259792243083016,1.270683214061943,-1.1856083328981513,-1.1682433938860577,-1.1439674287832124,-1.7282604786060807,1.7966881980382547,1.0988000800887177,1.665291404316737,1.1194329575214923,-1.2220921048457865,-0.7905725626696987,-0.6171007653880816,0.7801450669577501,-0.655335190227111,-0.7599007551361252,-0.9782621933273967,0.20983310570261524,-0.46908024242135477,-0.20910314775980823,1.2247297240906296
186479.8247074,-0.31401130858556653,-0.1710721699065726,1.1306070965784971,0.7818019858160327,-1.7205750126010395,1.6763761715044723,1.787916728550199,0.5515067263415648,0.07431234165957792,0.3236615607830861,-0.6569498694929169,-0.79765009043988,0.7665518938464086,-0.5237714268902849,-0.9700130774488858,-1.0435466464800558,-1.1449029715849204,1.2100215015193851,0.5808302464152749,1.2948577723571006,1.6775863709229208,-1.7189746171148133,-1.2771612249577475,-1.18234699493038,0.37693849514418176,-0.24749136032171276,-0.35643236682736895,-0.8526989392597414,0.28410019119843727,-0.5487496595735599,-0.23879753281705346,1.2480761865953607
186479.8247341,-1.269086851040435,0.7293114031510652,1.8812877003827864,1.5305262471891679,-1.6310561416225338,1.7213210997163253,1.4193275692046605,0.5092353044146398,-0.18685905382728776,0.6732650039990545,-0.49754928679355587,-0.674688990167607,1.0628596058643565,-0.9461363026333991,-0.9498386151440755,-1.220128329370191,-0.34082146711931527,0.44340167550358744,-0.042768175209366675,0.6090232725981768,1.4071858191762388,-1.5284722534801596,-0.9633517662490574,-0.940977373309892,0.5477619126901252,-0.4304142942375363,-0.4861872263941943,-0.9506254044483364,0.41001617587884576,-0.6622763320189358,-0.36092019979719797,1.1376352730940409
186479.8247583,-2.427919037327953,2.2897696269465286,2.5401129758366006,2.3134996101912457,-0.6047804329608684,0.8276681246179713,0.3471291634324044,0.012895504565916625,0.20406410265855235,-0.001722900481171732,-0.4243256942442127,-0.6150840318040717,0.5878450686609127,-0.5482327733030022,-0.55771567528889,-0.7946510821038241,0.5184501645797889,-0.5497611135188837,-0.4895737153482221,-0.3103294641763023,0.7951796531712618,-0.9456305414408435,-0.5558982028612732,-0.5318584618443581,0.5668547786340564,-0.5256758165411666,-0.5246174226676844,-0.8296386201971264,0.3603057025842528,-0.5464146062794317,-0.3351114288587225,0.7551665453685187
186479.8247838,-0.961982937980576,0.29041296827000096,2.0627739423779694,0.5226651072139064,-0.631406178979434,0.7270453516542552,0.5398384253200056,-0.4262680337676967,-1.2543060082941797,1.8199837356410857,-0.040025108550658765,-0.4435708611354126,1.5177810441739474,-1.1143110412662443,-1.4962069959170694,-1.2085031322407385,-0.8035776074273595,0.7619304683597095,0.29197977534599945,0.8087231521444016,0.9698298744128709,-1.1672933266909822,-0.3087380870757416,-0.04352000771150099,1.0993301043562744,-0.7629688132216987,-1.0156654537224103,-1.173126956651904,0.06433170973844908,-0.5547993427461245,-0.03395649777809138,1.9636007321489433
186479.8248126,-1.3073368920444415,0.8886438030641683,2.1113806336766907,0.9310292872259448,-0.16149067181761814,0.2456727972701679,0.1834514611943965,-0.4262556744782301,-0.4005946521610131,0.8162165340667198,-0.30712432469812473,-0.46568129466622893,1.2661346749750584,-1.1926546441653936,-1.1428785019900114,-1.1450656170603366,-1.5773126114915348,1.6633732875124605,0.9198214607725572,1.603832799281031,1.1837533118647128,-1.2805529431134681,-0.8374064294866234,-0.712071190994189,0.7384016834141479,-0.6156213061056466,-0.7192671347198499,-0.9702028099192358,0.2584451572606933,-0.5250775285290092,-0.20797716474903485,1.1844145006112434
186479.8248398,-0.19208357653602726,-0.24697052375117406,1.0346672485968522,0.6406744787050916,-1.7551174962283338,1.6846606490697529,1.859975322931047,0.5948870018647948,-0.043409133240573064,0.42266248098765496,-0.5832863695428817,-0.7392666353031816,0.7495771761370624,-0.5135170978752979,-0.9726569897826438,-1.0410408226807861,-1.1305822046830472,1.1699591227471096,0.5639698393949533,1.3733722043535646,1.6717157772889353,-1.6857486776323467,-1.2958881075587714,-1.2066724129810424,0.3261086768141465,-0.18890762674299516,-0.3364914540094874,-0.8578043835619561,0.3737907804478353,-0.6421383268027058,-0.27028949002906866,1.2358505696035138
186479.8248691,-1.161113552700119,0.635818283203605,1.821017598080261,1.471477108965148,-1.7327311454556704,1.7928624113688634,1.509624612922823,0.5959977059807261,-0.3028125621466889,0.768810366842129,-0.4322341961676745,-0.6322314766485448,1.0730339229790664,-0.942580723616958,-0.9755655259425273,-1.2594509951687147,-0.23313942377657074,0.31430398486822614,-0.1228639095673701,0.5777361738610816,1.3629192415698455,-1.4564067965981373,-0.9325108905624332,-0.9236696581579602,0.5141775853042169,-0.37924050946718557,-0.4859437236175588,-0.9854876191029845,0.4796659342259263,-0.7335670166005447,-0.3815239651455199,1.1556287602712483
186479.8248958,-2.400934679878584,2.2489582056441306,2.5268668474947984,2.3059287690854413,-0.679357476858966,0.913277083585697,0.3935091566700522,0.05130947343161788,0.20903193787307314,-0.00783707286677207,-0.4317427166957163,-0.6306984048229305,0.6224449020277207,-0.5850665721379175,-0.5851292611911119,-0.8225049748560949,0.5153373122513231,-0.5392802549015238,-0.4998341495715029,-0.2937856196978671,0.7808948734121426,-0.9315152254787057,-0.5337048609330729,-0.5051239088968269,0.5592898031074921,-0.5056046873226026,-0.530433628703515,-0.8459034251508729,0.3932933280657959,-0.5929314765223055,-0.33953138706993063,0.7407780909075329
186479.8249255,-0.7115179699375341,0.12315144058533162,1.920894820110787,0.3329792285288569,-0.4888254885501123,0.5881428918987275,0.4717290729557818,-0.4501918419551403,-1.1956845886802177,1.7358177729364295,-0.055646909618315775,-0.44103404469484214,1.5069547357784745,-1.1105945062032982,-1.5816460558232277,-1.1390040726606592,-1.1268938060350082,1.0768520245475126,0.49306064771454944,0.9307705137871242,1.0256721770176416,-1.2027939785000472,-0.3521754526127531,-0.13039623941273984,1.104237984667925,-0.7686399413786219,-1.0861503508251464,-1.1182589689391342,-0.1139430442611871,-0.44193570388603587,0.18993422809832597,2.015135425346534
186479.8249565,-1.1323946995364345,0.7435755408921486,2.0020142794972755,0.7344033998001966,-0.12681688020648876,0.20790463289787722,0.16710812418309534,-0.4296655344296064,-0.37945635025059415,0.7707554522150002,-0.30676358290954303,-0.46431633803969097,1.2688118947456943,-1.189954377977042,-1.1875355999582304,-1.0869411283810841,-1.6758087878698817,1.7625105134937937,1.0045159651540316,1.5754364176664613,1.2741528413622558,-1.3462572399329955,-0.9575023049218047,-0.7913539576051095,0.7161444377953498,-0.5863050987101556,-0.7305681212710856,-0.9228705615786517,0.055367543960092865,-0.3622294228786255,0.008731240226260824,1.3853077025674845
186479.8250065,-0.0811543229307353,-0.299254793464302,0.9228611858089355,0.4482284272204228,-1.7115756317725417,1.6501785047647248,1.8611016262480158,0.5526396928776542,-0.04936310825581847,0.3904889649825487,-0.5565176588146599,-0.6933361542461194,0.7736190984274938,-0.5597914402714177,-1.0004214738970405,-1.013470326767939,-1.231895794008925,1.2578179085722572,0.6525672783749593,1.4914404551806755,1.6542027541525783,-1.652450609645658,-1.337044513101987,-1.206443869632225,0.31125749777712536,-0.17085667279854197,-0.3530122380594618,-0.8424645542632194,0.3349095066108174,-0.6161318621396101,-0.18953420655875922,1.26340632963075
186479.8250953,-1.0909005042037265,0.6037703709488669,1.7911819702352194,1.3043700644661602,-1.7117391754528821,1.7775816113703768,1.4947774026778098,0.5456516727733995,-0.27673941883749276,0.6977074871921339,-0.42281912239636615,-0.6147938858906309,1.0935665758440662,-0.9663888765365721,-1.0131817673067658,-1.230929671605173,-0.38308623426152605,0.4605043953816624,-0.03469258394963262,0.7494298170816984,1.4132001282646478,-1.4861796060251744,-0.993001288782196,-0.9974349731607881,0.5363425771809115,-0.39620859522023893,-0.5266305354303128,-1.0009789763578718,0.41935605146600186,-0.690786787111055,-0.2956340750477555,1.2446859526932055
186479.8251701,-2.3827478973438185,2.2310452400594647,2.5158195489545196,2.2456322432868365,-0.7095841132295025,0.9484017166473145,0.4120357380122552,0.053736494934046315,0.22222104916469607,-0.02300462421732342,-0.4457533094482437,-0.638316446091389,0.6739745017194216,-0.6426404940000731,-0.6256185962346724,-0.846125141352716,0.5154687162228702,-0.5332752293401202,-0.5086042028547375,-0.2963012354554039,0.7918623239085716,-0.9394017471238663,-0.5362198106741052,-0.5294026497871043,0.5619559869517218,-0.5028607148026507,-0.5384541946346811,-0.8498171402640059,0.32684943260604005,-0.5382641472227466,-0.27320517312033543,0.8605938747297351
186479.8252958,-0.591130441442299,0.03981962287672678,1.8409455369974024,0.23156500114161815,-0.4300195287892285,0.5321695841539383,0.43344245100746676,-0.4531343969675434,-1.3318965692577236,1.872978509609259,-0.017833094650694863,-0.40212956183344806,1.541160600615901,-1.1289190991844922,-1.6458887225412788,-1.088198328392705,-0.9513849366794122,0.9231654247818463,0.3284572294914187,0.7672987480158825,1.0168811905466835,-1.1910868517120519,-0.3055562395836438,-0.13639460092335054,1.1144080721471747,-0.761229684512959,-1.126668456282556,-1.072503607675753,-0.3680183871411182,-0.28689750601226777,0.4931012955618844,2.153496746635299
186479.8253644,-1.330587412074047,0.9436946586068453,2.1220070514287857,0.854562369554647,-0.17267652149092463,0.26863303735835004,0.1771323721202661,-0.4097629406206272,-0.4002474939681645,0.8073282028060016,-0.29062963789428803,-0.46631417304432726,1.3065989104496856,-1.242317914840689,-1.1743518272046205,-1.093710366663082,-1.4303009411373013,1.547905943479634,0.7367781776777821,1.3630504811025177,1.322235004969274,-1.4083931571691388,-0.9571691839514027,-0.8244704235622163,0.7331187631708002,-0.6037737451220151,-0.7280559647148025,-0.9332028236801683,-0.028140309919328085,-0.31307702511898866,0.11428901253827999,1.5098478769132568
186479.825393,-0.05819014025590451,-0.29619421535298135,0.9083032858903034,0.3688981069159447,-1.738618073339579,1.6889723340671379,1.8750814859914295,0.5387319007083065,-0.05821211273830798,0.3802030713277933,-0.5387726041078936,-0.6750527673551249,0.7815161702671274,-0.5740810144839066,-1.015934756459428,-1.0026693049973783,-1.2219420925157298,1.241466053563258,0.6326220438636246,1.5057689203415727,1.625205981368721,-1.619633823539915,-1.3223106039216996,-1.1710838132203119,0.3526837457039553,-0.20510353007702428,-0.4155847040492533,-0.8729553137516667,0.31755652150972047,-0.6156288755043613,-0.12340414720708208,1.3083622713586578
186479.825538,-0.8975256134516377,0.429128580559781,1.6870394433147415,1.0436196578400638,-1.7143709785156747,1.7528891362784351,1.5425009244302568,0.4800179189115803,-0.2970253331644832,0.7021636779873915,-0.4261217375678931,-0.6229057991382915,1.1660892584459612,-1.017545660782702,-1.108141616697951,-1.2493169635899701,-0.6111558906814581,0.684379066310608,0.08860738435715913,0.9606600135918596,1.3982652480496311,-1.4541914415861337,-0.9813748748194517,-0.933598501603391,0.5828163244273694,-0.42545408619423486,-0.5910869982207089,-1.0403779835101792,0.37290698489030055,-0.6713692725731445,-0.21142252479615242,1.3619016574983278
186479.8255742,-2.3559656575928645,2.2013464814134625,2.4980795993609197,2.2061042750535242,-0.7749299078543445,1.024613419170307,0.45342850952749325,0.08034923905204568,0.2679535529006907,-0.08194612943880325,-0.4732575189947925,-0.6673701860783166,0.7254445652106917,-0.6991919704975315,-0.667211272078254,-0.8749015525087415,0.5260539537906891,-0.5375621625582119,-0.5279032310214274,-0.30930530839122927,0.7596454482751278,-0.9026167500806868,-0.5063659306485949,-0.4974131925250187,0.556793274042783,-0.489817685910633,-0.5434384984599088,-0.8549503339604979,0.295004771227228,-0.5148252020979041,-0.23333165768543498,0.917487059358233
186479.8255997,-0.46116604155279717,-0.0603098247590725,1.695388568162202,0.13523855422701878,-0.4916964328603232,0.614936883534649,0.45557775227306624,-0.42711929210334665,-1.31777470461251,1.9013129497826404,-0.05723896633430071,-0.4173150763681252,1.6138401321089382,-1.1933249068518246,-1.6980073368460142,-1.040742549472875,-0.7731984277464222,0.7958685870778879,0.12629367476652248,0.6029491551492175,0.9307077403849946,-1.1498565459857495,-0.16397402999182953,-0.08594410554740295,1.1484913315140237,-0.7789838359935154,-1.1600059483319538,-1.0283716883450464,-0.649203597235904,-0.12964330680501665,0.8019662863023097,2.261305002460559
186479.8256249,-1.3187516978758305,0.9422183005628773,2.1172378763916284,0.8463521575179165,-0.16795809510268855,0.2653131701354886,0.1658429940398792,-0.40823188147731,-0.3748265666288956,0.7650565345318263,-0.29532902250255955,-0.47831810533958197,1.3031209831105797,-1.2360714816938196,-1.184309369049287,-1.0861527267532516,-1.4598995028413182,1.5862114884309662,0.7250709876809852,1.3860846656174224,1.3089405158515368,-1.3919188816778496,-0.9464322279747197,-0.8194902391607954,0.7405802755822399,-0.6102173912921963,-0.7433241473301812,-0.9364813364548866,-0.031205912095617898,-0.3205917389972925,0.16124290874425473,1.4962374660504865
186479.8256431,-0.02006732618194848,-0.30740611214187474,0.88000727588641,0.2988283095153826,-1.7213366850124774,1.672636715510804,1.8741572111152165,0.5316644251768691,-0.09830068693308511,0.3992516538797654,-0.49778759816624935,-0.6412997709973396,0.7675154132560932,-0.5688165812859055,-1.0160289272386682,-0.9857277284941728,-1.2601136102978456,1.2645833321590625,0.6668869342038926,1.5988225645187077,1.6086615579020658,-1.5938773291528439,-1.3338022014713453,-1.1692132593104119,0.34863595433486766,-0.19875266515776305,-0.4364421722807421,-0.8782574886284976,0.37500538293232333,-0.6676190138112452,-0.13699052204851409,1.245182948219464
186479.8391084,-1.0273708357272677,0.5636651837780204,1.8022356425245472,1.1048257253453313,-1.6239312124745622,1.6791974491806874,1.421025955263008,0.42475958080518045,-0.3524824475357959,0.7518360747988369,-0.3807690446930495,-0.5882380444729328,1.1909812820671917,-1.050714170477078,-1.1159443261154547,-1.2479245665853154,-0.5582200890367766,0.6324089949983005,0.03770051175246867,0.9291058971307793,1.4016800357768595,-1.4599112655583615,-0.9703154059199535,-0.9409389260589178,0.5809693954367644,-0.4190086485699006,-0.6021699008717784,-1.0441865592614565,0.38837387149358227,-0.6974736181505052,-0.1917634319397872,1.362596893097332
186479.9248467,-2.2411721967081797,2.0372641997870278,2.44126166642151,2.0939024840370077,-0.9747621672883342,1.2441794927771184,0.5950292317529147,0.16896663920601088,0.24365538538273004,-0.03446747531569229,-0.4863174378491801,-0.6856334947220061,0.7963851182797702,-0.763315947683223,-0.728186606509699,-0.934227873385242,0.5068132988912878,-0.5061908017822758,-0.5336317471287547,-0.25304383408039455,0.8326846745015256,-0.9804677821476673,-0.5406157506976453,-0.546785164786468,0.5473996686007865,-0.4586238635033353,-0.5512316870862459,-0.8882449538296184,0.28899621834041667,-0.5383778221319532,-0.19630766890289894,1.0450661975607094
186479.9248942,-0.24459999015834386,-0.24051307483269596,1.5709938864963136,0.07246962980458489,-0.6397461563375149,0.7210194346754419,0.6023883266500905,-0.3888812748186387,-1.3814400187334104,1.8900709998648288,-0.04691503715066545,-0.4160383083892785,1.5434430559850911,-1.0728666446417316,-1.7422124549305165,-1.0410834835954026,-0.8756565873369944,0.8612475758030818,0.1521790153563846,0.6940742514093888,0.9991486752394054,-1.1768767659690875,-0.17897565802459858,-0.1104181154244011,1.1043847955973927,-0.7029898649021895,-1.1818547481441044,-1.0459058867012687,-0.5055337742556143,-0.2790916599976477,0.8243966697470978,2.235783187715016
186479.9249218,-1.0589027794566976,0.6709711385888391,1.9857563152085658,0.6905766890914373,-0.2654473763566932,0.35130396678454306,0.2780044569628125,-0.3655176296721065,-0.5087879496146912,0.8900964129711119,-0.2297064626150237,-0.4391087864861816,1.322439588402375,-1.2187887300590285,-1.2692694879914748,-1.0907598854632417,-1.5641887687547356,1.6445135333135759,0.8133394045024595,1.4884838053936813,1.3663742869034685,-1.416061256979104,-1.024940413041532,-0.8417246247518297,0.6976880212874755,-0.5444953324613075,-0.7512735280793047,-0.9307542101660807,0.010824977589500386,-0.3775397321586297,0.1980897150534977,1.4888046420543206
186479.92495,0.10897188283249935,-0.40307515384450016,0.7934320022086052,0.13342595450634667,-1.5425744866206206,1.483060114700221,1.794033735650018,0.3917289727932651,-0.20870105347347448,0.5040959982748274,-0.4379283321778542,-0.5841784065256194,0.7746334246585427,-0.5716817816182455,-1.0728373833219476,-0.9609461066906242,-1.4604504168200494,1.4369381929524676,0.8458454093555604,1.7457800000864943,1.6024123794238303,-1.5757363961608173,-1.3690374065619841,-1.1036758577244328,0.3403940663594679,-0.1840116524263319,-0.4587483723731877,-0.8662508503042783,0.38531420363980573,-0.6895893218776238,-0.09475965277921117,1.2441162938588495
186479.9249815,-1.1903443251484997,0.7270683321542791,1.917143822868813,1.2453544586945338,-1.6333815583904752,1.7185839642373668,1.3428133789710284,0.4256618906634162,-0.37732826837152655,0.771024938873475,-0.35383633598220254,-0.5781689695967356,1.1976883538694523,-1.0626068418784331,-1.1054547782039799,-1.2693589999706139,-0.3131738960400401,0.38425394421601927,-0.1294453100354514,0.7385034176269731,1.314136233387574,-1.3892871353300538,-0.865002558277049,-0.8618476395314006,0.5749336064986281,-0.40671669809224753,-0.6082943304617149,-1.0726159808537867,0.42746985419488276,-0.7423205041804068,-0.19792388887944162,1.3724718229676147
186479.9250098,-2.2041521450365975,1.9853710700981062,2.421031911612115,2.1277424772326365,-1.061535885266811,1.335999006355598,0.649316344858575,0.23157908714212289,0.2620778113048132,-0.06091510566601778,-0.49929937642351635,-0.7019204110177218,0.8161200588911547,-0.7809875692101129,-0.7496537718373976,-0.9537416668983788,0.5737392465614478,-0.5769949140882578,-0.5833993485609786,-0.319250682159113,0.7532683731007267,-0.8960999597055842,-0.4716091152703955,-0.45821288942363225,0.5118289223345381,-0.40979184578147243,-0.5401454175559822,-0.8856390337086678,0.3486536181107272,-0.5965806820022599,-0.22624122682241898,0.9594431188327542
186479.9250419,-0.06556248062489474,-0.3763232210915828,1.5308094430607286,0.05105230668607329,-0.6156619061914588,0.6420050226150192,0.6451772544331994,-0.4163203792839352,-1.5299200671952218,1.904085854648766,0.023397797276385565,-0.4135961797948861,1.4810333312058308,-0.9528566921000504,-1.8481325032540095,-1.13122698306742,-1.174745721197672,1.0575335195450624,0.3306718102731639,1.0067386854703761,0.7831691245414695,-0.9669636059294495,0.10027941527127494,0.04253458027846047,1.0404654716015065,-0.6058724759775991,-1.227434918063793,-1.1487520197260577,0.0812222478604445,-0.7016084017101683,0.44523170100305176,2.0095699894373893
186479.9250715,-0.894399130566759,0.4996284546352501,1.933326074776094,0.6687288387454464,-0.286470753333947,0.35070726821014686,0.3297778536635597,-0.34927002346741504,-0.6315154111022948,0.9835296716651396,-0.1491103036290913,-0.39748875291088054,1.2641698767129517,-1.126768604091709,-1.3048383203360834,-1.1120876396248855,-1.7137942639361283,1.7362719137805478,0.9583678737467964,1.7724434077052909,1.2822615970337863,-1.316302904063849,-0.9643862887522647,-0.7868262356168014,0.6628028914480841,-0.5002653555318867,-0.7604804144302547,-0.9594735368151563,0.31694519374430125,-0.6268004446036386,-0.042656475038756074,1.1639739419844009
186479.9250994,0.06338958527943576,-0.35339503612974416,0.8463502328757525,0.1685505745942921,-1.6827544806761117,1.6261314614374636,1.8763209161711942,0.4828450458364672,-0.2615781297620869,0.5424088335737753,-0.3850966413939534,-0.5642987362679832,0.7884811800227064,-0.5943285251618022,-1.068095716202002,-0.9925331266951627,-1.3079767580284014,1.2769872747047453,0.7125124586672729,1.744954098363266,1.5459670069676097,-1.5211772964142662,-1.2973408011818364,-1.0926198587440727,0.36275561317985483,-0.20388590847911198,-0.49859893288719753,-0.9136852748571513,0.49171598301699604,-0.7727408035310593,-0.18605151604923104,1.1667872777703447
186479.9251304,-1.1624947307567817,0.7127043518199888,1.9090510884387022,1.247942444578739,-1.660404737771702,1.7476028869257283,1.3519032550162968,0.45445192348828223,-0.3373720987456921,0.702070642214215,-0.35897931347155565,-0.5921552205759402,1.205949904515649,-1.073391729670429,-1.121692755884275,-1.2899308347381073,-0.3754005025075237,0.4413807150684438,-0.09781123802812085,0.8507560319371018,1.27443689714484,-1.3452217087350766,-0.8377330839376945,-0.8486921862121196,0.5559141912403325,-0.38503853230720997,-0.6129809937990337,-1.086282599261139,0.4993710768808778,-0.8001066253156599,-0.23175695833431736,1.2639104407831843
186479.9251562,-2.180487647796925,1.9512551152878608,2.4099732013783086,2.116208346444739,-1.0928162718265475,1.3695466053472278,0.6678434952403882,0.23738359642560702,0.2809277884510675,-0.07999084822561102,-0.518116723961854,-0.7210863142749149,0.8693143044062626,-0.8399036658165141,-0.7859141065480447,-0.9878458795837921,0.5058431136888412,-0.49656174120531044,-0.5531828898601859,-0.23100182268251498,0.7723340446035798,-0.9155201190204169,-0.47871291718328146,-0.4789504826310373,0.4828834131306553,-0.36897258145888495,-0.5283148414426024,-0.885128024793684,0.36200125534306116,-0.619852764908352,-0.21357521762272882,0.950420581095598
186479.9251783,-0.16139232757844738,-0.315302022930987,1.5875820601411346,0.09574934117497606,-0.6012859785180867,0.6437043840529806,0.5857797954944843,-0.42176265557746245,-1.4851525606093532,1.898485613916212,-0.06637248168848091,-0.4371875287304239,1.5473950835969035,-1.007643784865067,-1.8206118477526192,-1.114062479394674,-1.118233276404101,1.0333706895512478,0.20668251632585666,0.9340306387766778,0.8364675424663705,-1.0156649435577643,0.06441698560327153,0.0005685867654679594,1.029531114052444,-0.585438284113371,-1.1773916445782608,-1.1198874249639146,-0.04732959700572953,-0.6515116520532545,0.6199146164546172,2.0625515219493535
186479.9252016,-0.9058963457589918,0.5207156019355185,1.9351732217888231,0.660914257049706,-0.24206534834878576,0.3114490650129563,0.28054056728261406,-0.3665880247815532,-0.5546747298548614,0.8994250540834188,-0.18915656864017055,-0.4255672517842075,1.25734554290032,-1.1271985325266112,-1.2973013233560227,-1.0867018314224681,-1.7487257978245425,1.7902308943489453,0.9518723159941935,1.7579331362161514,1.3019528911147362,-1.3349744689556073,-0.9917525656925349,-0.8064359224463149,0.647479356382046,-0.4862189821295144,-0.7511218353232845,-0.9369670621156603,0.24458443139008365,-0.5734286317691053,0.061746187946382605,1.203412699284347
186479.9252233,0.24123070643717484,-0.4931015849502678,0.672563849172272,-0.013770549846357245,-1.600845504382451,1.5348450748888443,1.871208369115741,0.3898565696094146,-0.3744612544626632,0.6535228391211981,-0.32033369150430924,-0.5147508933814812,0.7929994951424681,-0.5892759409284751,-1.1266998785079165,-0.9680619212671159,-1.3762733309208657,1.3236763506111318,0.7883110069803148,1.7512391672345171,1.5573492321394748,-1.5219207687173721,-1.3355047172597123,-1.0427682485894174,0.3502801653800303,-0.1833180860271524,-0.517840263046751,-0.8990983019693141,0.40972049066683036,-0.724427883997905,-0.031704674949640424,1.2973541782097535
186479.9252473,-0.976887289120705,0.5284079114377378,1.8186133800980482,1.0407490027380986,-1.6791669374698153,1.732200775976037,1.4028225982483729,0.40854821731132185,-0.46217417898586927,0.828610140496181,-0.3156535752663802,-0.5601419627461416,1.2930279890339706,-1.1312307221774975,-1.2282965685123244,-1.3265854499168832,-0.4651969696907785,0.5184580664263573,-0.06086544645744038,0.9481375511962846,1.260048910244867,-1.3145656857852166,-0.8144786847619713,-0.7877809564685603,0.5681968770818779,-0.37830387192992204,-0.6536462910433843,-1.1101411724302621,0.4621515989064492,-0.7835766144436761,-0.14849541230492203,1.3872147703161433
186479.9252713,-2.2230005454936514,2.0195868500460965,2.428424854938888,2.2185762174351638,-1.0356907539166966,1.3049842037376471,0.623527536608881,0.2437134832742334,0.3000293449520961,-0.12230779294259919,-0.5148245424360935,-0.6952929112728071,0.8637653097509189,-0.8502228672565562,-0.7750279134747994,-0.958900789124357,0.5729918199458071,-0.5758201043053778,-0.5865623723849362,-0.3352182087857953,0.6800006054552152,-0.8058501877651166,-0.43136947894544836,-0.42260668782753136,0.4677672377516227,-0.36544642228634294,-0.5156553588083453,-0.8385754997313546,0.37413698155469244,-0.6049236792277501,-0.2285127254981451,0.7883043960324493
186479.9252952,0.0889884417804778,-0.483999664522649,1.3722618934985125,-0.0008684062600984552,-0.5626372906475806,0.5963328394186467,0.5963693865535182,-0.42525026827872375,-1.5736838080330928,1.9432906758346364,-0.003982633851065204,-0.4087739255815441,1.5653660417844826,-1.0313306357343037,-1.922719828208334,-1.1260308441370332,-1.143682673714831,1.0408931718054981,0.23196804764988865,0.9780468372367439,0.703206842066161,-0.888717009316612,0.19192138656768382,0.04825500028214623,0.9714705787390521,-0.5392789815028217,-1.1986309119930292,-1.112001853491931,-0.04902813197463524,-0.6371903959823952,0.7328126597828233,2.0466234602304394
186479.9253191,-0.7806861587093891,0.4016117383965696,1.8542174612248123,0.5847924419521903,-0.33128145701430495,0.3969371855331504,0.3749146152331662,-0.3287313026164713,-0.5589957802242272,0.8957178093390287,-0.1970961364612188,-0.43422132589953416,1.2823119531483247,-1.139475535696782,-1.3569948621074552,-1.0944537019654172,-1.780892313952217,1.804472565249932,0.9776310592065759,1.7910078190719816,1.3136901676177841,-1.3376193834429702,-1.013588454504768,-0.798918877890432,0.6016787973410356,-0.42955559370984614,-0.7400752378717164,-0.927035273076104,0.25417479179299685,-0.5920887856690819,0.10099155528060352,1.2075602204237876
186479.9253485,0.28960888495093506,-0.5220692654859561,0.612946180008302,-0.06707807232065165,-1.5257664243655185,1.4691058441453326,1.8288764971948395,0.35097294873560386,-0.350715285411718,0.614219316270039,-0.32117977511629414,-0.5090372158776842,0.7873845007153266,-0.5927925332622483,-1.1416756845956817,-0.9478215294814307,-1.5010920958388174,1.4366579677260163,0.9192832858361545,1.8870756652124954,1.506704961747325,-1.4750254381216823,-1.3213541473235757,-1.0023521279740808,0.33935515736151417,-0.17498071037338694,-0.5287237246443273,-0.8824100050311312,0.45452030084095296,-0.7551151808981145,-0.04817263135941539,1.1706503367368788
186479.9253752,-1.0179751573978892,0.560874199266647,1.8607529976352022,1.0866405532257317,-1.6884298033207068,1.750071445062114,1.3665751026244926,0.3970897673883561,-0.45246019101739055,0.8181392285133411,-0.3286812220358916,-0.5847609328482456,1.3321252716633487,-1.1637084397370454,-1.2576551950492614,-1.3661439527343417,-0.42747107630044706,0.4807817097964278,-0.10284151776661736,0.9484250515540434,1.1644195182423138,-1.233323338379104,-0.7051795492169076,-0.6775724541146422,0.5696584882037721,-0.3704308572720805,-0.6670529009681107,-1.141869602568928,0.5201329499270035,-0.8424039472502999,-0.16591771522290683,1.3381915700980274
186479.9254022,-2.1506315542178336,1.9172020891321937,2.391553450701407,2.1853219643026067,-1.1532084395284516,1.431295126551775,0.7016843440422611,0.30077658633996357,0.30717391646863046,-0.1212764724426554,-0.5344148812672654,-0.7243499612469331,0.9027855923437209,-0.8812950278330737,-0.8128307629394882,-1.0012757273525537,0.5974157220908529,-0.598760308681992,-0.6113726889791073,-0.33370668712915924,0.644083958395307,-0.7711196821823872,-0.38939260707709233,-0.36218048968174243,0.4418486898352085,-0.3223886242915741,-0.5117776461833562,-0.8575336842475435,0.41053211461256484,-0.6536571002522849,-0.23344920829735846,0.792947999015361
186479.9254311,0.3116987959898832,-0.6187775443917078,1.1830443190935913,-0.09025058852241291,-0.37584479124549186,0.41332816198672534,0.515591759566714,-0.46887095545605295,-1.6493104511818388,1.9487317064629301,0.1411126940290463,-0.3599046031043695,1.4055880723545282,-0.9141024445239846,-1.9923245911027525,-1.1235200962674223,-1.3495371950052082,1.1879993795734043,0.4820675672307274,1.200237470443027,0.6426758827321445,-0.8066798872105879,0.227442374187025,0.05125975045151575,0.9052094490324666,-0.5093166175400924,-1.2547083805835537,-1.1250196845968996,0.10952023732351657,-0.7011827543566894,0.6977742575792034,1.9160687070526148
186479.9254592,-0.7583536654581744,0.4049571092249615,1.808146359320806,0.5564711318817258,-0.23253777559992805,0.3019680997336104,0.27626544816627974,-0.3586807007488772,-0.4822358401708508,0.8019789583707697,-0.21558130403951842,-0.44079129715689386,1.2457750535320622,-1.1221702903535722,-1.3243671209346415,-1.0519218730931037,-1.857982035330528,1.8976675698999115,1.0549927825397327,1.8185771175710632,1.3216403928758953,-1.3387016626938268,-1.0724166460269742,-0.8368942669282033,0.6007924489730142,-0.4416232387328199,-0.7388554380423542,-0.8931841039345941,0.16290142117850287,-0.5040765454490339,0.2118159190166701,1.2064239924088838
186479.9254849,0.10797161154692568,-0.3688269705825106,0.8265834118878344,0.07399039172630534,-1.5979605583334098,1.5684756524333103,1.785001476887211,0.38252369206079934,-0.24696609322973967,0.5052713630884269,-0.38019629843960434,-0.5510374656544904,0.796489932594495,-0.609442421179949,-1.1133179962778617,-0.9527557332965824,-1.438951961108369,1.3930280497214718,0.8213697308959601,1.8517326817398816,1.514764826437331,-1.486803682283895,-1.3096859233277498,-1.032845610398382,0.41546276559985734,-0.2515361325674741,-0.5961978797013501,-0.9141642818433512,0.449189476492908,-0.7501658586293818,-0.03355652192444039,1.14255632566582
186479.941875,-1.0420927362174086,0.598646498610303,1.9050197647925131,1.0841324657688458,-1.5430467555187202,1.6191096060477361,1.252548489380022,0.3152396668713442,-0.44592203512755596,0.7961915395852883,-0.308790057203253,-0.563234914833819,1.3053459457750465,-1.150046183580895,-1.2489949502394841,-1.324660481296909,-0.6893500122113995,0.7366500148095319,0.07362842020715886,1.211109693768787,1.1727592085255056,-1.234222146517054,-0.7413914696427079,-0.7179647640260791,0.6845754380878083,-0.50400859790956,-0.746428547351022,-1.157960221235638,0.5577309466867265,-0.8623207310453511,-0.1855916499432274,1.1533385549834672
186479.9746394,-1.6447761481462613,1.153601333077009,2.168709016615174,1.4161013572837513,-1.5334054417029785,1.7628690160248763,0.9445730278086946,0.15704980673308935,-0.259652447634568,0.7048477151960032,-0.45536556498463276,-0.7158796609034378,1.2833708565689135,-1.1120219710815726,-1.1481968254373383,-1.2866437904268153,0.3709410239934447,-0.3038937935415248,-0.5789052893022705,0.15834518238184409,0.6435689179469614,-0.8446261037833382,-0.16059973776775552,-0.071393355907839,0.6870110926967333,-0.4607372269258595,-0.7176959130503834,-1.1913719281514887,0.4529421462777627,-0.9000389689655921,-0.05251871388148839,1.5337923889908949
186479.9747034,0.8975548294503084,-0.9329411392749165,-0.46667538884675436,-0.6524642334551661,0.5523222398397065,-0.47103079024490074,-0.5524385515263938,-0.7604880797898028,-1.5740144899801949,1.8092216613090784,0.8361723000836584,-0.024993673675311225,0.9185207029587666,-0.7197921241036906,-1.4864968356806245,-0.9921848656361294,-1.7029831250727063,1.562633514671113,1.4939446883613074,1.8696744138946733,-0.12700786950457202,-0.09443139975896513,1.011384452912028,0.4381699907687604,0.7582299206547278,-0.5858002406678332,-1.1122229877258576,-1.0149005648433505,0.27737779165396803,-0.5678594819298856,0.27633232242263456,1.1371870127363273
186479.9747333,0.011191085084606244,-0.2042689207888908,0.9015532342255866,-0.014268233720919034,0.29547981778505783,-0.2415732792671021,-0.25406049947067194,-0.5613694550484744,-0.612318378184017,0.8619895685939724,0.012708178025382377,-0.32401586074997196,1.063644772920959,-0.9477113760640431,-1.4073513565778208,-0.9407872877564029,-2.3241272282145844,2.2746354684728955,1.982572198235952,2.2251291972172895,0.7603380562051959,-0.7973921077767019,-0.6096582056640864,-0.4626379199247212,0.6286843698139535,-0.5026581488148644,-0.8802396999407512,-0.8346160559869925,0.17710750458883814,-0.44302120435526476,0.2544761511664084,0.9125656159701927
186479.9747611,-1.0338747007437732,0.6684822544123387,1.8168982525231714,1.055365966218189,-1.6334439503740918,1.771909460550177,1.3223109546326803,0.45156600876939373,0.30434147457302013,-0.09095180273328399,-0.6325330432886311,-0.7990239943878354,0.9220540847118861,-0.800210826052991,-0.9852032647881257,-1.0504994624013735,-0.9870000907427939,1.0615791476683287,0.32225074731460107,1.4556394147604175,1.3027570278978737,-1.3475731157015451,-0.9773595420070379,-0.987052390273828,0.6514987823330942,-0.521905044254297,-0.7027004710941734,-1.0219572041710536,0.47366737234478373,-0.7413300738887282,-0.1636636332924836,0.8959616614860906
186479.9747887,-1.132229213945005,0.7167290373757753,2.0350593198072513,0.9699132457552583,-0.9153934141492737,1.0285627049468953,0.7473354695562842,-0.06508913252680638,-0.2615195176530486,0.5952417670487359,-0.386389254062069,-0.594119786870304,1.2455459624456051,-1.1168020455685421,-1.2269835327445615,-1.1686604527620272,-1.423389618208413,1.502184603019484,0.5685952265463565,1.685033548811269,1.0797159976216302,-1.1562070034048955,-0.6984075957266453,-0.6352357770075195,0.9015059591151068,-0.7580945747715765,-0.903131858144588,-1.1145036529277805,0.5057638447733965,-0.8116144886458776,-0.13607777523203018,0.9226620075279092
186479.9748145,-1.9639668179775227,1.4706084488272209,2.417449878149732,1.450750542699133,-0.3040370398448664,0.46397931730946923,0.15294922480261547,-0.4399982694023875,-0.8796395836720287,1.4660074544915973,-0.17215494205929302,-0.4648393699276103,1.1662477197636156,-0.9904958561860429,-1.0617619921563222,-1.1434907735191948,-0.1677709676695687,0.2692946054732906,-0.2818071826540619,0.5395146049848253,0.7722940875970447,-0.9628480337699291,-0.2680040515513852,-0.23617059579929392,1.1031783527487167,-0.9555179923150436,-0.9007306435047285,-1.229098578629895,0.27369424905462536,-0.7610279438305639,0.11405970897344282,1.5233324395944234
186479.9748469,0.34399777994435177,-0.512089826760547,0.6275491671951089,-0.21601548117103436,0.552486580816506,-0.451481695479587,-0.5646484740261697,-0.7523739309920793,-1.5976930580882809,1.8647456039589134,0.7004995641478058,-0.0998950267206918,1.0902003478402387,-0.8607962971562161,-1.657940256049033,-1.0357240413753301,-1.6789419750543766,1.551426879257834,1.311216038664176,1.6782596333237028,0.3989851652333496,-0.5040855866434479,0.09851648617222462,-0.06114909733444995,0.9252322143023534,-0.7214655907384174,-1.3031066513215313,-1.0538054478991277,-0.03426705499413941,-0.3662534864385323,0.7879141252174203,1.5407033921690092
186479.9748727,-1.142347456138419,0.8207529334818726,2.034740660133053,0.820048509085541,0.22552654646692688,-0.15346751940674783,-0.20296249359669427,-0.5551453389955423,-0.15882880890486764,0.4372326878645332,-0.35619850499295114,-0.5279963192777241,1.1525135495148309,-1.087859480746905,-1.1436819717454452,-1.0006352999752064,-1.926567768737579,2.06313450265802,1.0449434263894126,1.8545983158642212,1.015818433381801,-1.061453377283972,-0.7931745098360593,-0.6987813000024937,0.7327219627054563,-0.6242491971332952,-0.7880111561913925,-0.8962101429372571,0.10116354171184552,-0.394090549433506,0.20434454984007705,1.0041215762384614
186479.9749028,0.3215605240696207,-0.4919585652890223,0.33743399062077445,-0.16801707725112783,-1.9299410005266202,1.9474228998319238,2.051510410888974,0.6364195861091881,0.23803503733551423,-0.051814901263775255,-0.6301629884015574,-0.7149255404430077,0.7669081012896534,-0.6288109310239525,-1.0106482146802098,-0.9162504541150867,-1.3161591836813205,1.3000156715039,0.7827167305969748,1.7564871806324962,1.2341798673800775,-1.2272308536082945,-1.0961039248171947,-0.9284376467059907,0.478253360739635,-0.3461460703808321,-0.6359042385468944,-0.884503796831427,0.20716329339344,-0.5014772497699478,0.20115823433913213,1.219227748604954
186479.9749335,-0.9248150861534455,0.5106299434468581,1.7856401935176636,0.9105728753912341,-1.6690711636306252,1.7741957376051694,1.3194514728504099,0.3333470960429728,-0.34183530255328454,0.6819734762344377,-0.36122004717079215,-0.5964811842311225,1.2404607972936343,-1.0838944363617082,-1.222003900710398,-1.2291871903853988,-0.6451620433079784,0.6932715469514865,0.05439709374276272,1.0820321018228527,1.2326274897182554,-1.2738124517568197,-0.8362781063965564,-0.784618146523666,0.8314893779109784,-0.6628485104819343,-0.8550980719241341,-1.1551769200033317,0.27630593072247517,-0.6395153056374905,0.11511136609104411,1.4395113678864597
186479.974964,-2.377127991709242,2.142801462411173,2.5350934844563513,2.1327951603737016,-0.3339781680708169,0.5152075512535862,0.13422314762005827,-0.27370200508501985,-0.37922916780837124,0.8158696161884027,-0.25403019661836895,-0.45592934974245053,0.8103040323948193,-0.7410935756012742,-0.770571393727148,-0.9319188563400312,0.5251503197747507,-0.5308946256221957,-0.5536234876755378,-0.16675194812267133,0.7066489269567492,-0.8683092291988849,-0.3869305083981449,-0.37379397193738245,0.7615848954671888,-0.7059742993798042,-0.6625946002385951,-0.9973374582042466,0.2866471529949257,-0.627606900051004,-0.0415664454186143,1.0666384290581008
186479.9749949,0.09930424301567901,-0.3462392117389234,1.125979647045693,0.0037524667015889582,0.5174612875715556,-0.39683104243393413,-0.49389962397161535,-0.7759678695821964,-2.0712805254302773,2.2976884005383322,0.9099317627149383,0.010553172455186948,1.1067525515317826,-0.8180551013952729,-1.656467733480781,-1.0957205487590025,-0.9937883421799923,0.8969539862962879,0.5034192285997555,1.2069980064752521,0.43765802385699476,-0.5270868082573217,0.045899491988162185,-0.041949433189595826,1.0085420063247155,-0.7527351868882733,-1.3501893774384017,-1.1536458228915738,-0.10464924469046012,-0.3536950361208946,0.9153266045422478,1.84598002879034
186479.9750244,-1.3162188707540878,0.9834028215976406,2.1423971674603566,0.9815018706650975,0.2220236463287546,-0.1480264015881706,-0.20270786115262954,-0.5574128387864596,-0.22972040568655075,0.5300166724942479,-0.3126252095316706,-0.5076212600240061,1.1670759152166958,-1.1152971390834687,-1.1064995856449789,-1.0163056766417635,-1.768661931419056,1.9185615217547944,0.8832590751709868,1.7685698983068063,1.04587212714896,-1.0980022722544074,-0.8001630059194671,-0.7290585344961605,0.7517026790204476,-0.6505732281291473,-0.7731887350873383,-0.9116973761422905,0.1279268401448341,-0.420081974791488,0.16952815470474103,0.9720239171187756
186479.9750535,0.5142985704360387,-0.6642085385285309,0.11779797938346695,-0.3069360697501839,-1.9671468369055771,1.9594369051522273,2.1381782051063323,0.6735864665584794,0.07566703787072293,0.12356791427948106,-0.5278915465202167,-0.6547600874120906,0.6785956020548025,-0.5283351674795529,-0.9671610693858412,-0.8824984301471294,-1.2507087358540196,1.2095189238521993,0.760192735315264,1.7788954001303505,1.259228453744935,-1.2492665239889404,-1.1142560542142264,-0.9296293590905709,0.42115355254591325,-0.2847023264292148,-0.5894485179743909,-0.8795806878264657,0.2689123561071858,-0.566011186857668,0.18258826828961316,1.2009227675376106
186479.9750796,-0.4137190101120759,0.048656546870699244,1.3701536596322326,0.6162208290552186,-2.024404020967108,2.020127354889753,1.7685187018888473,0.6209156380623901,-0.5972553146706925,0.9101486014671191,-0.22655609179046243,-0.5127143585261271,1.1385183698577521,-0.9360429215799347,-1.253809282300826,-1.280906459783045,-0.3232668658268131,0.3336449109295901,-0.13129574145087095,0.945200641153978,1.1558906240763858,-1.1626829494399686,-0.8086260632053671,-0.7367318934538405,0.7202709540268388,-0.5284948121702373,-0.8295657696836821,-1.2106226043714865,0.3439652636157127,-0.6853567309670219,0.11118058691013,1.5586382078629122
186479.975106,-2.424905888684313,2.2550016503526966,2.541419124101257,2.234280937617997,-0.40757357583089354,0.609547232579556,0.1700568417417696,-0.19046702450959355,-0.143248366528236,0.4870881125445274,-0.3265468991899427,-0.5014486602689981,0.754643553000807,-0.7086224624239031,-0.7186300397640044,-0.863990897550087,0.5932350377634267,-0.623473256936466,-0.5736272577738174,-0.278552442284773,0.71964497425368,-0.863824722621088,-0.44680299000247997,-0.4447178575985452,0.6559362620613864,-0.6030244742096748,-0.5985728412960282,-0.8988030020704582,0.2522680039641424,-0.5526920792856471,-0.04729593781675463,0.9436989466644585
186479.9751339,-0.0389618794607829,-0.2621239755551974,1.3198474686740704,0.11636918040279799,0.41164308053050186,-0.2987230763882193,-0.3429755883471148,-0.6997395288586283,-2.1302854989402635,2.375495429936294,0.8348775874757284,-0.003321264227483936,0.9657970792438316,-0.6684403067926273,-1.462858885480606,-0.9931541366583096,-0.731625499013097,0.6647970142398684,0.21926095772057866,0.9622338045173605,0.8376808701777455,-0.8402371672773884,-0.49289795864691,-0.33474853949469224,1.0084729233157794,-0.7433721572566723,-1.2643171314845087,-1.1079616249647395,-0.3227210758537101,-0.22739576090605945,1.189063550088763,2.0603221092836956
186479.9751674,-1.1451305724058722,0.8003965961349275,2.037952033535098,0.8451912611576398,0.20031859863066062,-0.12408215693700844,-0.1779232822331776,-0.5453539717318685,-0.4434773395518115,0.776189915809951,-0.20382044119039316,-0.43608396659502224,1.1811013588875305,-1.1109146629076188,-1.1488449145023505,-1.007882003293713,-1.7550208172540864,1.8663193236459075,0.9071262123642564,1.7401554088885849,1.1923533259282748,-1.2261800933506477,-0.9531154721342963,-0.8175806436123579,0.7446030167154771,-0.630158136358956,-0.7856498098373546,-0.9043888895797317,0.025252429049835996,-0.351570786036555,0.32427567399821766,1.1259428047664692
186479.9751908,0.6710119094660498,-0.8082429705193451,-0.04028061350969204,-0.4035635967271024,-1.8200869296258344,1.801487101739326,2.052838099161725,0.5411816513001262,-0.07420129083874501,0.2883615784885466,-0.4409719547154834,-0.5831072980819281,0.6002923394492362,-0.43703277396018075,-0.9421676088873587,-0.818947721083195,-1.332016181243838,1.2659988226937708,0.8647483505967858,1.8232721506831244,1.3912691354632396,-1.3662711934332545,-1.2717805824512023,-0.9851534576670308,0.3163373613741614,-0.17115797070448632,-0.506258589854988,-0.8231436789817048,0.2473936559557283,-0.5731425943043769,0.28387289966021506,1.2494619505577114
186479.9752146,-0.3912329439925478,0.042758098982772524,1.2987841052880553,0.6196311452154522,-2.0901007692359825,2.0955735391580617,1.8133140484647405,0.7155698963609375,-0.5628504114710345,0.8619716984078384,-0.2147925815511219,-0.4808098660756149,1.03170237873473,-0.8471594747490402,-1.1554471608015855,-1.1919371118412114,-0.08015134836572035,0.09596994565373243,-0.2717520101842855,0.6865420782392287,1.310483726863866,-1.2890225781023088,-1.0042093808989885,-0.9418961559234482,0.5748333848333689,-0.3952167258048833,-0.7088909239559729,-1.1031662179488826,0.20731598263333142,-0.5648745035461751,0.2429939036391589,1.6960662319735382
186479.9752466,-2.3902571694881414,2.2176920190403466,2.5228456001027655,2.2271726249029133,-0.5145211968544166,0.7356770952911651,0.23649488031551405,-0.11377757202641386,-0.07377071757283298,0.38367806076889327,-0.34803243396715605,-0.508109685884308,0.7332121206238347,-0.6904853746928393,-0.7017491562629047,-0.8303089564099373,0.6359929783489637,-0.6781420003000607,-0.5900299117590299,-0.3242055145971949,0.8470295321285407,-0.9880080222327939,-0.5628994038745223,-0.5842641189210941,0.5633504065832465,-0.49129251296726284,-0.5483448957196624,-0.8343039837717934,0.1989640462308089,-0.48911926490744667,-0.008284678835004384,0.9677972067078279
186479.975273,0.07658282781866095,-0.36295340380905444,1.1461384988611365,0.04354238079843395,0.42303616720816717,-0.31212159822980673,-0.3339051039536583,-0.6626540619605156,-2.0873555490684264,2.363363336679949,0.7712771757690361,-0.03383252753166887,0.7410254144569418,-0.45157693121783754,-1.2559147452937929,-0.8526709931043155,-0.6512777693034182,0.5928017446719586,0.1611317821437829,0.8523036325343262,1.1181826419595284,-1.0684846605139349,-0.8393202208700059,-0.5131526966711315,0.9522619941236614,-0.6957771427463921,-1.1683562003087156,-1.0231200355898526,-0.5724557271951154,-0.06525134483488343,1.5189488136522171,2.1895843015247234
186479.9752973,-1.2361431991652716,0.8743241396956177,2.0987663987454916,0.9363563664888958,0.19603152349549594,-0.11775491809902608,-0.17427477369787828,-0.546252535866212,-0.5327093309416026,0.8907087534278837,-0.1624224643748631,-0.41049890381897014,1.1700463570904887,-1.0994028519275854,-1.1167029073388037,-1.0074810079553564,-1.6284860768244314,1.736822535769727,0.7931179574530884,1.6746239320669165,1.2628532648351727,-1.299664018676213,-0.9946119018083476,-0.8649172781294782,0.7297060025076574,-0.6125535757096371,-0.7579404565077513,-0.9070529318977959,0.038701459002486886,-0.3724800644807664,0.314068147529064,1.1252223591120007
186479.9753219,0.7646709407411089,-0.8969353361671004,-0.04965618992743136,-0.3775926986630809,-1.5412958185523395,1.5724024832717145,1.757011879701307,-0.019641592090434628,-0.32205030236765614,0.5323400938359795,-0.28913706028129005,-0.4438397315025354,0.5798623523859029,-0.4042764500176622,-1.0180833497760684,-0.7496680717891243,-1.4781389943664887,1.3273907368880573,1.1302658967388668,2.000607642939607,1.513977242244551,-1.4503152836943558,-1.4883290050821423,-0.9599064814671915,0.18637554889269764,-0.04093796916586766,-0.40628945177786047,-0.7306927455072137,0.29659903102222795,-0.639668274950765,0.3642172804046181,1.2807336780799725
186479.9922024,0.03505094047481544,-0.3143024776811874,0.8823455395602265,0.24874621566595118,-2.1280314260956805,2.070534742936936,2.0022729580624086,0.7485081257840539,-0.7219784638490155,1.0010629554368329,-0.11691122953472563,-0.4057829046370382,1.0504127172764355,-0.8508944310116374,-1.2322180431668222,-1.199987888308437,-0.014325708559971012,0.017091707065071342,-0.3110830657325126,0.6712197227105415,1.3112249881398206,-1.2633725103277493,-1.062371893602616,-0.9240686199302072,0.32539549891948955,-0.13813548617142196,-0.5510200811979099,-1.0007180985857738,0.14225145369410452,-0.5219845002468438,0.38898581561194845,1.8620834473009094
186480.0748354,-2.386350661511004,2.2474488376718136,2.5168323358656477,2.3735453421642108,-0.6759186875475042,0.9195662736359747,0.33611819041870145,0.05756770460082277,0.2474440359672718,-0.08603498666685963,-0.4532277731876223,-0.5755756121176869,0.7500112104725761,-0.7530449581731313,-0.6791049711539406,-0.7900973945227328,0.6496295087746107,-0.6942358039495277,-0.5890587144887733,-0.42722212655381814,0.7595381015357285,-0.8570686052912496,-0.5646231499660008,-0.5872005286575498,0.40153312868832647,-0.3148808830365601,-0.45592511445874767,-0.6883822463591545,0.2541133636199925,-0.46174987419045876,-0.11101080302926403,0.6373648614459079
186480.0751025,-1.2239754894151558,0.6095813342701188,2.0298676456289777,0.7362911611928584,-0.24704811623870113,0.3922823262970403,0.15197286199722354,-0.43592523667783367,-1.262986248793785,1.8900388921390974,-0.09907585625441664,-0.3843705461127422,0.4869280986218855,-0.09870240143098928,-0.8590843758654897,-0.7442168202713404,0.25568361229632214,-0.21062453617761542,-0.4988962079286327,0.2767356946181868,1.7975068647437737,-1.856873818155885,-0.9984315229719476,-0.7091446732631829,0.9011272231510273,-0.6244530531855439,-0.8185545227944532,-0.9809237200116615,-0.7072359443653509,-0.10124874375622518,1.0922019781887387,2.2415541405257158
186480.0751605,-0.7123652384410768,0.2545143447028046,1.8581268621175837,0.8766104013394084,-0.9600835051251302,0.9833607249964641,0.8877515213738301,0.007932461187370753,-0.9950250133490403,1.321872066236267,0.027999452170746706,-0.2939063486570074,1.0183712042697592,-0.818550068513274,-1.1708576098208376,-1.086952188726793,-1.0218073944816097,0.9562720087859922,0.4155319093299431,1.6704740652843477,1.7338703604909989,-1.6644794765125026,-1.393272682588966,-1.1893751561991064,0.30389541556178423,-0.10883543244821678,-0.5103864786632626,-0.9300569726681767,0.6331441710743161,-0.9241541672475351,-0.11489297391903663,0.9452737384399582
186480.0752008,0.9646692748788088,-0.9629263362445881,-0.8686442732578177,-0.7555774360741654,0.41026187578979983,-0.38248873771001246,-0.3322161843939631,-0.5915251223347111,-1.7846736815134934,1.9392534603613238,1.4284410032272439,0.33576772311436776,0.6934346380459303,-0.5833253527267612,-1.1101389200363836,-0.8038578114796304,-1.5890904845932563,1.3888021448849426,1.8404827166800504,2.331017223123099,0.680625806116113,-0.6916149510632861,-0.626123463449188,-0.41561795539061464,0.1518306915842891,-0.0640395362521628,-0.2837653587352016,-0.6454490755597379,0.472941879691797,-0.6436606912494559,-0.04803552003474015,0.5452424546013928
186480.0752387,1.1963408628889063,-1.2445801137012897,-0.38247618117908455,-0.6265414665180373,0.31757658513342346,-0.21922486848200262,-0.2002559436593754,-0.6802692556990483,-1.6722120067756905,1.948819153399822,0.4699664365520678,-0.22699456633578546,1.5803266799659526,-1.2512082449686583,-2.1182730395685554,-1.2290612179947016,-0.8430806252476333,0.7292346670270469,0.36765258889065383,1.1622458727523148,-0.6771565410631746,0.4011198780017742,1.3562920586368497,0.7829575945502044,0.0446189901094081,0.19245671323342087,-0.454404804462859,-0.8726592203541871,0.05358605498879542,-0.556617184510114,0.9614988847903,1.6903222595992424
186480.0752697,-1.8316905354670707,1.4950323010904394,2.1870152105606055,1.4001478843313917,-0.7516344633875272,1.0636670269425361,0.35735824969992164,-0.20360354671801859,0.716690037433446,-0.5055294586587686,-0.8351899357580034,-0.9496479644367792,1.6736980945322473,-1.7637214686103828,-1.2324969833775874,-1.2515826492930093,0.7019089342848644,-0.7285718545197195,-0.6994266950649565,-0.15758031206553086,-0.5199357340497776,0.49511205166135625,0.37995813982137233,0.6313403382212264,-0.025951220670658873,0.4668274718072721,-0.4153164846848831,-0.9522144995433295,0.0369148873244846,-0.5228160697127344,0.25809849880352953,1.483140749504048
186480.0753042,-2.539813280258302,2.466653614212266,2.594694653133966,2.504910316438413,-0.307199242107322,0.5419587462669639,0.028224029462288986,-0.30477970195413956,0.5906038792324242,-0.5896682403740996,-0.5530488081344284,-0.6335978289839069,0.6478909540038913,-0.6685415474185544,-0.579739896907857,-0.6454350360022552,0.5069456529822446,-0.5432410043186604,-0.47925848618178263,-0.31202920377915694,0.4834618334173412,-0.5448044515634649,-0.38915469196397884,-0.3368854887391786,0.3572326159315413,-0.24183910407112347,-0.46961256299635845,-0.6683532970292436,0.26087758679818596,-0.4205180127333269,-0.1521042364118503,0.3961702400494685
186480.0753372,-1.962177736650568,1.6428386206759336,2.421732406945037,1.5783231178232446,-0.20144378388455325,0.35271395695060176,0.08702550936305409,-0.35870244828501147,0.3230073714661847,-0.08670290418643725,-0.5781797288096054,-0.7386033603067839,0.8182262933780755,-0.7411146947289787,-0.7990227377297964,-0.8640487104450354,-1.205641399730615,1.426156777479943,0.3828570178367941,1.4578656217190584,1.1221517785393673,-1.2889435107222942,-0.7329251771983544,-0.6926154481340867,0.6276803157905326,-0.46121218560475213,-0.6786581912451527,-1.0307461131396851,0.4781971610915781,-0.8437360598640156,-0.10282909916197608,0.6485273407682997
186480.075371,0.1815991912283346,-0.3439935408153414,0.5483862777068592,-0.11805256098402048,0.34680202115414777,-0.3022522109901263,-0.3347566483293396,-0.5394139487537287,-0.19910436560323738,0.40775110000775294,-0.2742398865381432,-0.42996636500973173,0.8904150457314371,-0.8125305413188628,-1.179064456464156,-0.8017732108987882,-2.531228614134582,2.50069044104209,2.320699303429642,2.453069520248712,0.5174647465250475,-0.5444551380023236,-0.46541413782072805,-0.3283429135508022,0.5068468856342822,-0.4064615076041189,-0.7140479354886565,-0.7153766634172976,0.287205089464564,-0.4987486023190688,0.09843748350452056,0.479856142365657
186480.0754506,-2.124775660537758,1.908481393218717,2.443029058691533,1.6690362623308677,-0.1383721758397299,0.3216927085883217,-0.0054905936433176875,-0.4434758638742596,0.521237693150522,-0.33752294716784803,-0.6736635577278585,-0.8565961594653593,1.3155631334208664,-1.4061031874573817,-1.0176856455371337,-1.132732347135634,-0.8889196597660617,1.1333997990919298,0.17281475955482825,1.1079474842370651,0.5101335553365419,-0.5879441473225171,-0.36488782998339625,-0.3059385949454974,0.6138156647424531,-0.5022996268075647,-0.6128718560242189,-0.9353437072796056,0.19131744949318089,-0.5297039921436572,0.058755664669564237,0.8971029261324241
186480.0755616,-2.3096380906287206,2.0531731010292007,2.5402535523020275,2.3285273563753286,-0.8052060004070596,1.2528044873363646,0.16652739158514726,-0.4450774251644952,0.6912921978588488,-0.6778777311849491,-0.6142195683245975,-0.720165277258921,0.9514535317841423,-1.0126809368932232,-0.7304855909829909,-0.8275746177230946,0.22160477045260613,-0.21847119165967596,-0.3182321173928814,0.11581973255919592,0.541528463302482,-0.6093418736170376,-0.3963627724175442,-0.32462097155108216,0.49658980202837866,-0.3746775074479915,-0.5888015334362079,-0.7878516496909719,0.21237532560932434,-0.41292834756268865,-0.058679361332952935,0.660942852454041
186480.0755936,0.3455021464091526,-0.530328375121143,0.34080782849896785,-0.11361935257476204,-2.261656288957517,2.2765781210072333,2.2205966191934103,0.9436575965202221,0.7695687457834289,-0.6241208314550327,-0.9796124940534054,-1.054550588726378,0.8837309768572322,-0.7524320679660434,-1.0583098465948297,-1.0652147391852582,-0.5704396649937613,0.5307382948191918,0.21587240241228434,1.3098568633349255,0.9958389347228085,-0.985019722694211,-0.8808231550710881,-0.7585646599138718,-0.2573627342580215,0.44524314189063324,-0.0718898257034464,-0.6999067845934746,0.0948178844366757,-0.36065856048062794,0.21335847131810684,1.4383416651385954
186480.0756208,-1.280648877545766,0.9256980014060967,2.094549816625155,1.1053725350402266,-0.4413597570957908,0.6051345458940249,0.2873451092940372,-0.29658373898068263,0.45770529623976436,-0.2522198562156606,-0.7511185474858696,-0.8001758592791743,0.7910717876636915,-0.7367281862823886,-0.8060163467962156,-0.7367977548873172,-1.8275775057045063,1.9501343002470959,0.9944892444931498,2.0338805678032377,1.1533329842450493,-1.2390721616070504,-0.8923793523642684,-0.7438394691330246,0.5990769959835697,-0.4727676632374292,-0.6887777412555726,-0.8550486621404634,0.5483990762139943,-0.7801789802046881,-0.2380921825104156,0.293192381577198
186480.0756498,-0.3372332412381352,0.1098581157766265,1.2353931247537018,0.29322336182851005,0.10139627982214244,-0.05493535329687014,-0.06387678831902623,-0.38627165558996757,0.04783304320241236,0.17237204739783624,-0.530536898295831,-0.5912616152212116,0.8666841204729965,-0.8190545259498294,-1.0106675759175419,-0.7482755815816725,-2.453107123267183,2.4636515597905397,2.0182690106944317,2.4651807053816066,0.7723597542432747,-0.7863935402011678,-0.7673462646351569,-0.5378002203486522,0.5567996984861642,-0.4827334431675577,-0.6817478983897632,-0.6755047233307456,0.44526746827832353,-0.602764860349577,-0.1994867098908138,0.18070972886213238
186480.075676,-1.8108968469028193,1.5326191097017892,2.347880074613401,1.535162878661,-0.28303465225776914,0.44282443587277825,0.12166321710686821,-0.3010337613793292,0.4620860539111136,-0.31142974493919706,-0.6261480077533639,-0.7577733465934692,1.1234378844826498,-1.1538217167445082,-0.9459149274496681,-1.0047889624121862,-1.3750384576666208,1.5843304223777745,0.5630150067826949,1.6353242369113767,0.8267165532602784,-0.8868567326609658,-0.6548539619064058,-0.629128193367649,0.6556011134086978,-0.5832649311788211,-0.6431248789212196,-0.8652263755538255,0.40112835176446565,-0.6244008424288492,-0.16251652247230752,0.38746352373408255
186480.0757023,-1.3198500728051015,0.7936838345433989,2.2997450297750657,1.4763568081669278,-1.6482347807715692,2.087362323757771,0.32948231189284954,-0.3958675188198375,0.7525929298599073,-0.6296154254028921,-0.7339852023035046,-0.8493464412217225,1.239994916036544,-1.1505301226159126,-1.000923524926564,-1.0485691573723013,-0.6148837423709151,0.5380400697616479,0.28242343242799567,1.2268650310323341,0.8153027005548044,-0.8142411053850539,-0.5609796325557896,-0.4898563263846961,0.6045193018819773,-0.3999206964522858,-0.7967519495079411,-0.9831147797310551,0.17055874761435422,-0.42477887820667304,0.1809895351978884,1.063532384330352
186480.0757278,0.948309248768165,-1.1008958314119952,-0.3152413281566448,-0.5288766417808709,-1.169747174405047,1.229708040836972,1.4164429217922745,0.04951611442720743,0.6064473418543397,-0.42812122961421006,-0.9873782015865623,-0.7956568324849894,0.7165418497444831,-0.5594957391242764,-1.070327111654352,-0.7815722573045004,-1.7710317491537113,1.6855621372575067,1.3953505744420562,1.9077081251971373,1.2394537345336336,-1.2503457981809722,-1.1815163951485672,-0.7175341499141625,-0.3743083632612123,0.5895013220926001,0.09291667199969877,-0.5527863687729517,-0.19566488808065635,-0.16591290185562338,0.6497528683120963,1.4192020106331307
186480.0757519,-0.3367877994011984,-0.0646990878728787,1.4113097186799806,0.39701067465428164,-0.9298587594185914,1.0123416798211633,0.9035678976271774,-0.036945253833015855,0.31379677688072255,0.1427248356334723,-1.2415639530859832,-0.8913555619228835,0.8331794818004495,-0.713356443879166,-0.883763537905671,-0.8028397213542128,-1.9440103371327238,1.8977856667499404,1.2095860221813548,2.0712251738748866,1.516750927334878,-1.5748827282375475,-1.1213622454491934,-0.8721838780334932,0.27497802669259463,-0.11022298070722333,-0.37353572142145425,-0.7516468781640303,0.27195168324386176,-0.589690941507761,0.09576181937378885,0.8867354447784679
186480.0757761,-1.2120935572753446,0.7980166620172462,2.0330419310247385,1.029257623552376,-0.6410417375361376,0.7714233094837664,0.4920864877883558,-0.13032689366524647,0.06516736399272391,0.4046547121683074,-0.8792243882699667,-0.8760401838033198,1.1384924220177681,-1.1028000939473588,-0.9761288169283063,-0.9385953656750519,-1.6478145796451795,1.7085931622425004,0.8365760675520205,1.8803319545628185,1.2029622948195469,-1.2672495450233339,-0.8772392041079159,-0.7641913190849147,0.7178904138310572,-0.6294819384455105,-0.6547245719723598,-0.8537137909387842,0.37643737979556396,-0.6831562684956172,0.02561249491343297,0.6532779750521235
186480.0757996,-1.1429136475091226,0.7967925790193492,1.9152426743540676,1.0250448173110414,-1.0827989967258362,1.2742256831287955,0.8111324473257511,0.09915830526137653,0.5619377310924007,-0.3063869464752381,-0.9464561478790876,-0.9646103487164741,1.1704718473965778,-1.160969662083694,-1.0289061580141161,-0.9976313677227828,-1.5012549243742785,1.5909220127476313,0.7599020791347231,1.8276921654519533,1.0190146419913952,-1.0611606828727818,-0.8251032231752712,-0.7309020043098795,0.6715062207120008,-0.5795236340823845,-0.6791105399239002,-0.8728664372250622,0.30403712741685823,-0.5538993493816774,-0.006701131822166564,0.6141148699498283
186480.0758275,-0.5218576258797001,0.133573698340674,1.639523120381176,0.7484934839346151,-1.9083933795356127,2.173065192875459,1.1706600767438462,-0.3358192867074495,0.5569065174779695,-0.4097922628349449,-0.7449489293850059,-0.7441396795217544,1.2589516968512058,-1.1471148100673936,-1.1931046755680714,-1.0239490879647997,-0.9466595076649296,0.8156908796037466,0.6108348840647582,1.6164045150622115,0.9979390836040639,-0.9637792573244758,-0.8412723550888915,-0.6189000774117954,0.5461319262148591,-0.3224338204654012,-0.9023649459080797,-0.9753665137056347,0.016981288932148248,-0.2792096201276636,0.26067282476026715,1.3332766463146073
186480.0758535,1.0970412934400875,-1.280707630748532,-0.47307208151968655,-0.5423477061326161,-0.1697105470436978,0.23672564893516415,0.31804648628539345,-0.3374740574095556,0.26583406626256306,0.02225266970220475,-0.8277827551524323,-0.716922232758547,0.4299728107893716,-0.22472695626711942,-0.8445255955732428,-0.6308535273194128,-2.046963557227868,2.0193143344436844,1.5663574211720084,1.78308453642809,1.3420806033819208,-1.3900916968401804,-1.229293075449256,-0.6814189863201253,-0.23628390076128614,0.47029173784490735,-0.02994993397126654,-0.5330342098721736,-0.6819707688410924,0.14694189292987156,1.5202195342084828,1.6589661833843392
186480.0758777,-1.1593663932173441,0.6416695971981192,1.9918098616620277,0.9225080817113617,-0.7692045033961521,0.9216994891675931,0.5794729723083424,-0.15694502083941264,0.13395139447644433,0.483141901166795,-1.1167221110734287,-0.871419812272831,1.0738729595111978,-1.0013488215341453,-0.8709645802940054,-0.9090102130469897,-1.3678908782307138,1.3991004133563811,0.6073524288285603,1.5619193874077517,1.6889557839349432,-1.8291051725827,-1.0373608900744167,-0.9456119956351339,0.41135688014584804,-0.2358583991727957,-0.4191882031253846,-0.8316120502366044,-0.011675243224223461,-0.37929900759924867,0.26560052176830534,1.2301716229118587
186480.0759026,-0.5256385855364776,0.11967221116745096,1.5391603892279189,0.48435515833608195,-0.8400768197309705,0.9364360265100058,0.7371208617256254,-0.09656107034841299,-0.18173793360218696,0.7451347724914386,-0.9673791792557233,-0.8538714612695888,1.221519724460319,-1.1233718456236372,-1.1124751173485408,-0.9346601616223174,-1.7691827046220931,1.7106887253745364,1.02856780338101,1.8638514998905478,1.3235501621995411,-1.3327137868724386,-1.015919028578213,-0.7566395681395993,0.7816279086296029,-0.6535983233736833,-0.7379079140826181,-0.8690780965515762,-0.01006175179774098,-0.4022477796736717,0.5288321849305417,1.162603699704866
186480.0928753,-1.0304996144634475,0.6791417973106781,1.8252986784264373,0.852262195548497,-0.9727785747846636,1.1723470299888434,0.7210054373283785,-0.013798795415483752,0.5536520134592327,-0.24253282175597213,-1.0564039379930463,-0.9335709606190953,1.2074244810656423,-1.1998942811016067,-1.040612443919022,-0.9980154416223369,-1.6141499782545816,1.7093333835587678,0.8407677502960192,1.8238946152828914,1.0436730806691694,-1.0879227028982648,-0.8352141026621657,-0.7261725289866819,0.7244674627282567,-0.6366184345787371,-0.6973456884006454,-0.8831912771429663,0.08821112958039289,-0.3938539705237081,0.242504306924044,0.8785921929551761
186480.2592712,-1.3037780620755552,0.7962311449618432,2.193601546810149,1.310405715301395,-1.517752824680336,1.9853129876793414,0.4683990689241209,-0.5022261768613814,0.5586208882409965,-0.4118659099511613,-0.6498973531926562,-0.7358466509084949,1.3045624966516705,-1.2493555716476343,-1.0284713753459773,-1.0088755556527618,-0.6718705127333372,0.6162400261657772,0.27844207215533345,1.1985550679417871,0.9884417610953427,-0.989959644153358,-0.730927575346969,-0.6051168712146696,0.7381908003817048,-0.5399531309408779,-0.8721007173053679,-0.9707578207829688,-0.0964145468804871,-0.20664990211392978,0.3409543333013662,1.313862292177095
186480.2593061,0.9455554326073131,-1.211091685709513,-0.11860900184802359,-0.4035600616950172,-0.3893329246131266,0.4885530530034083,0.48263545348351766,-0.2731160084785533,0.31374635370898324,0.01448062735730932,-0.883013453446372,-0.7476976838898327,0.6449735301193991,-0.396485173538756,-1.0734450959556083,-0.7745967398107405,-1.9393078992698092,1.9331352458059623,1.3366128053661592,1.6646885710158061,1.4048152197734305,-1.4750310652645706,-1.2133881198478595,-0.6600397996241786,-0.15492244073709577,0.4112321415530708,-0.1264619300975931,-0.5611681556495464,-0.8255272715890943,0.23520685679308823,1.5956693423457802,1.7554898781320625
186480.2593292,-1.6375872261730728,1.2204612932165377,2.2137448602497147,1.2857146123347292,-0.5529133778734798,0.7514215317613282,0.3628679758078271,-0.21821882470506088,0.28973907450281844,0.2180089854846596,-0.9996758864043472,-0.8175274489427377,1.0213090933611542,-1.0276198492210162,-0.7883909382256667,-0.8994443241817152,-1.2030009462786782,1.3346806373861941,0.48366866161944894,1.4596129023944364,1.4351887402029828,-1.6385099398030958,-0.8869466500222802,-0.8913236652262556,0.6144244483056648,-0.4915122405009564,-0.5475445055212338,-0.9324800847839598,0.03284019395261091,-0.36693041832365025,0.1622764824965371,1.0136668331105634
186480.2593558,0.009517475208993655,-0.31845694521211326,0.9966986159274297,0.09609025278024252,-0.5827435419936938,0.6544775329489341,0.6405305225139843,-0.18661419121995568,-0.18209806062470252,0.7135803770456427,-1.0539764600815675,-0.7618865742250235,1.091018955157967,-0.998393113652765,-1.0912697577075614,-0.8546243379680528,-2.147312740729794,2.0444745323287696,1.5509196338734348,2.107672044288886,1.1218276738417048,-1.1245597882718785,-0.9528028959408188,-0.6471244761137761,0.7507785353613913,-0.6408162344510004,-0.744096470353416,-0.8131479360119992,-0.06098829622186271,-0.33030636073559005,0.6539968117685161,1.0596352184696782
186480.2593814,-0.7247973703111824,0.3690536404545655,1.5944718058375968,0.596021064380389,-1.0372630991799645,1.2336992103393472,0.8054633110999206,-0.019890957830103126,0.4903427451639948,-0.12995125638685517,-1.1136247956727456,-0.9162296600182582,1.2607683038926363,-1.2423489909642371,-1.1001481569247669,-0.999823499359302,-1.7134679952181964,1.7732465175551277,0.9584890560677674,1.8618495305580682,1.0280900445918284,-1.0571952113284964,-0.8500864057435842,-0.6840317806648126,0.7564550624686028,-0.662285777339923,-0.7276572772601517,-0.8827204558629209,-0.060127691407714685,-0.28421813232952764,0.43309246259596373,1.0448257587969394
186480.2594071,-1.2942127580130216,0.7596757750561103,2.2115614792627842,1.297283520389947,-1.5378705470132559,2.0277481363159953,0.39825219248242005,-0.4953081558089114,0.41382758969054295,-0.24646813955419594,-0.5652761040292497,-0.6816645838106612,1.3227966563382048,-1.2631947999042858,-1.0174343374826442,-1.0089326175708306,-0.5280908340577357,0.459625297386337,0.2057521987884028,1.069430233983471,1.0548179733429988,-1.047242250935131,-0.7729524227866246,-0.6494745514841952,0.7771510882152565,-0.5780971547738664,-0.881924089572951,-0.9726862819353539,-0.20841916850298547,-0.11204686359096386,0.4220210833378624,1.441352436236534
186480.2594321,1.136498196732515,-1.39637786615924,-0.27943771605615536,-0.458530382549731,-0.0687909960774987,0.11945759776227963,0.2478771898290405,-0.34553943112453855,0.020305704725973806,0.4200188465290769,-0.8328114587792076,-0.7351410048785929,0.33951600353988043,-0.022794309984596972,-0.8929823417059148,-0.700216203850718,-1.8756289652892295,1.7945549163755259,1.3599179588381032,1.6433034906976858,1.491769483040017,-1.5582477073485512,-1.2415561779737772,-0.6618212283138998,-0.13455376406753924,0.3628383024986944,-0.08479687440922311,-0.5350618012346146,-0.9091156626041205,0.28055022032681187,1.723789420257134,1.7930065612544093
186480.2594548,-1.6556541662925324,1.2015321769754044,2.2227753353341635,1.2589801246664802,-0.443329524696677,0.628654979623454,0.2853797145153942,-0.27233506434456056,0.08365096755405659,0.5516766450164444,-0.9622593347415159,-0.8052566859962189,1.11963500247269,-1.1429685804179897,-0.8180133218845146,-0.9146806397988871,-1.0464914852486806,1.1435606900439954,0.3941419389049913,1.3080034119680934,1.5146100455207216,-1.7253606967023,-0.9167254736301782,-0.8999488517616273,0.6144691299961813,-0.48650551587823626,-0.5303947579430465,-0.9055695697172741,-0.1868899693057674,-0.17058969866077198,0.32509589944470646,1.2308072749839951
186480.2594862,0.03178199076492338,-0.3932737790476595,1.0367026841463924,0.12606911575691404,-0.97504336941568,1.046690684777555,0.9031634161543453,-0.07553532552405942,-0.374211202140596,1.0058012628091832,-1.0457231632018744,-0.7950310541129518,1.1441439714525692,-1.0062531872786153,-1.0791068611576493,-0.878238427350552,-1.6905532772230343,1.54416611343827,1.0751311378015638,1.7639196977013698,1.3875350077510062,-1.3583596603066619,-1.0925960542621687,-0.747831784521377,0.8308385751533444,-0.6879317800241798,-0.7594170390633047,-0.8629410978419155,-0.3544916963425286,-0.1508396543678937,0.9618458795826952,1.4695888758925717
186480.259513,-0.4386721860452023,0.08860529134209749,1.3418433468176523,0.43145352656672203,-1.3521655477841674,1.534943366867804,1.108116949930716,0.12997777000243876,0.412495113910871,-0.0318977734504305,-1.1683100937737214,-0.8235828028832001,1.1904375566890808,-1.150171094270181,-1.0524949442100169,-0.9963209580271365,-1.5839839632777588,1.5751807996573013,0.9489100366037913,1.868575571129621,1.165402263065789,-1.1861499830790738,-0.9539178018399194,-0.8025510714561908,0.7160632706582736,-0.6142109275000357,-0.6879768182155915,-0.896708178551004,-0.10957650721687923,-0.21629967956748283,0.46382932468708854,1.0891561432187502
186480.2595365,-0.9326816601890188,0.44426934541079494,1.9230491385450907,0.9348176060438899,-1.5447949178676292,1.9493129059080538,0.7587604795475605,-0.39350393799844036,0.2961659892850605,-0.07751756541347715,-0.5815536569988827,-0.6810860050284127,1.3446142895242574,-1.2909200544396369,-1.0930027468617523,-0.9921716689267238,-0.822091627261147,0.7501109518658386,0.3936244388276963,1.3077087329327717,1.2043095102096306,-1.2051779336733053,-0.93047511158522,-0.7208938394001797,0.7833598543406912,-0.5613591357405969,-0.9638786606591694,-0.9813523060653657,-0.3288814380418404,-0.008718513917671925,0.4934761191846764,1.5264814184424613
186480.2595628,1.1586535713781752,-1.3844780173660023,-0.28465497191953004,-0.47134176486132806,0.23095953632231578,-0.1995882664214764,-0.0016858074607026168,-0.43870034627844945,-0.12790754710054286,0.6362196191169099,-0.9264663853702831,-0.7538977686188439,-0.15550425236095325,0.4757263109074016,-0.4584296783312286,-0.5021140588039212,-1.8609567371084832,1.7020768202985268,1.4317955554816224,1.6887909288946337,1.5463175516719856,-1.5674183329852802,-1.3088242202584683,-0.702993768339901,0.04924390187646889,0.14145247772878958,-0.19768219197715675,-0.5765293376746047,-0.8408060246789679,0.19600938872112997,1.7459476998357477,1.756786115682414
186480.2595879,-1.7239370789306896,1.231659963283019,2.2973070005254765,1.3116334252482766,-0.23590643711875786,0.38424635819145425,0.14815621088244185,-0.3418034981644019,-0.17306721608958636,0.8926377234725198,-0.8021384281423223,-0.8430815103440981,1.1901101191592989,-1.2192388494338868,-0.8517274688907356,-0.9168706937350892,-0.8837963794224998,0.9411112862393567,0.30656193446858443,1.193727952616121,1.5311882848776408,-1.7222413774326513,-0.9395619473889399,-0.8846246281831885,0.570083323134571,-0.44262960340281415,-0.4929598156238361,-0.8290963039697105,-0.27467461560998024,-0.06554550091699675,0.33436251416933116,1.3101152565320908
186480.2596115,0.30306481479907355,-0.6203726490591223,0.7564903508764803,-0.029927145835267042,-1.0215845078163843,1.0828565039846927,1.0059271644422563,-0.04370399376974269,-0.38789901843333624,0.9886864128100248,-1.0072087350333745,-0.7849100522506582,1.0382789184364365,-0.8928028103788732,-1.0579277856415208,-0.8420696977196442,-1.762238185180472,1.5828027126246322,1.2313519413193428,1.8677623235573415,1.3348676817482557,-1.2983092044728382,-1.1218012692254764,-0.7199363174592649,0.8071779196684505,-0.66829417579364,-0.7662105829453586,-0.8444106628991566,-0.3116676232220216,-0.17456678971487577,0.9593789162076523,1.3971955463763925
186480.2596366,-0.14139632876993194,-0.19423923964120102,1.0810402890834596,0.2269791296260332,-1.4836063957854178,1.64950403531467,1.2645706982409588,0.15387448442892887,0.33542370561503704,0.060589869303712685,-1.2125683787086723,-0.7213476673216164,1.154182454540531,-1.092766359597833,-1.041740860615459,-0.9957575071992234,-1.5953260451533238,1.5319999890043334,1.0302350647107799,1.940255964887701,1.1439484687739667,-1.145913605522362,-0.9583084224953738,-0.7885223840932212,0.6860941522195673,-0.5720303349615327,-0.6662532606591094,-0.9101240321555514,-0.09932001144042203,-0.23714435389978758,0.5030248704434156,1.0946420118269495
186480.2596613,-1.1273323047860282,0.5624706517451534,2.1140496917448526,1.1167349308962808,-1.4419357833892645,1.8915625837994288,0.5414552645810845,-0.46759427702161577,0.13112140275728115,0.17013266145664901,-0.561114279859212,-0.7331545359575194,1.3360764007483117,-1.2929001328666088,-1.0072008107780486,-0.9487425604249559,-0.7399945533105302,0.6405225779322847,0.35706451656651744,1.2810481595033327,1.2677241241482022,-1.2799817912044418,-0.908621112166449,-0.7188842218928201,0.8009796983115801,-0.5879375404336622,-0.9049110136565933,-0.9538259242787568,-0.2266389844795492,-0.10386901042880362,0.3692777435678491,1.4244184291760547
186480.2596826,1.1866072196954107,-1.3785263770593057,-0.24591152770147107,-0.48148897375757316,0.3902732530649423,-0.35864943675760846,-0.11710050686804083,-0.5035148957426652,-0.3802437803453032,0.9356903088133495,-0.9681251218849274,-0.7559591958197709,-0.48367218954710534,0.7439536794645045,-0.11764587200217984,-0.3132976101354281,-1.6728518435717585,1.4244194527680694,1.4007421542663525,1.6828238055254867,1.617007206554234,-1.5755608134688546,-1.4197553308577564,-0.7559530903818955,0.1362395502064251,0.03756356571090888,-0.2458241940979624,-0.6208189123432092,-0.7933594160568396,0.17110962052893552,1.7136203991459853,1.748208872655056
186480.2597064,-1.9452578339524267,1.5249343563714948,2.401476740797002,1.5455361662632303,-0.11601027683043999,0.26495162033214814,0.035219960141057806,-0.3728854172039563,-0.1730586064319262,0.8231384774756282,-0.6246530667221223,-0.8216721993159352,1.1417812360098356,-1.2077684401850506,-0.8237150346178111,-0.9072747485735201,-0.7239882108384152,0.8047819607699093,0.2042891955180051,1.0980930432561966,1.3933224911810118,-1.5977100075493276,-0.8901870608263673,-0.857447485771205,0.6077366070568785,-0.5065264640181084,-0.5274279749933519,-0.8379506495353953,-0.18452540619452065,-0.1058015031966922,0.22499724070358867,1.1536012908805846
186480.2597313,0.4793818786599684,-0.7971195639424494,0.6033581747793844,-0.1107077380070332,-0.8772789244331827,0.9555696033287772,0.8677570896810749,-0.11160654566601166,-0.5963884559393041,1.194101220949057,-0.7100171960309162,-0.7413903768132413,0.9889725033094549,-0.8033344963626787,-1.1136822809763758,-0.8341396439917937,-1.6081707135107781,1.4338756227166802,1.1086724113642823,1.6800495939387416,1.3945793415773022,-1.349983283375723,-1.2262800919870154,-0.700569124706171,0.8550407966202568,-0.7047525423082611,-0.8361384620974637,-0.8321109002078447,-0.6361364262837108,0.07164343899459905,1.3063303552670302,1.650474735453354
186480.2597534,-0.0955051909411713,-0.27569722925982,1.1084722031603753,0.17383863298723806,-1.2575331047482843,1.4331540454457998,1.0808335715969644,0.021760366801446464,0.242746440180196,0.21367537408870635,-1.2257835382672204,-0.6692788848700446,1.1676182462861668,-1.1126656556763739,-1.0265650221745397,-0.9717905687097299,-1.6880708398946775,1.6328856410704706,1.0953460940895776,1.889204023296093,1.2030955107963046,-1.219290242931179,-0.9844708255241041,-0.7837220286997317,0.7609840756103531,-0.6581805115712719,-0.6859575137702532,-0.910720197263764,-0.33333513728888897,-0.013881421166331023,0.6381250308892009,1.2507086564584922
186480.2597799,-1.541803749103809,0.9898467281704131,2.280452700777286,1.300477656863347,-0.9904913655949784,1.5626963264775764,0.1667834417082499,-0.5746253272976567,0.09795579622246862,0.2296216707288304,-0.48004835964157894,-0.6723876441268133,1.329952517143567,-1.3793946945652538,-0.9195083348628575,-0.9264801129147461,-0.5751732859068875,0.5399386816510348,0.19923523409476002,1.0257901807239433,1.2417185538204194,-1.3357500491105763,-0.8381729720826958,-0.7015142121688719,0.8878217826099045,-0.7293704138377226,-0.8639211772745322,-0.9448857548400488,-0.4499802491906904,0.12241175048569769,0.4551794672813682,1.493625213760845
186480.2598039,1.1418453550244791,-1.3497420576093195,-0.2011271800212025,-0.4655742228497504,0.46121050604952474,-0.42296172964927226,-0.20987795976450127,-0.5304875998694917,-0.43498567797175114,0.9985239415120585,-0.8694755994768473,-0.7309603277830155,-0.4295228432366056,0.699207665546794,-0.15468897264827022,-0.3317226280532752,-1.7381440536288764,1.5005642476015058,1.4327511245691071,1.7021607576269155,1.5258744070216683,-1.4875547971200558,-1.3658472969594104,-0.7219111818089718,0.2944676808774469,-0.12219550397007684,-0.383853999361522,-0.6560343102021686,-0.8207453741358952,0.18415823368836695,1.752119883662646,1.7345295129397587
186480.2598271,-2.0195438163936097,1.652583882999264,2.416036965711424,1.5909756807251356,-0.03450327832918399,0.18198042445049228,-0.02916392150493371,-0.40797594918158736,-0.07902388443534736,0.7047171095482038,-0.631724508932453,-0.8167178137380777,1.1588853707097424,-1.2715999780731175,-0.8137737429073384,-0.9122306033517809,-0.6867812607944576,0.7925387191120349,0.17883485149052125,1.0453940582974919,1.2576277180876392,-1.4628856483281354,-0.8271800300447938,-0.793827507269088,0.668764323881692,-0.595062789926763,-0.559715365151812,-0.8619714762095166,-0.26542517272648214,-0.0022717197819816562,0.26668575133938655,1.1563536107274226
186480.2598491,0.612274277725882,-0.9420528850738792,0.493177288426331,-0.18166324927569807,-0.6727373093391281,0.758395641521318,0.7141684029273236,-0.18798619525917512,-0.4998515856905414,1.1345452602536426,-0.8347364509200088,-0.7507864699819805,0.8972739826925666,-0.7088282026457562,-1.0420439428594634,-0.8025826166247512,-1.806838388322168,1.6284318576027748,1.295006668480229,1.7719951289466604,1.247620755049545,-1.2154171253965198,-1.1255616091707736,-0.6099347721057539,0.9085219590155079,-0.7770656983014137,-0.8443481557658564,-0.8283063858527031,-0.6862636911316579,0.12199115203983321,1.3443377988822203,1.589264560153401
186480.2838748,-0.2396387411532553,-0.1905249709289515,1.3088345449605732,0.3155173424318227,-1.2701351054494514,1.4872587076483301,0.9882692433718705,-0.08109405949598765,0.20333957649828505,0.2838940162663245,-1.211669737465972,-0.651665688957148,1.1440142663941684,-1.075565033175224,-0.9820686454818064,-0.9545272137275167,-1.6359389315920103,1.5552685439508667,1.0180966213628184,1.8943263189701205,1.2522655061535315,-1.2614685675728374,-0.9995029873800686,-0.7898573798191176,0.8141753314850912,-0.7036285082203744,-0.7070095900132294,-0.9410613601368757,-0.26808190233635754,-0.09523418796813345,0.5850505506458142,1.2083620407347024
186480.324562,-1.5642337273693214,0.9774865052827363,2.3148892490014465,1.30045650714049,-0.8469628927738225,1.4306900132428857,0.027299666308276346,-0.5881062658576162,-0.04027391591869325,0.4487493613944236,-0.45793866594242194,-0.6860282100389771,1.292804296347941,-1.349422774123629,-0.8644567056050083,-0.8963783092944676,-0.60115952797604,0.5516474326614194,0.23361177154621623,1.0456700509757855,1.3024755659006895,-1.416229515225829,-0.8441374084631016,-0.7253274610938004,0.9359380598011129,-0.8003309296344023,-0.8498690816851902,-0.9330746034630507,-0.4785878580118691,0.15740990640239566,0.4406011748397832,1.4827882916316366
186480.3246206,1.070939715703879,-1.3010099896944851,-0.10502789830946066,-0.4360762595752397,0.49723620442308164,-0.46205034267327594,-0.2416752570868597,-0.5421756346795755,-0.4933497842912046,1.090095336747812,-0.879143514611836,-0.703487549490233,-0.3006818718612914,0.560210349026726,-0.21156737642259735,-0.36842835264926727,-1.7750216445551499,1.540679954179156,1.465544337297044,1.7251820413209333,1.4766189042982818,-1.4451712054927692,-1.316164256457578,-0.7142307362918152,0.4054683628444721,-0.24571517668101656,-0.45217730514330023,-0.675984664832542,-0.8812098865620667,0.262961074587853,1.7402112707345876,1.71520115619774
186480.3246557,-2.1279685117468947,1.8645522023752437,2.4606040693469087,1.7026891948874388,0.03809446762952748,0.10437625829382832,-0.09726446777964123,-0.4339564416146966,0.06523845751243162,0.4084145498490572,-0.54759252297326,-0.7706912550854841,1.1086957762452512,-1.259877882325012,-0.7821047517569524,-0.8997710780156487,-0.5836612463969617,0.7148268857646166,0.12181528307450354,0.9185173015393553,1.1214243686141803,-1.3197916381704873,-0.7756102795841647,-0.7723835998033235,0.7215705386808258,-0.6888586691063306,-0.5997221260675789,-0.8811775869143895,-0.34339385053835847,0.17635829331908479,0.2198747957401855,1.1367734650067483
186480.3246951,0.877028707877322,-1.1941099481551807,0.12437579719320434,-0.33433671262477865,-0.3635624538571063,0.46243837993973796,0.44562920755050794,-0.28397223959962153,-0.5583602250851651,1.1675579320022786,-0.5803444453394853,-0.660011919804667,0.7857820240849644,-0.5786023629752108,-1.0242507112380776,-0.7801085445311567,-1.7181945406554044,1.5975796880474802,1.2471362830825137,1.6219698462947685,1.1572011970804188,-1.146902972348387,-1.1034285309231182,-0.5625869138721211,0.8749192977395452,-0.7652138522465105,-0.82544764645923,-0.788315353701235,-1.0548140071845677,0.4572531357357928,1.7163300461336852,1.7873618378388116
186480.3247427,-0.0395302957745153,-0.38806375109233865,1.1082613725579944,0.13183565381176476,-1.0358786597242486,1.250795569503669,0.8359815137196321,-0.11704272081869822,0.18601460974107853,0.3446060998511616,-1.2306392734312936,-0.6243590228584471,1.125989997141359,-1.0616474248993488,-0.9761133926404056,-0.9261848025132721,-1.6876992442499934,1.6572916475977182,1.0294309628802187,1.7561520064283724,1.2873450945773839,-1.3116710710527166,-1.041330931933213,-0.7882545900649938,0.8248271931112651,-0.7206705147216612,-0.7065583299006705,-0.9107769764136061,-0.6610686948223246,0.2293594448135177,0.9809680787477365,1.4786304524288807
186480.3247681,-1.965761456351485,1.5207977783623456,2.4259681668248456,1.6189696109401415,-0.44619133126148613,1.0159603064277585,-0.2012089618218483,-0.5928921454153996,-0.006811852352209055,0.4123921850150624,-0.41268450482817015,-0.6528808311820088,1.143316906682258,-1.2745772964354578,-0.7499641121602506,-0.8631184205399521,-0.33067141430669555,0.3254210224993929,0.05230165960640272,0.7683900849365192,1.212089974549163,-1.4073231667895159,-0.7708441072719548,-0.75191491430098,0.8946319805645507,-0.8432803298435129,-0.7572254004274087,-0.9008869737493405,-0.5006028075240935,0.2506095007639266,0.41365726007838444,1.3743335893110207
186480.324805,0.9963032344699077,-1.2312082056646387,0.0028640358177017583,-0.40311884574068707,0.5449469828798762,-0.5085528000715915,-0.28700573796470535,-0.5609132864261832,-0.594537937074407,1.199573639806691,-0.863146787744113,-0.6699903578820116,-0.25396717156619614,0.4969282801289309,-0.21889866432964694,-0.3804397347813533,-1.8037481021075434,1.5441638530435013,1.5376288088776224,1.7897791748156675,1.454291417810876,-1.4082425116245998,-1.3228417765366778,-0.7265687043086928,0.4860197418911762,-0.3359029216111223,-0.5077219854626749,-0.6960392804511792,-0.8293081663036946,0.24324066599282942,1.659122107342493,1.6472910347744392
186480.3248416,-1.8956426819353713,1.5713239898352793,2.358583314320466,1.4277144912376136,0.09482825912006118,0.041902219713894545,-0.12814476845675804,-0.46972299758678937,0.10699908982513928,0.401885098986973,-0.6249913470720583,-0.7993515607166196,1.206511160985198,-1.3765638700194098,-0.8430896046879811,-0.9193891454271191,-0.8283887894730521,1.004640072565037,0.2504132715156203,1.0826998071541765,1.1341449945063686,-1.315521435322223,-0.8119734159720077,-0.7504917043740582,0.7768628077817884,-0.7465699215258387,-0.6375588311185585,-0.8878755122771727,-0.5953148408101294,0.4189038457662859,0.4367613814712774,1.3164166219899678
186480.3248723,0.9364680390865912,-1.2770872788518015,0.004917360000479041,-0.3889428844650981,-0.1713821489828347,0.2762470152493607,0.26542385319813483,-0.3478169375612377,-0.3778190540479674,0.9790903468468799,-0.6334072274909294,-0.6691223636123016,0.7282892324108677,-0.5671819012928294,-0.9022100860294854,-0.7158513265446941,-1.724703083407556,1.6779136235438625,1.2402606802743283,1.5656591097424928,1.0198303577825676,-1.0210221669603219,-1.027179194995839,-0.5217404012249707,0.872043644637855,-0.7930031399186822,-0.8094620949242042,-0.777001995062822,-1.2827269874795277,0.7250435013835344,1.8616567099675179,1.8548167987286304
186480.3249038,-0.08714017640139711,-0.37647056062343576,1.1977007425395545,0.1656143523937829,-0.9101040146588958,1.1329207815700402,0.7310660437631649,-0.16727686461800537,0.1584009576537643,0.395394392814569,-1.2069585636394606,-0.6130656434510818,1.1395836158870702,-1.0911826731589767,-0.9629802451244799,-0.9187966582683049,-1.6283953897713925,1.612370186008762,0.9790069533480491,1.6782916805602262,1.3234302962252846,-1.3622638672733727,-1.0610200498127687,-0.8007902787620697,0.8498232062027348,-0.7570298523680591,-0.7074681325424652,-0.9071891197407694,-0.8455984951371717,0.4462615930304722,1.0306532514684064,1.5632125318862216
186480.3249412,-2.0930096382776258,1.7460186244271474,2.4499909290041857,1.6960502925860503,-0.14865281256109075,0.6143829298517441,-0.28349564037432246,-0.6300338817924753,-0.005844347202426744,0.4580674487436248,-0.43010863159341456,-0.6580482808511828,1.0664330142820402,-1.234052102044814,-0.7024085965980759,-0.8263894754330927,-0.23095035302971786,0.23916891535613663,-0.012724853755297494,0.6381876952883437,1.1358318492984374,-1.36645649687846,-0.7336614163004505,-0.7260308360335368,0.8723666387842813,-0.8658846206632262,-0.7178289445539361,-0.8755766284414225,-0.5961743512938931,0.4087553012078465,0.43023715417131203,1.3818411146773153
186480.3249761,0.8743177658597229,-1.153043785552828,0.24616343581910982,-0.3289900748070988,0.5571458949763115,-0.518712646728776,-0.27593433577295756,-0.5743556509064733,-0.6412433020725324,1.295991188613363,-0.9733017546253682,-0.633089200694965,-0.09580806925669878,0.3323040902659112,-0.3080953753350072,-0.448877335542566,-1.8595547296854578,1.5823136002648286,1.5481565083424471,1.8251864532562243,1.4187316666336702,-1.361810165463281,-1.2685244161205325,-0.7169445282835574,0.5809792401090648,-0.4331171420599028,-0.5526534778113055,-0.7297214567349527,-0.8345684665640766,0.25607486066068547,1.5841894155036138,1.6067917937133886
186480.3250108,-1.8183866873376373,1.4996430260907558,2.3236380606993805,1.3484203682024822,0.21583445375690577,-0.10607675799862636,-0.21308332070164582,-0.5226924585109275,0.16650185144871035,0.2854851136985498,-0.6069757167769413,-0.7796639784129911,1.2060630910829055,-1.3827742705451278,-0.8548893521271029,-0.9194268883862003,-0.9200431493038367,1.1351951193759253,0.29453917563206866,1.1234461076190962,1.0772517066477323,-1.2326428151633826,-0.8122489212906426,-0.7353167504451548,0.7963154453563555,-0.7770610923686468,-0.6575063601329832,-0.8831686322199782,-0.7235367116511406,0.5782316769105547,0.5265264346978665,1.3684022321536726
186480.3250478,0.921237628481536,-1.2440310942932689,-0.13518075283649852,-0.44010204785014473,-0.025766579192854976,0.11652898115860998,0.12933439172186734,-0.38056140879207323,-0.08635043743543717,0.5857411059255967,-0.7149303239092953,-0.6763736772237917,0.6711830902726097,-0.5568444749466723,-0.8078406312154514,-0.6777242270168312,-1.8165718248049256,1.8548362546827166,1.355332390253669,1.6121279806114237,0.9145439336585405,-0.9350535183748206,-0.9508002993657835,-0.5226777403866525,0.8038371442036546,-0.7634977134989044,-0.7472579699677723,-0.7386705031714905,-1.3821129551831177,0.9423204593467437,1.8713431953192656,1.8239816238295599
186480.3250874,-0.0002637921658305394,-0.48445304473677625,1.1321493328264354,0.1307617368114089,-1.0945488242317831,1.3476144150828804,0.8381105112686199,-0.10861177625120227,0.1554083840703481,0.40882437425534707,-1.2020781673593106,-0.5979294287192188,1.1676863196838587,-1.1159294373894337,-0.9663855023018852,-0.9339065890005235,-1.3796681652793863,1.3444971727580408,0.7924403923673208,1.5059230015966856,1.3520614859417746,-1.3797462279634214,-1.0851665918904279,-0.8155316728819522,0.811427034567859,-0.6999875768206312,-0.6794299401940906,-0.9080942282945473,-1.0121024425868488,0.5791803248139938,1.1703599652833394,1.7273889567393503
186480.3251248,-2.2601704010184607,1.993565692837968,2.5011476623433224,1.9220016003839562,-0.021809427630851475,0.42670838387202104,-0.3447011514929467,-0.591756596087652,-0.026318098258362805,0.4730542918142538,-0.3922338861768207,-0.6182843176196605,0.9477440579923664,-1.1050637481964831,-0.6382757086474513,-0.7927416812657313,0.0030765783829872113,-0.027114539747767008,-0.1383186925594498,0.4006383996908123,1.0470313290718127,-1.2745510280017907,-0.6874936610161886,-0.7229797245308732,0.8062875891158915,-0.8156039438239038,-0.6635704186765071,-0.8426022606553696,-0.4958416276553828,0.32900489124570215,0.3634458562260416,1.2457245800845176
186480.325154,0.8492025295840552,-1.1222275770467645,0.3492450299652537,-0.3024487662515086,0.5962010344937394,-0.5498668818988749,-0.28954862245424157,-0.5879322151297341,-0.8653405951417058,1.5231943009235815,-0.9517269594715687,-0.5584701242157486,-0.006916108464865158,0.24102878567224775,-0.37621948120561893,-0.5170969257336273,-1.760631869791981,1.430125118122625,1.5126428419158224,1.8102841033390358,1.4137703286348582,-1.3185043865668609,-1.2752056379570578,-0.724276978676657,0.6115516090301338,-0.45934310621441515,-0.5572861951755036,-0.7421312063601291,-0.837836928344216,0.2555937470084615,1.5880990243829147,1.622072113028369
186480.3251879,-1.9254511797251754,1.6348165066475857,2.3785905901189635,1.498812266600293,0.2753297432073239,-0.1849983391656003,-0.2607693445041584,-0.5447809327037432,0.27254549263044225,0.09888317422731482,-0.6205455368848579,-0.7844185061515099,1.1371000146527042,-1.3095631190260466,-0.8046041109471357,-0.9062560139395667,-1.0272172795644425,1.2848291257334812,0.3461022844680667,1.2370154528877475,0.9691337637216199,-1.0908806433415237,-0.7554401201432156,-0.7187818533934889,0.7859072963919773,-0.7794947944192865,-0.6472487428984742,-0.8780786543041315,-0.4873478513144531,0.34640808934407613,0.36391498079081136,1.0964882410043992
186480.3252226,0.9990687107228458,-1.3260696332267832,-0.23570021764668134,-0.48595632585721454,0.04746958442856944,0.0307080821703352,0.07182073229513578,-0.40190997333336226,-0.05191879566582073,0.5260774329124792,-0.6943944593649177,-0.6655102260213093,0.6173110588807362,-0.49742051587694114,-0.7641966893270806,-0.6608126212965201,-1.8322157326398822,1.8761219659026644,1.390433048784721,1.627832799349507,0.8429575424097278,-0.8463055054709558,-0.9311923694781831,-0.4980642892121674,0.7736494141750876,-0.7336964719050764,-0.7214835777517223,-0.7299622181024166,-1.3963217823112692,0.9705846454942776,1.8847135324887274,1.8143828544734837
186480.3252517,0.22875085595600264,-0.7164757767452157,0.9520337204784941,-0.003065315853881825,-0.9366794542207225,1.1664361120344289,0.7556677594706432,-0.1652233909196512,0.03858915436714385,0.5759171850032453,-1.19769155743875,-0.5614040441268572,1.111838636978598,-1.0487523367682414,-0.9341604941631425,-0.8916954030851196,-1.4173706936155417,1.3690576716359422,0.8461550564475074,1.484419330493536,1.325490321787939,-1.341189651855513,-1.095724696207763,-0.778987265946075,0.8260145412601702,-0.7171315201496193,-0.6809651950423102,-0.889721282680872,-1.1766333625135827,0.7121383168449734,1.3546854064553213,1.8056773721189203
186480.3252782,-2.1425484553400986,1.806892614158124,2.465476082951381,1.77164916704384,0.019735010018328236,0.3845816557419807,-0.3682693732222438,-0.5989182576314824,-0.10598937106914684,0.6274227857781761,-0.3784593302347614,-0.6112815828614888,0.9839155401599805,-1.1497966295940685,-0.6508085830981393,-0.8064274993155843,-0.009877763061360248,-0.021102100847683648,-0.128442986505874,0.4181170441494016,1.0887269348099977,-1.325901033075341,-0.7124701122758941,-0.7288301257340263,0.8674184639242155,-0.8894757901550107,-0.6919333192729737,-0.8663034156787116,-0.701380359441921,0.567378497993823,0.4649076216585057,1.4219946700280528
186480.325307,0.817903547540968,-1.0987923211145492,0.3460243472757521,-0.3063078949924209,0.6106615731914001,-0.5674993715800398,-0.32339471905706324,-0.5946683661639096,-0.9183956557797109,1.5864116193071223,-0.8507695615455368,-0.526989184572989,0.21684285318535212,-0.010587275971276922,-0.4819407257072034,-0.5620149864016065,-1.7098727017825641,1.4174632666389622,1.4598756037964236,1.7483280596838007,1.2968461776204108,-1.210889614708328,-1.2164043657036507,-0.6937401310296387,0.6835089240379135,-0.5436403597269648,-0.6155867354344118,-0.7536883356650596,-0.9974947180137613,0.4275340571550758,1.6821961563756922,1.689080839141823
186480.3253345,-1.9980521240717561,1.7353967162389228,2.4124737602744437,1.5654787607675142,0.3180426053933729,-0.23339448494610052,-0.29211681544095214,-0.5811552703036917,0.3213146300168969,0.010612588923644951,-0.6032471821785296,-0.774482277910007,1.1289033523226826,-1.3376192670776028,-0.7771227709768823,-0.8998305630613185,-0.7653571914410736,0.9946708355105849,0.20248055977353907,0.9849420452547418,0.899898668390012,-1.015317323434819,-0.7160929730257294,-0.6883369028946782,0.7989056728407192,-0.8229748295080797,-0.6363511785272854,-0.8711849647785435,-0.7036556134508459,0.6686257642934489,0.4099766001013952,1.2645691729259823
186480.3253627,1.054501043043978,-1.3838568688561057,-0.31447399048809005,-0.5231894630763599,0.19879568055960448,-0.15338089277431077,-0.04538032927551469,-0.44389120357670203,-0.0035828499362218595,0.46300702936759597,-0.725871123832742,-0.6623391303610726,0.48573633874111943,-0.3428613961616065,-0.6570851986158225,-0.6216717408721997,-1.8260531161913347,1.8722492733921587,1.4142142762510235,1.6261807939034303,0.7770336972271423,-0.7693526217647759,-0.8933649884588185,-0.4765825631799729,0.761028741399012,-0.7325383739744461,-0.6920348811704558,-0.7192584332699249,-1.4474595348432997,1.0467338507714898,1.9139962355904208,1.8207517404328013
186480.3393671,0.3465364821803136,-0.8024078085723133,0.8393876178320155,-0.09069564209515696,-0.6521518186611346,0.8391908073666314,0.605396414643524,-0.2423195644580014,0.02412379248348517,0.539239910948611,-1.1638325640777474,-0.5161854500407365,1.0299159095479826,-0.9745794742476068,-0.9119700333853311,-0.853328774590257,-1.6376235311647882,1.6008178106607949,1.088586036426167,1.6267372960891935,1.283055149389108,-1.3028935230058118,-1.123619784456598,-0.7791600928418736,0.7999920449397032,-0.70668552656593,-0.6851521698670517,-0.860856485948305,-1.1938480287146636,0.8073178034156252,1.3512044828850223,1.7158087138851357
186480.4079736,-2.0741394393181767,1.723533759443683,2.457999691177052,1.6943564503343111,0.2451422689190767,0.032541909365329316,-0.43876383509664735,-0.6487661272031732,-0.14506357765271125,0.689911582395413,-0.3575824584417442,-0.5917560761255597,0.9430941634730043,-1.092461188890966,-0.6376303843624945,-0.8003542952544953,-0.18179139406129646,0.20961086243283641,-0.05202069615436615,0.5340132903967363,1.099137619160714,-1.339750178162879,-0.7249365445291516,-0.755763089621192,0.9169771407602523,-0.9763045259564516,-0.7034148566668663,-0.8776962017098318,-0.8033567812808678,0.7529177793730356,0.45634908407421826,1.4459660491832043
186480.4080261,0.7841528624442391,-1.0466607707864146,0.15225347808884254,-0.37217018629826126,0.6857919496030045,-0.6733330274645452,-0.43542342318241706,-0.6208763986673868,-0.7435873324644582,1.3882000288203251,-0.7521891154677887,-0.4671488293771331,0.388704739795977,-0.24129219598241966,-0.5198333776015871,-0.5825864761719017,-1.6575473148838606,1.4883536762728995,1.4086369302534467,1.639457520399651,1.0808718701201905,-1.049171227837782,-1.0402197279358179,-0.6520188772556245,0.767653499701986,-0.6883232292592772,-0.6676986799151381,-0.746797394499036,-1.3060402743170783,0.8222267462372137,1.8544739157604586,1.8021406418696928
186480.4080636,-1.867193575369976,1.5527042233342725,2.3692398851836023,1.4186850453514501,0.3882339467983756,-0.33480080248112354,-0.3189979725906858,-0.5951577547645149,0.3044475936712348,0.06635748088317382,-0.6229646787601818,-0.7711615156414586,1.1740860213318094,-1.404999605976337,-0.7929934865969918,-0.9053366133498482,-0.6501009948545821,0.8499584656186809,0.1485936494975002,0.8408069891203377,0.8415499397090537,-0.9205622512173336,-0.7085200935583126,-0.6471664171267681,0.8379267345603854,-0.8816773580834717,-0.6459371009151126,-0.8694296415827798,-1.028949665846303,1.0730198479221382,0.5715797977401823,1.528759907993582
186480.4080975,1.148295578401508,-1.5953729515376933,-0.17067072945397074,-0.48586108002886375,0.12496393043833547,-0.06385803901211531,0.04495994942894351,-0.42418092678393227,0.002848245470692779,0.5082245748282929,-0.7578778243312684,-0.6833044591798706,0.42490657934204235,-0.19602238761475083,-0.6933998812472437,-0.6579685730014034,-1.6309026621097134,1.6457095113806792,1.1987159729922447,1.4769339839418556,0.7375394479969566,-0.6917738344482113,-0.9361875098518674,-0.42227434200793057,0.8117585531090357,-0.7755178288423924,-0.7095908073638726,-0.7449035255665332,-1.6194096726488487,1.1686109552461919,2.024050829827036,1.9415589226266785
186480.4081296,0.3436165154362141,-0.8157387275515492,0.8793597561641457,-0.08211892446124418,-0.6442153056561022,0.8368778091474257,0.584223293318654,-0.24765391038204526,0.009385003911143955,0.5412168478378947,-1.1363232672870365,-0.47473330592311525,1.0057021066316885,-0.9395138064225116,-0.8997498550184156,-0.8558637517472223,-1.6631640690271066,1.6287262582923794,1.0881947894985338,1.6510330335692833,1.3049928032754121,-1.3148454343394287,-1.1562173668666298,-0.8040560029713456,0.8023483992333744,-0.7015170704437248,-0.6942619020785742,-0.8721369127291557,-1.1586654538046275,0.7647941234795144,1.3347745522693237,1.6855297746448448
186480.4081593,-1.5357846506366406,0.959539486589768,2.2801997361108794,1.210245540177095,0.239660331737602,0.064899658632092,-0.45189547971195093,-0.6733783359401124,-0.38376417216634867,1.0345088544825838,-0.31009737332644116,-0.5431704789029088,1.0103673069066625,-1.0972452861106141,-0.7027720938119978,-0.8096447267472764,-0.440929431133306,0.4764299342577828,0.09168501581473096,0.7497826653129549,1.2801715229183883,-1.4865129756355966,-0.8559263688023628,-0.7930264376095472,1.0483100790243274,-1.0627872008772885,-0.8206137516571158,-0.9066560296095677,-1.2180309866506895,1.1111675286612723,0.7694203153842589,1.7658478033193619
186480.4081988,0.7944949487920634,-1.0198505457122753,0.10372703690618315,-0.3867165738229031,0.6690615500477761,-0.6458994386464854,-0.46341001340743787,-0.6128855041132213,-0.8883077017041927,1.4745273971574833,-0.5528891943740618,-0.4475088874221963,0.4762199211680911,-0.34696455991392433,-0.6036877720695201,-0.6062320816788995,-1.8222532169348493,1.6060417553536477,1.6738024959942535,1.8601454934386434,1.0334969803378202,-0.9771881061611131,-1.0933785385926411,-0.6489006871346629,0.7294650859468678,-0.6410372071698169,-0.6873699699710364,-0.7346459144831959,-0.9921775676535751,0.550370705092482,1.6232059555142615,1.5767441552164354
186480.4082276,-2.0769462503841725,1.8329035458555663,2.4538641685341984,1.6764320315866863,0.40469940767533125,-0.34084837383369815,-0.3548699512009015,-0.6381643475657126,0.42790353701879746,-0.18702994077620816,-0.5975326653040608,-0.7576663372844901,1.0750576455683016,-1.3131683568856571,-0.718575397643897,-0.8709125213353882,-0.49124183642550623,0.6880269758092997,0.053913164585122755,0.6963218500050117,0.7298956999917431,-0.7862606792470468,-0.6366754999431823,-0.6126300979287359,0.8041216074883545,-0.8599519512644499,-0.6249118780282918,-0.8560287481756942,-0.8734898109328523,0.9663287803421953,0.4247880590010128,1.362648170698323
186480.4082763,1.2968514914990077,-1.7465092911352778,-0.3514901842521835,-0.572713432450676,0.05565769020691507,0.012485180401506698,0.12178921142570409,-0.40405899223857844,0.18672517153578738,0.2720674119830236,-0.8943468218039605,-0.7185130179588546,0.37491195300652025,-0.17480000220503364,-0.586532964602201,-0.6129301617164727,-1.6671221178239601,1.6836008743305855,1.2546099911352306,1.5190678594010318,0.625659302828808,-0.5449485374247748,-0.9050924834929668,-0.38627949432514413,0.7012256614791872,-0.6424182065980882,-0.6229751177953622,-0.7293280859085454,-1.5739091527322655,1.1405225706480575,1.98403836938574,1.9047553251972393
186480.4083192,0.5638684427969523,-1.0190336212710593,0.6850578798034057,-0.19310936808285598,-0.7618095804116789,0.9415550322829852,0.7045905526726227,-0.19656218872905057,-0.09826363694452757,0.6726508529716619,-1.1336439640704215,-0.4412138686855647,1.0118577245728109,-0.9321929089306995,-0.9012386669903297,-0.8581508999992938,-1.5659325763256093,1.4825964893029717,1.047223118797321,1.6044657630153258,1.3219868339561374,-1.304062992047874,-1.195318890370672,-0.8082625623712376,0.7014667463423728,-0.5697441321713993,-0.6272291381719663,-0.8510434916782637,-1.173173953986451,0.7282312798634133,1.4205591083300393,1.7438766165309412
186480.4083612,-1.6790998300453188,1.1091094906675953,2.3427749260655686,1.3672363067032525,0.2555472988443052,0.03603629442713426,-0.46313758950612743,-0.6324680432533847,-0.3860614653531786,1.041138663122955,-0.2852096557137904,-0.5159626465677425,0.979989567886881,-1.0750561935146492,-0.6716919798521264,-0.8223379149289889,-0.3092413561676102,0.34659661148838267,0.0051615002431544725,0.634915307640815,1.2535745961522446,-1.4715538157980654,-0.8260181024526562,-0.8196077418858522,1.0225154453923406,-1.0521841317812932,-0.78472164696121,-0.9102396845249109,-1.137224256709669,1.0659130813879416,0.6828425481771869,1.6984644168168117
186480.4083886,0.7169145985625511,-0.9466068487186079,0.17732759581485058,-0.3661583115710372,0.7005158197493887,-0.6815450786524889,-0.5085666205634856,-0.6339474513608748,-0.8440628838313576,1.4150441282224375,-0.560930357281083,-0.403232628843081,0.5901187032936319,-0.4881250144107383,-0.657763202350181,-0.6433084260326327,-1.8616075471718576,1.6706840143059132,1.7044305858297015,1.8850883949126684,0.9485871774212972,-0.8911816537700021,-1.0328612393988972,-0.637211287854633,0.7516541569047646,-0.6756734559529619,-0.702083615200028,-0.7427586181877293,-1.00212002492842,0.5974039089764486,1.580446853149123,1.5415283289373203
186480.4084147,-2.0502629157536876,1.7783339462010403,2.4479009215942957,1.6818214042028503,0.4350997004134843,-0.3665132253726554,-0.3872861371544997,-0.669403096703069,0.48114096183547533,-0.27988901973248215,-0.6051680155428942,-0.7614643791599985,1.0781410589666864,-1.3205468245414482,-0.7165753667526145,-0.8760497746958232,-0.6328856466661351,0.8891721237179689,0.1098926245123795,0.8106845158318741,0.6877196124252907,-0.7143798573195346,-0.6280083062475613,-0.6006486934194266,0.818974102624696,-0.8818949256428571,-0.63346703858055,-0.8582934727481923,-0.8179268738458103,0.8957177826899683,0.41271131817144435,1.2733534966917843
186480.4084406,1.2047123208891999,-1.6066197413505132,-0.42642364771964725,-0.5905734464513005,0.17545923229284435,-0.13040598208970983,-0.01227493978770961,-0.4298303669568897,0.35684103781904664,-0.03650468621361684,-0.8573418979422952,-0.6998881043362237,0.3002124545048461,-0.1074157202476815,-0.5109975207454454,-0.5790568883815098,-1.601541678606713,1.6737104039016777,1.2152722629403345,1.4565708472407233,0.6435059614514061,-0.5892649427909639,-0.8845179631180754,-0.42944620674701345,0.6306742715053946,-0.5823490259049409,-0.5796011246627825,-0.6916715554481732,-1.709863599856023,1.3788496946957476,2.0558848310356193,1.963895721080388
186480.4084739,0.5972244497539518,-1.0445177174882525,0.6524597115973519,-0.2185524821376726,-0.7299742786640443,0.90522652909129,0.6981515844623133,-0.19012952241658634,-0.09713231805809718,0.6300317526215667,-1.0890467975881817,-0.398619237518734,0.959604509103862,-0.882754294378326,-0.8781303845653471,-0.8405184777587311,-1.438998901873639,1.3624290590982482,0.9853854281231489,1.510179896970442,1.3833420774045313,-1.3821170604822217,-1.2505560812157828,-0.8567115845784874,0.655098696940003,-0.5228956084938988,-0.6094031652581416,-0.8335668612001441,-1.3291642346065753,0.934597340031593,1.4911397044446395,1.827918268639912
186480.408504,-1.7797179144698803,1.216107616421869,2.3968813465266625,1.500284672603703,0.42197561200376726,-0.23485160428121835,-0.49342306233975836,-0.6727349118186547,-0.4214988128434506,1.1019479922947513,-0.28036845441992875,-0.49872183533325687,0.8997112208477311,-0.9729598502295541,-0.6299272904444723,-0.799278883071761,-0.3000602386995874,0.36014134659208025,-0.01591945495803592,0.6063775935040424,1.2085193100303324,-1.4166275298561668,-0.7965480825929891,-0.8292084243760174,1.01423013776945,-1.0677935914243843,-0.7555583742116078,-0.9010375942920253,-1.0431593146383689,1.0140356204826246,0.5748633724401302,1.5943193827839703
186480.4085283,0.6262447445065533,-0.862496817224012,0.26261055821126733,-0.33506497582338235,0.7176851133014933,-0.7021415597393265,-0.5474088703587947,-0.6497058670373393,-0.7794893638221577,1.3294597255519296,-0.5453159844628721,-0.3685140747496529,0.6938142687320723,-0.620568613363239,-0.7103238189346153,-0.6733984602414018,-1.8499765525692036,1.6995430439817694,1.6623462326741585,1.854086846838161,0.8963217170428285,-0.8412127121203895,-0.9901956645533719,-0.640759279167249,0.7781749868983747,-0.7134850406436273,-0.729601406475468,-0.7546492048004375,-1.082774914089964,0.7109019735568961,1.5978889538996963,1.568005014981301
186480.4085542,-2.0226327480002912,1.7314771718425408,2.4456737774382336,1.667553560396998,0.47290242058521875,-0.43038278132589197,-0.40295422697054273,-0.6622624690610085,0.5130700219398687,-0.3481817883091043,-0.5968110034279562,-0.7522640024630397,1.0584404119714672,-1.2946970828250004,-0.7069842225977254,-0.8670948674807739,-0.4709760469200741,0.6946122957963965,0.022978186402464663,0.627231461161417,0.6450207065215128,-0.6436260618496059,-0.6173242109452466,-0.588273926672944,0.808933606105633,-0.8744694495317095,-0.6237549148128486,-0.8433864086013703,-1.0047583722033322,1.1652676962023742,0.4791766149136209,1.4184966527207215
186480.4085808,1.2179012324567056,-1.60445507052149,-0.4757043792046453,-0.6149169191079833,0.26013376336600436,-0.24182329399097527,-0.07443369228068278,-0.44739114533836105,0.4048584598778544,-0.11640788378790103,-0.8843217603850144,-0.6806731744259134,0.16423451241548445,0.06905146220584976,-0.41757978972440823,-0.5511534272577993,-1.5239075059997491,1.589438185842,1.1658991367285616,1.4030658482043206,0.6499208333171886,-0.6032904537866716,-0.8710003572853418,-0.44214689718520744,0.6019877731416285,-0.5579103234780187,-0.5407970205072199,-0.6753706352508205,-1.7751290685751149,1.4653973775172067,2.097937862658752,2.008586350361765
186480.4086069,0.6231950132716582,-1.0571066626591243,0.6419074537594399,-0.2393902119742938,-0.6515049950343277,0.8055190231559164,0.6639270504057777,-0.2001169295546166,-0.17232882656950835,0.6943004982069202,-1.0415067160054108,-0.3586449832450998,0.9254771245265587,-0.8480367954587156,-0.8603371790522826,-0.8273838846924023,-1.423193471610786,1.3413673531199557,1.0082448429107733,1.4934659756117068,1.3922485338775177,-1.3862670825977563,-1.2826963488255303,-0.8770485228555506,0.6768659001465633,-0.5527350488935396,-0.6328333882704383,-0.8334691895332692,-1.3707592786076672,1.0029587151263442,1.5032942850776698,1.8425877462435247
186480.4086338,-1.7594700780331245,1.1625105969142775,2.4009282938511234,1.527484789966012,0.5099754368089342,-0.3681719243789541,-0.5163503197091298,-0.7052929447772731,-0.5322661062328061,1.2246244173801666,-0.21286741252934765,-0.40228038693131357,0.8153858877486931,-0.8425293005186776,-0.6008945356209447,-0.7788861844898929,-0.21897396845808811,0.27609524366750576,-0.07244864098633909,0.5221694050047864,1.2160640201436208,-1.410304089325203,-0.8077173930188107,-0.854618548364016,1.025986663397884,-1.078793964428827,-0.7611737004965038,-0.9110282224999242,-1.0567018553751184,1.0365690206897122,0.5705237085099532,1.6024520920916219
186480.4086587,0.6218909016870253,-0.8373885397986326,0.21833184165334155,-0.3491082521079413,0.7578716073669823,-0.7424586946627345,-0.6229824747141499,-0.6672956404597185,-0.820862403494729,1.3288428345368917,-0.3922218843543669,-0.34276338581087024,0.6991155436214286,-0.6337343057487448,-0.7243483966449485,-0.673969642383361,-1.8812381442483344,1.7319843625100977,1.7393208820220252,1.9145346183871932,0.834686287662285,-0.7730770157041614,-0.9768582534743215,-0.6261467167170984,0.7937646524359154,-0.7370574175841783,-0.7648147199469258,-0.7515227438649765,-1.005228445030573,0.662888776451463,1.523573005459346,1.4962717629567712
186480.4086852,-2.108775500135344,1.8310392546872556,2.4770947398008367,1.7993251704389739,0.500131708273708,-0.47555186016481926,-0.41744716492625444,-0.6678993348303188,0.5301539540477044,-0.3890174252114967,-0.5873129414302981,-0.7471776761074096,1.0243885621685291,-1.262297560460351,-0.6809261295294821,-0.8622196608598292,-0.5197177626209925,0.7931562619742771,0.02682225712427917,0.6587450062356199,0.609043728229728,-0.5913945253485721,-0.5971311533204601,-0.5838759857651398,0.7981197856969007,-0.8730614849619344,-0.6102572500159696,-0.837328018966977,-0.8333444756602318,0.9671273394856413,0.3891576422973484,1.240430499855081
186480.4087095,1.24041625466108,-1.6376231967758577,-0.523979441911214,-0.6340454122645856,0.13972753587821954,-0.09329798129408931,0.013174380562975018,-0.399028327270567,0.5557209310547654,-0.3541469807045413,-0.8929615088959959,-0.7019368012970149,0.19588878434219026,0.01067903271696129,-0.40595460024421604,-0.538531767645649,-1.2976314929740977,1.3696502424884756,0.9561227769357811,1.226757282508324,0.634735971049831,-0.5789417939873166,-0.8860723218756337,-0.44326781523370773,0.4757644695417641,-0.39472085040612487,-0.46256296168832023,-0.6414227401044675,-1.944622453553756,1.6784015279624924,2.202233677116623,2.1314755813076673
186480.4249943,0.8181973126689241,-1.18785506139451,0.2990431225794011,-0.3907034925618591,-0.6616038232678041,0.8054058354631066,0.718988865875872,-0.1621161280751911,-0.18682080116345728,0.6570541660682001,-0.9656162660756699,-0.30380420033135996,0.8917484944479654,-0.8308136650778328,-0.8418348580535054,-0.8039164888199878,-1.2567921940610365,1.1839855078726302,0.9364358753632781,1.3524652728034197,1.3637496499154298,-1.368862195952067,-1.2941471936972495,-0.8798352144591931,0.5536433778903744,-0.4257427577043229,-0.5540083344905207,-0.7796628574336171,-1.5221220164303946,1.1668281707247954,1.7011387884983948,1.967573108877788
186480.5080912,-1.1574836798508628,0.5020791416067721,2.1701561115737933,1.0159215767226204,0.598110174880368,-0.48001994297580325,-0.572603957066475,-0.7184621312909764,-0.657112407031308,1.2868543219233606,-0.16519968858372291,-0.34365263021101305,0.7717094474880507,-0.7333750913045105,-0.6306424058708021,-0.7386482295756491,-0.2783852652621247,0.31526821274148303,-0.0276661987644589,0.5228539966589874,1.2523868110477345,-1.3555720032567173,-0.9130054941497747,-0.8492726815683802,1.0562116128837018,-1.0479866795550963,-0.8507220850954995,-0.8893487192351553,-1.5854366941555635,1.5127520408205128,0.9896837179569402,2.000608818499566
186480.5081463,0.614445610567545,-0.8187823533356244,0.1645649155771545,-0.37041896429421856,0.7761853562755505,-0.767327912408426,-0.6469558766708392,-0.6771953376427332,-0.8010006751328764,1.2979128615513646,-0.3625165692329309,-0.2910091946087673,0.7255192990639433,-0.6753370701960033,-0.7210965963653648,-0.6837241288114425,-1.6768234854905244,1.5726240021685234,1.5058296236895137,1.6946713238560802,0.8488837853057111,-0.7998825305294311,-0.9513036414803505,-0.6529585079931273,0.8054386973362081,-0.7616291920416578,-0.7629063521554448,-0.7492275129633701,-1.2926485879255527,0.9524221947912548,1.7743844966382614,1.7298623224575782
186480.5081747,-2.2209347992225843,1.974300313864275,2.5248244395830453,1.9848231973298747,0.5392261659650848,-0.5416221441144764,-0.4431383820087833,-0.6692185653911298,0.5538481576700836,-0.47208563517322044,-0.5578949764625584,-0.7210488185276878,0.9124388518625429,-1.1056520028281038,-0.6257490277248479,-0.8157173503045244,-0.48639676811818017,0.7762162686829571,-0.00029506054215092727,0.5996206701358154,0.6188508437312227,-0.6257599301680628,-0.571892593810138,-0.6118031958751405,0.7536604830107404,-0.8301495745680899,-0.5788175111460508,-0.7960832394076065,-0.6706929348989104,0.8247527043047208,0.2529631121114842,1.0294273020403995
186480.508222,1.1954175481823963,-1.5135240336503368,-0.6090236069892335,-0.6673152907694777,0.23377921781550418,-0.2111709258322055,-0.07871616651014822,-0.42337650004175686,0.5762928808584591,-0.41099722369833286,-0.8962201093197623,-0.6790288779246645,0.0859839783415537,0.11421151148095346,-0.2814509305598653,-0.4795995685993446,-1.436063381541007,1.521731800982426,1.091045076822501,1.3323355043903944,0.7471987083463185,-0.732768248400141,-0.9178785399635063,-0.5243852430009287,0.4328422411559063,-0.3508305387045828,-0.4336714351544912,-0.6201123858957382,-1.8354511931591395,1.5833476578222185,2.125915711674505,2.061482361841517
186480.5082517,0.8864964660507428,-1.2197942219514808,0.18175935902510762,-0.4512849066616596,-0.6218728080632434,0.7399588941772575,0.7303097812913785,-0.14865907352876845,-0.3324088697660478,0.7963614018646895,-0.8720779943278593,-0.218427120222104,0.8794780439943171,-0.8220925254573036,-0.8311225382974795,-0.7981044720870619,-1.1504078241956879,1.070636890427742,0.8886340671782298,1.2641403551424553,1.3638837203556808,-1.360384044851294,-1.3210298120536916,-0.8993120022926782,0.5443731832713694,-0.4212953696462437,-0.5499220299030669,-0.770499769888247,-1.569541911647139,1.216608975436632,1.773449167087382,2.0221469895380646
186480.5083096,-1.6541145287307875,1.05066011039916,2.3706786520577636,1.4335645945036866,0.5990109161704216,-0.5208198668111478,-0.542941957775365,-0.6984798767152289,-0.39100565912297464,0.9910896479911154,-0.23996817334449383,-0.37988776171032446,0.7390299130073692,-0.74282048410698,-0.5718389428756416,-0.7455074551380606,-0.17288380703955286,0.2629956303196085,-0.12183763625823797,0.3938623955658989,1.1839313656384012,-1.3653527176762081,-0.8102221018648048,-0.8652811651639368,1.0159756141989944,-1.0838488749673993,-0.7580672119982135,-0.8885660365261373,-1.3199438141218751,1.408096554851851,0.6741973720589932,1.7502953051841028
186480.5083733,0.5268099991795826,-0.7457999185929566,0.32937644489523654,-0.30100400631076213,0.7980643938255239,-0.7782340756758303,-0.7161921573068853,-0.6943846963523943,-0.895172851528895,1.3532911408449786,-0.1345738764711805,-0.267695232921343,0.7792066390578889,-0.7247228253964187,-0.8048695842559492,-0.7175512206847877,-1.7029148486691195,1.5979123296192366,1.5162418604685746,1.7523550062274926,0.8291522968487054,-0.7635911486622701,-0.9955604694266277,-0.6560404795291666,0.8407657245763431,-0.7889549132386173,-0.8418088283463419,-0.7720343407470704,-1.1759113532900367,0.850099411101877,1.6473866104431731,1.6563549703180307
186480.5084178,-2.2096287904185266,1.9427222674079936,2.5206335301930833,1.9724376173602371,0.5270941252209794,-0.5282872736085166,-0.42999861452139476,-0.6604619369246225,0.5408213470267561,-0.4391241362455803,-0.5663426104581556,-0.7055740976449826,0.9454399180531962,-1.1744697172596512,-0.6272458532210855,-0.8270397563420469,-0.34641690220674437,0.6054856551945987,-0.07005680558355636,0.45071713330841784,0.5677558778446503,-0.5410678883045941,-0.5607060866528404,-0.5763456952344814,0.765510422853198,-0.8562334555917958,-0.576184524122945,-0.8005656845705494,-0.7905759983735092,0.9909745484075457,0.3099009643668947,1.1468324200480267
186480.5084632,1.2889219881571703,-1.6303058933000318,-0.6400243396146742,-0.7058745540069836,0.4036446435064207,-0.42406310113569085,-0.19571107272130703,-0.48180115533963835,0.5673197556106185,-0.38308330120349143,-0.932878190718277,-0.6623791265363661,-0.16925135481970136,0.424665639485376,-0.05668744440861314,-0.39283191924547894,-1.2501035547731973,1.3049497253993325,0.9313845663250847,1.197916532815989,0.649959697588512,-0.5905944235985098,-0.8980600223652179,-0.47710029853046526,0.4229292507507222,-0.33580257380083545,-0.407662761160137,-0.627411297247993,-1.913420426020545,1.6342339281538498,2.1996392646631406,2.1494818180909365
186480.5086596,0.9889064302575789,-1.284917355457984,-0.06767474414736376,-0.5516529239237898,-0.34047449793926127,0.432512276961219,0.4910481057209759,-0.23675326917712447,-0.3422172383691105,0.7800865301035655,-0.7838226565970151,-0.19153701097843726,0.8104539943585035,-0.7657858230047776,-0.7662972708697993,-0.7603715259822827,-1.4024337347042273,1.35463858635654,1.1147158408003346,1.4205427891665037,1.2474350593758987,-1.24384616166273,-1.2698231463943566,-0.8522389679913362,0.5552329591166002,-0.44883011616517704,-0.558257270240121,-0.7544642015487929,-1.5169029720959786,1.176142062869345,1.840111141727345,1.9264751104352607
186480.5087299,-1.463742565916849,0.833004761971697,2.313963497341642,1.2607660642311602,0.6870267097908056,-0.6447976489719799,-0.5909497770968455,-0.7080519459371407,-0.2764217422159576,0.801100246158427,-0.2855937236986554,-0.4254588221143995,0.7661386382615363,-0.7662701077333791,-0.5919826604270091,-0.7660983792479431,-0.5474374180358476,0.7308719596579939,0.04906826798679883,0.6606551352145958,1.160039086268722,-1.2913342463705133,-0.8337512459758339,-0.8729025240739952,1.066769229102167,-1.1356574052554478,-0.793577568069123,-0.9124771699048072,-1.39237193725458,1.4730824405432008,0.7328232099390262,1.763567641832529
186480.5087821,0.5387392012705926,-0.7449793536824227,0.19208689121792033,-0.36086325683692777,0.7732906726665307,-0.7814611583840052,-0.6729014870717864,-0.6829388835169462,-0.46790102039376297,0.8660114737271943,-0.39398530429301215,-0.3038654610856128,0.8027680338507073,-0.7914204805607259,-0.7674368449873903,-0.7168167979778514,-1.7440009683806463,1.732890033054997,1.504653264876772,1.66683119597392,0.6997654830824758,-0.6494188384600051,-0.8486764545999327,-0.6018885242534809,0.8246360470642728,-0.8071478091970598,-0.790523993385224,-0.7566275177841729,-1.4272974491601749,1.1755261335020277,1.776783928242653,1.7561692454810727
186480.5088132,-2.2556773476847627,2.022617077596783,2.532099746370065,2.0442256146652578,0.5293231156556951,-0.5362178124232172,-0.44341654513329226,-0.6353583491305755,0.5658257813528406,-0.527866347151068,-0.5347064239058137,-0.6781602797831122,0.859092167443976,-1.053841188840016,-0.5911339442959319,-0.7702535851013979,0.02868541061788742,0.1018789214148154,-0.2385601185399819,0.05696583172235121,0.4693175191134305,-0.3962789800173203,-0.5194523122560211,-0.5157191298036894,0.7181533140898857,-0.8023704458120287,-0.5545119608751317,-0.7435500899114447,-0.9147199605889518,1.1920787752320523,0.34968155863610717,1.2418499873426103
186480.5088441,1.4533935174476376,-1.8271429603601639,-0.6806095241629911,-0.7498035424464706,0.4122447990767265,-0.4409473908628347,-0.16347662967540916,-0.47047365179580364,0.7046784230480165,-0.5442087206580108,-1.0027987749785134,-0.7252592271315149,-0.4537586855150537,0.7847015744644603,0.1354384452761907,-0.3264741321149941,-0.9523945075401933,0.9426194487246762,0.6815227304809519,1.0183901368867738,0.48674451794195034,-0.3429681538894961,-0.9149728048539436,-0.38343437283148785,0.2944809306362166,-0.16053263049746777,-0.3107386394877134,-0.6062091255283958,-1.9453889950953105,1.5884788330788375,2.2556351974014275,2.243263914961894
186480.5088749,1.010972684570864,-1.295163209542779,-0.10846712544398406,-0.5787444971079644,-0.0880444337907503,0.15137958086333148,0.2594408055721365,-0.32587847470069803,-0.44510556463049367,0.8837873382328078,-0.6930305434721525,-0.12975370418356766,0.7812651283130346,-0.7378833379091,-0.7286086543730311,-0.7471870372966105,-1.5288269395462655,1.4966776184479664,1.2088142717211254,1.48652018503365,1.178234458543212,-1.153113498581096,-1.2600659801946343,-0.8301175138398613,0.5515997641728924,-0.44430370852037815,-0.561136442798344,-0.7511741177112099,-1.4600950976324885,1.0986192170092461,1.8830536689888837,1.8763351598062616
186480.5089037,-1.064992267520447,0.4315705939226084,2.14190968734596,0.9339338599426452,0.7704950615570059,-0.7388339526122336,-0.6580823517940401,-0.7345134485299654,-0.27758954795735996,0.7409213006532809,-0.2880727692934577,-0.4062798795349976,0.7650617039172848,-0.740627172645255,-0.6208049997208764,-0.758686056508643,-0.834290650046323,1.0292926617585676,0.21741582442508356,0.8521598216639388,1.1220413188230096,-1.1754891907967229,-0.8934925371051327,-0.8575431963224265,1.089897934251424,-1.1199831983897677,-0.8604945581716249,-0.9135854971711022,-1.5706235530245989,1.5731489581095213,0.9616217043140879,1.8845143964605509
186480.5089441,0.5551391523994759,-0.7419140230171473,0.12045301299461446,-0.3938521620039966,0.7754594918320648,-0.784282548990639,-0.6880645382929549,-0.6908193196293503,-0.42294961276939125,0.7793916391353604,-0.36035132351213445,-0.2725411233594162,0.8136128873086248,-0.8098504782892757,-0.7729357159592559,-0.7253687172734599,-1.8270927724412345,1.8287051918847097,1.5887115641566962,1.734753204971465,0.628127813503714,-0.5682111839712051,-0.806967870897744,-0.5754501321417965,0.8298192524968491,-0.816355124301288,-0.8027915966167574,-0.7632032738188909,-1.3521162123301051,1.112516527549485,1.721946468127535,1.6864815232554458
186480.5089845,-2.1174751077451432,1.8068279750034626,2.493119527384676,1.8893816252025728,0.5658534747306898,-0.5827722116680557,-0.461808582192933,-0.6460907173752881,0.5973417159912713,-0.5667199044809414,-0.5522897014079655,-0.6873721205667508,0.8861824739092735,-1.070687154410228,-0.6098922525228082,-0.7845804741837267,0.05443314866457853,0.07029583102531482,-0.25518960653584294,0.013951127641857275,0.4092576426597373,-0.2821522106229151,-0.5196094244997987,-0.48386713721692265,0.7522745537941655,-0.8380944488877105,-0.5737248635098582,-0.7567015376046975,-1.147867902004576,1.4633021240410733,0.47939490328453044,1.4552792341029555
186480.509017,1.455241120114649,-1.7919339955943978,-0.7101983672990269,-0.78691714838501,0.5025370064697933,-0.5407052323384249,-0.25283669062260467,-0.5070567647257394,0.7489436903053359,-0.6023177533334431,-1.0334066792548176,-0.7426417894170402,-0.6858828864201996,0.9911406951827542,0.4340370420291435,-0.18234640698456508,-0.8729096555943527,0.8629846435823967,0.592444904898463,0.9669878977660017,0.48928124745133983,-0.3330406196732369,-0.948244942772416,-0.4045083330790866,0.24365207610903702,-0.09813775286465308,-0.2829645062165882,-0.5979824131960157,-1.8808625984356024,1.512010015039005,2.2011692392378466,2.2544649580214555
186480.5090485,0.9256430829061415,-1.2220841691462938,0.11721038456959285,-0.5267996016310047,-0.03406089804214599,0.08855291685248348,0.21272658694659302,-0.3449102759977217,-0.5463634991956424,0.9550380236495462,-0.6176397490902328,-0.023611548594096234,0.8335493912842467,-0.7816463206691054,-0.7873185804770559,-0.7941578592720444,-1.726234364966753,1.6848455257984518,1.3684188432643563,1.6511442809607801,1.1659324554980581,-1.0973169758443269,-1.349410988735295,-0.8616839891725917,0.5902593574691775,-0.47072250486280254,-0.6314321882447632,-0.7946754115270408,-1.2087255249530822,0.843333504222047,1.6874456917668057,1.6946944052337187
186480.5090828,-1.0586249155534622,0.3886391928548639,2.158923151716014,0.9711376901626759,0.8405235124235915,-0.821185597885066,-0.6804025596608745,-0.7684189052702575,-0.42995986915373474,0.9453614329271987,-0.24959923888492822,-0.3536848660089291,0.7393758470882078,-0.7027360624851058,-0.5897558515419565,-0.7539787576852004,-0.9113307112356663,1.1124282524942204,0.23353559949674965,0.922866056974531,1.1129555705730019,-1.1321280627490984,-0.901663509047424,-0.8705387844481611,1.1437222952946209,-1.1691374890945772,-0.8793968825235348,-0.9520687286093189,-1.4366617294365625,1.3787583339375633,0.9083592904459545,1.8046862948846607
186480.5091117,0.5822946148927721,-0.7378704583572546,0.028875680486663155,-0.44142641580947367,0.78797988503735,-0.79147689005464,-0.7205391040287409,-0.7130004979175623,-0.4836792093123358,0.8022472212719552,-0.2848105309435259,-0.16311915325295454,0.8040799328769741,-0.7970592820213908,-0.7706695370522673,-0.7368490106397951,-2.0295344060451646,2.007770761874273,1.8520596100941886,1.9676278549603217,0.5481557062927729,-0.4765422608098037,-0.7639789424478005,-0.5460959360888158,0.8222129643054216,-0.8072591478809175,-0.8049223098960528,-0.769197420532643,-1.0315094880477935,0.800190055977778,1.4639851337875354,1.4020605792809224
186480.5091431,-2.038267531228588,1.6752445314378321,2.4716873553228043,1.8127990441132944,0.5935231960906306,-0.6136965100138483,-0.47763217367830835,-0.6639863305309045,0.6368061692868082,-0.6172752212193454,-0.5704985432396742,-0.712278343728829,0.9357123785426752,-1.130104460574134,-0.6317105315442108,-0.8209511508236572,-0.11641690654597267,0.31128181078386696,-0.18786573636294954,0.1570184820249469,0.38295724956042265,-0.2236406440563829,-0.5274570034041464,-0.47744653239646806,0.7963629279557669,-0.8910602317201054,-0.595787468828164,-0.785682903360988,-1.190677483661738,1.4892507253621163,0.5192641017346485,1.4905277347026047
186480.5091732,1.4723471214567108,-1.760490944160892,-0.7305469703835946,-0.8338278763968806,0.6202001529822024,-0.6627157957401811,-0.3608793947829012,-0.5631126306564824,0.8247352865240828,-0.6867846031143584,-1.0958377380374913,-0.7916983707273095,-0.8897461268375773,1.1657499135559852,0.688101657253598,-0.08174239561910025,-1.0542044278994527,1.0404448175408154,0.7236192448979814,1.1366384104050296,0.438888271847133,-0.2526727046235468,-0.9881143825947407,-0.3989835706898525,0.20891890783856282,-0.06041779162327025,-0.25976747367637154,-0.598995194407021,-1.621139185911662,1.2168871081654473,2.0234250573235197,2.1317216280916176
186480.5199855,0.8680285402706289,-1.1591974335092174,0.1950368066249212,-0.5091149867509482,0.17371222868873437,-0.13529018720835218,-0.0003215329437901291,-0.4231790895570624,-0.6286229332945068,1.0147554494852455,-0.49887188311968333,0.052529840952768574,0.8035618281523221,-0.7553546214415726,-0.7494657290389894,-0.782577026264997,-1.7498690176372138,1.7246436515349848,1.3783760472302005,1.6448902848746412,1.1222220873537259,-1.0372363104632993,-1.3622977448747897,-0.8647846098312593,0.6221537860509723,-0.5069587979711542,-0.6765028497395602,-0.8046448077740012,-1.21118651958466,0.8546382495733665,1.714046885861691,1.6868803943508586
186480.608062,-1.3562048257569592,0.7019595125621858,2.2798542181434627,1.2101422796612038,0.8496829849880541,-0.8758841749437765,-0.6506560994922088,-0.7629757350473333,-0.21556310728719397,0.6843980551293559,-0.3178212468981688,-0.3999806683605846,0.7047524286533288,-0.6928010036836315,-0.5400136292212946,-0.7372137718825803,-0.7801016093638865,1.0535417777262972,0.11305224277016393,0.7726609660440876,1.0587481693351433,-1.103649635750633,-0.8373114169497432,-0.8659372406220878,1.120733233752745,-1.1946407450504057,-0.8208304373405739,-0.949302803308599,-1.3820472743212242,1.4270762140106066,0.7737263689883629,1.7326069735158935
186480.6081142,0.5035027119593501,-0.6784511427447758,0.18180360684160332,-0.37843266626888317,0.780127129029164,-0.7800078434429335,-0.7288199847119912,-0.7117832393030787,-0.4034738078257814,0.6947397273942615,-0.2784379786864747,-0.18923210276466185,0.8346430310662913,-0.8293570974837767,-0.8077853077382778,-0.7552511659561215,-2.025870220052022,2.0340221077909297,1.7763561528157021,1.9277297936910465,0.5476031794702149,-0.46971142633867435,-0.7833934651735157,-0.5534300025905389,0.8425860810940492,-0.8230259146524223,-0.8485360302440855,-0.7886053913028624,-1.0791181047412683,0.8517915894773918,1.488813006897038,1.4490047744950998
186480.6081373,-1.6299124207979563,1.1607618202485235,2.3142401970225186,1.3917991819452915,0.6057078193811921,-0.6028692235201324,-0.5029326511354921,-0.6571629302845244,0.6601297691713373,-0.6115167671440446,-0.6239768071079284,-0.7136169213970935,1.0090533035622657,-1.1698887976095078,-0.6998190404803282,-0.85235277076989,-0.25804302836412585,0.4737221036292397,-0.125230862947726,0.25222454355008267,0.37034837200062765,-0.18458898154332887,-0.5693520591134494,-0.47320630183064655,0.8526298227207976,-0.9205365574457692,-0.6550728284795014,-0.8068938813440912,-1.6099136376741325,1.8549164033850207,0.8621440522419074,1.8592090801308723
186480.6081616,1.3358899728502922,-1.5748714181192407,-0.7497472675883992,-0.8365118874289521,0.8029376687060121,-0.8662919807311473,-0.5716755870642238,-0.6566943410813909,0.7088623413646381,-0.5869739540032181,-0.9754679742434869,-0.7150844354806043,-0.8305281310552944,1.0488138505928606,0.7620470569235014,-0.020255650519636802,-1.2074296154449515,1.2523340529412041,0.8222794506084191,1.1989830913314612,0.4825430912762376,-0.33043312334333075,-0.9323343188873621,-0.4529248012043734,0.31633426110642204,-0.20891037376652583,-0.33525876629741574,-0.6033112420228446,-1.608609588803363,1.2663329464293984,1.9801574065489673,2.0857992664063403
186480.6081931,0.7894680153099214,-1.060155363691155,0.2669510950637908,-0.48998662145679633,0.323264379859455,-0.2933419718817068,-0.17215417031914532,-0.4826828601668553,-0.7872248671272148,1.1430974593277583,-0.3043237768606321,0.19277816229427733,0.7897385052659827,-0.7454028603416191,-0.7306529858909595,-0.7818761475868095,-1.7122012516394056,1.6945964515457468,1.3485168123762152,1.6104417778999822,1.1060955217778663,-1.0098040929425196,-1.38243484289179,-0.8949591415877152,0.6792762333112069,-0.5714739883678486,-0.7516149206039853,-0.827030181762048,-1.1884165367578106,0.8424843663513452,1.7257127891265056,1.6733150123659646
186480.6082271,-1.7395665209888287,1.166760412257234,2.406406444918946,1.5590650289362338,0.8120976556652034,-0.8842883276042948,-0.5985635766703219,-0.7357276469372335,-0.06291944337406197,0.4894264990890241,-0.354002401821663,-0.4236786665474167,0.6849534211944336,-0.7143120205123623,-0.5021467080661501,-0.7206568681656125,-0.5326769195703197,0.8430331474014104,-0.03818333948546413,0.5364074105394006,0.9986875889475211,-1.0871179262911643,-0.7603421186017036,-0.8582627623863653,1.0482668882683803,-1.171069536319767,-0.7407197841682528,-0.923200287722805,-1.208842670142328,1.35756775197992,0.5875514838946094,1.5660537922837985
186480.6082621,0.5214524767109381,-0.68015263640569,0.13000689865488912,-0.4107046754164276,0.8088595222291525,-0.8055042328252605,-0.7672579701035658,-0.7412759196024368,-0.5205807734219915,0.7982348288098868,-0.16852851799320864,-0.0574250656688545,0.8446887354618258,-0.8377197085699479,-0.815623463765752,-0.7746489001289857,-1.9798264267148111,1.9863560823876694,1.739026322518593,1.888715031805582,0.540199174763023,-0.4596284130357229,-0.7803772823028792,-0.5634138302820364,0.8556027119703445,-0.8352784748418635,-0.8619266479811891,-0.8056994222644516,-1.0703954209984836,0.8336925544809286,1.5246806609731123,1.46445278155761
186480.6082978,-1.1464687109297298,0.6515953566139899,2.0623528826069957,0.952651261265284,0.5817099199971075,-0.559999229450789,-0.5067280134580593,-0.6220133661600716,0.6642139479865196,-0.5939324507202767,-0.6742798953984833,-0.7003859749027602,1.0533372768479212,-1.172908109749848,-0.775579579717728,-0.8618544588120391,-0.43925302828393203,0.6606141113227757,-0.022372477919173753,0.37333335468807133,0.3433342232993979,-0.14180824478618004,-0.6142055361718805,-0.45345285099650984,0.872850260134435,-0.9063950609132196,-0.7131437037480375,-0.8047752641780246,-1.9297238890517194,2.062833627683546,1.2439563238063656,2.1164972990960504
186480.6083354,1.2894323791907216,-1.4893705852208268,-0.7692591892075774,-0.8672966437114612,0.8517806927235791,-0.910992427085326,-0.6418816587007162,-0.6957398471742275,0.7732508395561221,-0.6799980615992304,-0.9660609878537558,-0.7582539070904767,-1.0397377123910994,1.221662993845484,1.0520699304203014,0.1634479946478177,-1.1337306157082045,1.191889958880232,0.7204533722440528,1.1440687647708174,0.44651680818579714,-0.28622992129261327,-0.9049258938362907,-0.455437158760749,0.3397980904090704,-0.2447091764376431,-0.3584602370524674,-0.6007731683970066,-1.52731048196599,1.197747218909922,1.8680646639864522,2.0699839657152865
186480.6083727,0.8013411179347442,-1.0181923975177367,0.018828886472284062,-0.5573968209491129,0.48725400133872576,-0.47468039693783404,-0.3633978495088101,-0.5452801063434005,-0.7493771206552908,1.0646623532270783,-0.15543939577625882,0.21700037474086917,0.7983610690597771,-0.7820836052755201,-0.7138018218859741,-0.7665821994107117,-1.6118293219356186,1.6436756304877507,1.2506632928518355,1.4761698890331152,0.9996435018980259,-0.921384568559631,-1.2514893838945287,-0.8493256196172454,0.6524661487279197,-0.569358671619666,-0.7090894839258308,-0.7778492237054537,-1.377859396368288,1.0573616561955586,1.9237257556672829,1.8032637062519388
186480.6083988,-1.8738263437370648,1.3778398980547724,2.43936549782389,1.686447150488664,0.7610074565531508,-0.8438511743267221,-0.564661067609582,-0.6920436407187187,0.07652730910218737,0.2695802026376921,-0.3914589111354671,-0.45764250613568686,0.72034741480464,-0.7876178618968134,-0.512650070798022,-0.7326576273252858,-0.4490653539443284,0.7732997192235843,-0.0858334278661445,0.4281881583663083,0.9343992543251053,-1.0200922718946135,-0.7223577392306506,-0.8391710925911962,0.9867008467230597,-1.1156829139258984,-0.7025909144352117,-0.8921862338770415,-1.1560905838267508,1.3465244021279992,0.5401866332511888,1.4990657917929573
186480.6084258,0.40838968888418,-0.5988743374790326,0.34767332407820845,-0.31109673145713,0.8110072010295186,-0.8057752701478713,-0.7806957973613093,-0.7392203081284883,-0.3627499430330629,0.6129513613148229,-0.21565148399636894,-0.15437155070595093,0.8666253713743818,-0.8595493509341413,-0.8417698937521716,-0.7885432615172014,-1.987160855393686,2.036039587937152,1.6274120258655143,1.84067738574412,0.5290639618889494,-0.4374396643266909,-0.7982246034352453,-0.5597449892659017,0.8746317727637043,-0.850985895134015,-0.8962158596314996,-0.8177429761934222,-1.1398071975139903,0.9036335687697754,1.5574722882328726,1.5300424315239753
186480.6084487,-0.4765531645293367,0.0723091659836229,1.4919684853914343,0.3918046190954253,0.5346867125163256,-0.5109403132467363,-0.4951202155916343,-0.5615240204190324,0.656967642620159,-0.5894166127850975,-0.723609549571078,-0.6664385152286573,1.0289695908488363,-1.104280619518732,-0.8463224029581153,-0.8307652173989343,-0.6177925210148882,0.812840742449337,0.14369940034970463,0.4826473240609073,0.23939410046289603,-0.026455198254148965,-0.6266340838213796,-0.383039552339779,0.8378733028923993,-0.8435497233797221,-0.7600332139476985,-0.7637534332154233,-2.2035456637963873,2.189492558751476,1.8160515801487667,2.3310687954454927
186480.6084666,1.1799839839069337,-1.3533062576365045,-0.7624267502379356,-0.8489363472345032,0.8807500742497705,-0.9450780305526795,-0.704536221092094,-0.7198149801538025,0.7057966785177598,-0.6283130842833533,-0.8759845131154694,-0.7012354646371797,-0.9052172318000922,1.0234332255895255,1.0431523136451035,0.20463501824471822,-1.188456340318429,1.3105402534379862,0.7116411841876681,1.105067189993998,0.5259047567762796,-0.39981204307719365,-0.8773623572805376,-0.5233460502809146,0.42697924857247965,-0.35908797278665927,-0.43273562659877207,-0.6057607092473251,-1.6257411699047022,1.3516239093088778,1.8982519704920355,2.0893913433150084
186480.6084922,0.7133571620526983,-0.9320787762402925,0.21444148432998225,-0.5028351869819778,0.4899964496618243,-0.4759300095644004,-0.37140484044203415,-0.531399849784113,-1.0112278702686657,1.3287776971041443,0.023553863833934305,0.37372333481151937,0.8704637195829866,-0.8476934187956758,-0.7810721080154581,-0.8207511498130392,-1.500103515715745,1.5100456402463471,1.1406384349962162,1.4059509346032586,1.011647987224351,-0.9067965566380675,-1.314142273435708,-0.8930304604444457,0.7209456953048552,-0.6336447704261173,-0.794955143734263,-0.8212836130846255,-1.2950796278423033,0.9573201943140613,1.8829405824673306,1.789625990693424
186480.6085238,-1.7678816198481528,1.28114964190533,2.3890482644802287,1.5690918469240696,0.7656056006551176,-0.8453270741119866,-0.5732676789143559,-0.6842088151310189,0.1746760478749325,0.10569606389216395,-0.43099511489143355,-0.4872849220982967,0.7589364972149554,-0.8348504066968777,-0.5369697986543318,-0.74822310773353,-0.5081124810540479,0.8478881605841087,-0.06527958465128772,0.4397572359876821,0.8884324411190945,-0.9314205121899388,-0.7301841702339004,-0.8196414389135805,0.9812493567205144,-1.0918919357210464,-0.7157114893136046,-0.8878424224228688,-1.2929058426824125,1.468756062338246,0.6633595721786854,1.618351623387543
186480.6085471,0.4822397699827901,-0.632750293511526,0.1244162373918915,-0.40131056404424365,0.8132474885090658,-0.812820228737305,-0.7830194121218695,-0.7446161402102345,-0.30553205624233004,0.5154415019855458,-0.18870107605232844,-0.11501845726154457,0.8509817864826741,-0.8500720392640642,-0.8175277508053471,-0.7829331163044293,-1.9706055857528808,2.0405504412589015,1.6130186373524382,1.79255174837237,0.4694750821512367,-0.37729799820015747,-0.7386366579800312,-0.5270340008111268,0.8613886747243882,-0.8464040138881055,-0.8711917103757009,-0.807555703802429,-1.2011951598549384,0.9633526303567104,1.661641732590947,1.5859162340616386
186480.6085721,-0.671777913593599,0.26450060365914657,1.6402167879550178,0.5398553300008834,0.5704065061040402,-0.5635100891722438,-0.5103554160211343,-0.5647067270327849,0.6585129456330749,-0.6004718338848233,-0.7008590231671229,-0.6611621888648059,1.0166517842883296,-1.0960368042863609,-0.8204203436520539,-0.8359582688977402,-0.4892890159411692,0.6944260405076831,0.032096375297569785,0.3589076458844615,0.24434692313397402,-0.027839764359112635,-0.6136151738534231,-0.38954354097881466,0.8478737516055539,-0.8659915575941209,-0.7452126834112344,-0.7676920102007849,-2.1767249812302025,2.1949234051298316,1.7181494768523804,2.3202997600895854
186480.6086032,1.1789571394831178,-1.3397975020218316,-0.7570622072550218,-0.8950906889820457,0.9658371588041982,-1.0326090335604245,-0.7743336586711279,-0.795102917146442,0.7225740220032819,-0.6492892645034819,-0.853499858219715,-0.7334130308297719,-1.1861042573379355,1.257846703211412,1.4048319578482324,0.47808206930653496,-1.041364207048889,1.1715571301758851,0.5382711353912074,0.9895139587244725,0.4066567712318235,-0.24209552124625586,-0.8207476109830081,-0.4733076526966694,0.46434828367776443,-0.40610716362869015,-0.45613113303138725,-0.6224148229658233,-1.5109049108133525,1.2404946515733886,1.7186713749208191,2.0517330845897446
186480.6086397,0.7329592234889576,-0.9117550857332835,-0.05232220946407583,-0.5641950072361557,0.6407371108137615,-0.6447478310282085,-0.5456715495679769,-0.6032043163280034,-0.7413026408827078,1.0134423944995317,0.0096855013302913,0.255509615059296,0.8340179211479566,-0.8425291388729237,-0.7095220818269061,-0.7730255598431229,-1.4938249117843103,1.5812975634236293,1.0671283166441394,1.2999686685229077,0.8712030818250464,-0.7882358288272322,-1.1194090079056576,-0.7993384556090315,0.6872969207286804,-0.6307526718038697,-0.7200699778774874,-0.7541205994233265,-1.5310867053373804,1.223280598342358,2.0701810086676735,1.9384056548574364
186480.6086772,-1.5856824566073338,1.0973477439853851,2.2979036279461966,1.3774075223080426,0.7437324023993268,-0.8120227520951322,-0.5691178747276339,-0.6440011136683664,0.18887404646842476,0.077057629870845,-0.4535637483859576,-0.4830234876882491,0.7834009159343119,-0.8574479815947156,-0.5538477829795659,-0.7543051592309656,-0.5495372503065364,0.8870434858717015,-0.05126629858209477,0.43899408221092867,0.90443197994573,-0.9236896671881047,-0.773615386292661,-0.8335020928581295,0.9913625097071711,-1.0783697928618543,-0.747248904294012,-0.891436418830743,-1.4765821475410905,1.610081334011875,0.8507563673157281,1.7898666677574822
186480.6087142,0.6235562133913028,-0.7104597508935487,-0.19371716801631705,-0.5647429500193648,0.83058857047454,-0.8168780733735482,-0.8324682007286466,-0.7946204199039311,-0.8843475016789266,1.0779805261509763,0.3274144979322365,0.41674049438438715,0.8448390201204795,-0.8311238938515328,-0.8345220979739647,-0.8192672049589871,-1.9706860089174032,1.9647454012219856,1.8076556258059773,1.9256443258638796,0.46740028819991164,-0.3811683076549588,-0.7441498493896324,-0.5447772094566103,0.8565688433328001,-0.8311437427022966,-0.8907429137984098,-0.84082136156939,-0.7679194249227022,0.528047841102923,1.3605301061687567,1.2218443256600169
186480.608751,0.13545986516430106,-0.3794418725064856,0.5919708683651546,-0.11687757113872939,0.6451010771433223,-0.6729691643906872,-0.555047190365748,-0.5735769061858212,0.5859931511202918,-0.5327454553701139,-0.6617363059295897,-0.6069686796999046,0.9440573208932185,-0.9999314210677196,-0.821290609759017,-0.7791779258120756,-0.7542104528611959,0.9329637649481682,0.32200577546009995,0.5482699166855921,-0.0674888349489224,0.32541763938475377,-0.4826273860947875,-0.18638009214954726,0.7801824540040116,-0.7966232341570461,-0.7134896814932776,-0.7041124553590503,-2.269094580515023,2.1233297431591294,2.3202145298171657,2.418823713659536
186480.6087792,1.1360913974705869,-1.2953649369663296,-0.7692856982219236,-0.8679429104037139,0.9483356215549095,-1.0277163291255833,-0.7714490351484024,-0.7617188753316193,0.7812948093845357,-0.742346478375152,-0.8490894800258704,-0.7448448080767635,-0.9090558477343101,0.9387171551326934,1.1906068878730984,0.36610902297918685,-0.9479556348294012,1.12892363676635,0.4245638905129119,0.8092364263667506,0.462247583096052,-0.3173493581026778,-0.8141971575507129,-0.5046137952222493,0.30831230871758114,-0.23506549994273654,-0.33897083546402196,-0.4928628147393732,-1.7792702376599538,1.5502018106134356,1.9278214280249204,2.196637754427782
186480.62146,0.7623992504180716,-0.9720408224379713,0.09677626394954306,-0.5675598527042337,0.4368127704333328,-0.44821953867782455,-0.3014075443039143,-0.4151703177044361,-0.7500213122628236,1.0401821239608455,-0.0833986723730972,0.2105933054581301,0.8446477170130109,-0.8536040017382839,-0.6539745956825466,-0.7863788242037159,-1.583570624333909,1.6696068851636479,1.0542844452933597,1.363241220099275,1.0349836644538406,-0.9152470348399078,-1.374156746491278,-0.9325831822926991,0.6509447997174685,-0.5676423359965086,-0.7235283871404359,-0.7548961757025846,-1.3961962654389886,1.0469647245660039,1.9854052367483683,1.882753827050265
186480.7266853,-0.7778670874633348,0.2961097416648985,1.8395529086241162,0.6778406449149629,0.8755709492621846,-0.9031093202162324,-0.7192082129741917,-0.7360179971349211,-0.03033306180401748,0.31955112929588025,-0.40489491805962086,-0.34886660834086497,0.7214695394849303,-0.7473645475587402,-0.5254165993457434,-0.6910336503609469,-1.0967970198461607,1.4013327853141175,0.2964118772516994,0.858146558250354,0.9077969657178944,-0.8418745095869374,-0.9290862535726697,-0.8253490406074645,1.0964853676132729,-1.113355312068345,-0.9209918062506537,-0.9530494833114861,-1.6963256529647757,1.5887100331553579,1.363633004327064,2.0183295765903675
186480.7268636,0.6060564647771217,-0.6903420700431617,-0.16793442799733663,-0.5634435450144625,0.8612651794200935,-0.841369646305208,-0.8813891679655627,-0.8348416087796593,-1.09193899489509,1.2631068973172388,0.5705979592055749,0.6511371374796667,0.8719337836957546,-0.852635283135248,-0.8761917100635817,-0.8572936491185363,-1.8400379841372743,1.8365418120847243,1.6726387575215118,1.8051449627028826,0.4566415410467545,-0.36597000405083163,-0.7517167431314001,-0.5470817307084562,0.8849850447665331,-0.8548359760444024,-0.9329333685209096,-0.8777158982138656,-0.7489050346738874,0.5055042701768893,1.366928700951704,1.2240943316524304
186480.7269935,-0.30762848661971,0.009525941924613798,1.1343380991117726,0.22384616948518918,0.6442778777386515,-0.6735504035009244,-0.5554220148049581,-0.5672807518545222,0.6491783841562698,-0.6096651245008982,-0.6888549737578187,-0.6382104880330296,0.9573142946012713,-1.017451052402414,-0.8166754297218566,-0.7992695747741819,-0.5228981448281621,0.7199735752669335,0.08563748561420491,0.34278684606880944,0.04397263004765178,0.20596065234296085,-0.5319188509844718,-0.25463421954119675,0.8179024280934919,-0.8416449519808867,-0.7331666840519895,-0.7295120592715225,-2.282118983189461,2.2068513628506152,2.106062368595117,2.4222740779204535
186480.7271306,1.1751668399331328,-1.3367559869146821,-0.7882775816741434,-0.9103362860395972,0.9889777238244457,-1.0750093769126365,-0.7958873781625286,-0.7820350795354757,0.8765412433047867,-0.8505903837934307,-0.9070816636136554,-0.8085886099808384,-0.7833808482725592,0.7445908055239225,1.1673007670967075,0.35114981509304877,-0.9221033911207798,1.1305721683108214,0.3547646285018011,0.74453614109251,0.39323474340405434,-0.20866218858411842,-0.816337128832449,-0.4767339149897292,0.07392937747508709,0.02837925814747431,-0.14971177079942166,-0.3298227370313237,-1.8023656885481676,1.5674757042226495,1.9352301274836896,2.2118306713914055
186480.727251,0.8169992126621869,-0.9751668422212182,-0.18513166814938825,-0.6582702757096226,0.600942995260127,-0.6238527982884813,-0.483457455148555,-0.508666308124581,-0.652986956622463,0.9028028802730503,-0.020255281630365142,0.2036657722667472,0.7879011776838376,-0.81805175637517,-0.5624358316813237,-0.7378131519432966,-1.554699739616281,1.6865850230676738,1.0037465817514715,1.2740658519153616,0.9194099696003122,-0.8087013470197452,-1.2327700209225023,-0.8650479307668243,0.5997130834185458,-0.5404506539359198,-0.6368688958295018,-0.6798293002288138,-1.5172797423862716,1.17683549449981,2.1171725716101655,1.9718953425910297
186480.7273751,-1.8805426112534485,1.531278449177261,2.3755637703488475,1.662668159774771,0.7612121048633456,-0.8671901333189944,-0.5637758446872592,-0.6524204213891815,0.2580200907277054,-0.04994376450354437,-0.45995143487528745,-0.4818152466153496,0.7645254008293335,-0.8621398128933799,-0.5347820269788542,-0.7447748763405475,-0.385385186837187,0.7110417174726064,-0.1326247605921188,0.26991580677119964,0.7857251402491556,-0.7865970014136237,-0.7059009348666252,-0.7808121786356202,0.9484687814008811,-1.0590298924711097,-0.7052219483035685,-0.8765593045629512,-1.2520237199797897,1.3825804379507836,0.726693179954866,1.603798060997679
186480.7275423,0.43143157842249913,-0.5823979523372166,0.16302109612997234,-0.37553508022964743,0.8909227172237895,-0.8957174051800715,-0.8374006465362763,-0.7978575904331204,-0.3215206255189351,0.501583004686869,-0.09205290512545397,-0.034074088268419,0.9181106136361283,-0.9240347515619369,-0.8460099479064305,-0.8362896153030474,-1.763976416474382,1.8925703764216468,1.2686582556774242,1.4999742985726319,0.3218894688205157,-0.1960338465119376,-0.666521071078663,-0.43072067972682854,0.9330871888700814,-0.9256060160939953,-0.9062076005552431,-0.8565462808648213,-1.409944524979698,1.1296365905766423,1.9165128193946706,1.8310490362532525
186480.7276534,-0.8724710242557304,0.5259008332371228,1.685170560852962,0.6723915053198639,0.535107982957833,-0.5846807028445311,-0.43293694996025783,-0.4249918737234969,0.7306833885096522,-0.7032733564050633,-0.7114830592864194,-0.7153907874791482,1.039503714050089,-1.1194036121453654,-0.8283704934150896,-0.8966809313919561,-0.3744764594928142,0.6061339401407331,-0.07656548724659315,0.20419738260819623,0.12995793336337613,0.13680957240469996,-0.5749505473658386,-0.3316617908555088,0.9016464948800604,-0.9472685463178989,-0.7557771393602601,-0.8009480941207866,-2.089952030012466,2.085781871930303,1.6949131157814958,2.2930845896428362
186480.7277489,1.1297465951314318,-1.2077413320724126,-0.8205075123168182,-0.9850834331976964,1.0885451936407002,-1.1260439799772963,-0.9161987315223751,-0.9429444615195339,0.5240244117790305,-0.4287469558784364,-0.6855842060924991,-0.6046181608084722,-0.9019601619465977,0.7479221616659776,1.508862015529773,0.5831962424804896,-1.5448770094433535,1.7505445002010094,0.8238693016541802,1.3225666525430688,0.14808272485194268,0.07529625249866286,-0.6912718079602681,-0.3386677316196383,0.7640338347404507,-0.7548154794328696,-0.6771029611880767,-0.7631705296957506,-1.2075955887536032,0.9435848329953652,1.4579339018960842,1.7287214218175326
186480.727858,0.6842413600703474,-0.8095847849578919,-0.15123742716797384,-0.5963508972759961,0.8497616523116925,-0.8610151696436695,-0.775883295970042,-0.7294506699048202,-0.6570518324932237,0.8680262614227026,0.10270467197691979,0.23778800059953745,0.8153857218688852,-0.84147631952723,-0.6256289945461048,-0.7603890849932353,-1.6441909754746737,1.7703422440652377,1.1313275734297163,1.3617472650519198,0.571521172640515,-0.4432618526153391,-0.9300371161918164,-0.6318532105875795,0.8062206244174179,-0.7798237114631271,-0.7984029657119248,-0.7820897660265276,-1.425887723340964,1.0967933327193178,2.047157554181226,1.9005983631367003
186480.7279496,-2.32883383911861,2.1914989219359837,2.5244126567557323,2.1732410824648376,0.5956460323217094,-0.681591786589298,-0.46934680224794495,-0.539223904431394,0.5137762333846627,-0.4739576082094935,-0.5118128801958731,-0.6087789105755584,0.688261192675163,-0.7874313601657712,-0.5085972346728225,-0.696736810882648,-0.022109737466745227,0.23530067448145656,-0.27000821549721776,-0.0487721297559009,0.5827501791495916,-0.5573315419497054,-0.5751138557610593,-0.6371151590773855,0.741412302026408,-0.8348497065870737,-0.5768502589887348,-0.7318152029066651,-0.7709023629721776,0.908362407083902,0.38731659060791984,1.0892010351647141
186480.7280412,0.31411727328106875,-0.4817038499356736,0.2923218404317156,-0.2814151514230668,0.8734763464622196,-0.8907694913605394,-0.7959045431132937,-0.7610648325005804,0.18049207167220502,-0.06104463901738099,-0.4053112874139468,-0.375066402562726,0.8991922978924233,-0.9185463383437725,-0.7940766733890238,-0.80555191468462,-1.6477416589208027,1.8382779722670604,1.0562950166985916,1.3080013882299644,0.1082244447498914,0.06547463777312475,-0.5587141385695538,-0.2761910336795475,0.9217444131360817,-0.9254077074454937,-0.8690126154013808,-0.8283055579440275,-1.649505188273083,1.3737194160626758,2.0744024007568926,2.019593504564603
186480.7281282,-0.22929151090746305,-0.02949769899075542,0.9731337140521168,0.13453754680330052,0.49870469249796023,-0.56113960523099,-0.37722325221476727,-0.36279046341520843,0.712864971741446,-0.677439436564936,-0.7329247593237254,-0.696215145195067,1.03386196181777,-1.0891936632600467,-0.8732653460787387,-0.8875828013266222,-0.635237914742237,0.8654152536996187,0.13733228378738105,0.3840341277715366,-0.0562767389169265,0.3427115843516699,-0.5164627749884,-0.20074419395732904,0.8929463188012843,-0.9274809697172166,-0.7817972369933074,-0.7767751602566452,-2.217571780291838,2.0766245357126563,2.1712073717594413,2.4055360895760356
186480.7282238,1.0339262131893927,-1.1028052052441701,-0.7589311693302573,-0.8942513909216998,1.0341528713385906,-1.0682578502333948,-0.8946110155275601,-0.8700304019761856,0.5404088885368131,-0.4540677057800322,-0.6854724177850166,-0.6023549495930108,-0.2664690233456275,0.11372260248536224,0.8496291144458291,0.1226907417310088,-1.5026930749015783,1.721489723415346,0.8297619462531227,1.160638925086198,-0.03599282206673177,0.2860235233050041,-0.5918009351103442,-0.20242659353572193,0.8058977492950546,-0.8090059284468071,-0.7178255723150765,-0.7447322198416766,-1.6092308020459039,1.3129008404986917,1.9692500493693028,2.0304658890510883
186480.7283157,0.46259625084565403,-0.6200701465343457,0.09281163054905853,-0.41410025967612274,0.7814423197992774,-0.8201510934151457,-0.6718451985636761,-0.6346214549879916,-0.09234449811706984,0.27278470805219074,-0.28957164183128475,-0.17971242515206687,0.8549665992716826,-0.897081501289607,-0.6739807796634751,-0.7636600230459364,-1.480391079134539,1.7062765911754132,0.8450074876809628,1.1019759268457534,0.503531581916321,-0.3772225989839492,-0.8100844960324369,-0.5609268658617967,0.8004910248490006,-0.8026457193511725,-0.745353246320256,-0.7285317054793549,-1.830292199430328,1.5381097603466167,2.253016244181108,2.179576807357516
186480.7284086,-1.7108925876217205,1.4650776776864887,2.19768998050427,1.4315195159968817,0.5889131094953998,-0.6699059090190094,-0.46759965975159645,-0.4562999515723095,0.64497293522036,-0.6030484373221859,-0.6383713745516085,-0.708828492302141,0.8252982193995625,-0.9101377998240316,-0.6236706188004508,-0.7906373549600718,-0.29624921795904274,0.5824517854011548,-0.16842582709392584,0.13198991512121996,0.6475109913037945,-0.5839217153085569,-0.6940018970158582,-0.6886329947416747,0.8496396055065262,-0.9196544725421868,-0.6880370546926938,-0.7898183237589588,-1.5491930553448805,1.6391388709283277,1.0824164514018646,1.8707076862170555
186480.7285795,0.4086773390121817,-0.5268547396873795,-0.0030392464461303555,-0.3795308866887409,0.8028293696136295,-0.8342153541128313,-0.7114566431886805,-0.6960892189049671,0.3456562430549215,-0.26877549639728915,-0.47173759662384146,-0.4524783271028786,0.8223072196141752,-0.8545329739918066,-0.7086459254395767,-0.7357640249958787,-1.4485514677413764,1.6749105583064765,0.8756023498461242,1.0811993552406047,0.12099917725484567,0.03314869693395187,-0.49191739258529593,-0.2654009607355325,0.8390635254360269,-0.8600955089376929,-0.7640389569365784,-0.7486281951928727,-1.8909814062444097,1.63641481788657,2.2752334113739794,2.196692258380266
186480.7289942,-0.1494782885874389,-0.0640575795804367,0.7803379092199667,0.051985286689235195,0.4414529361241549,-0.5219287348040271,-0.30822928393047366,-0.2796525281523001,0.7261563260740319,-0.7002994463891615,-0.7335956112603318,-0.7052373766989473,1.0096092905018166,-1.067057621639585,-0.8562470806044823,-0.8734027950699057,-0.529084219357012,0.7542436514043653,0.07264046292027425,0.2769269102896309,-0.07721747756357589,0.36277345739931494,-0.4904294575898665,-0.17642934811111383,0.8609080842776955,-0.9033026605903343,-0.7488189397986091,-0.7433704800728231,-2.2823466514696724,2.1396289341998647,2.2843420010435227,2.449180331126223
186480.7293532,0.9202357240882998,-0.9547520771382891,-0.6948096223643576,-0.8491357029895674,0.9733387716866905,-0.9765826569781908,-0.9011640546495677,-0.8518545652573954,0.4701787053824067,-0.37687698464661146,-0.6528711526879273,-0.5714544108354463,0.12378580509546394,-0.2573959234942736,0.42987857068574603,-0.15570065853459053,-1.8451342807851245,2.0082761151714967,1.224219273436719,1.491293321456494,-0.14158488341515335,0.36865533986911425,-0.5240385305052927,-0.10402027087085983,0.8494559473112999,-0.8382836936419777,-0.7998233545243957,-0.7883850766093992,-1.3502757893638844,1.0269598808587321,1.9186088706090763,1.829257363640764
186480.7299912,0.2125530342082849,-0.3778079763659595,0.3936843137086372,-0.22162229977010067,0.8239476752700393,-0.8472187279946621,-0.7411992878024665,-0.6869890371401719,0.24801868623784606,-0.12070497271555695,-0.5036453987619139,-0.4175324236680027,0.8276762902047103,-0.8545513271262812,-0.6722901398897548,-0.7603730350452192,-1.7045664437374202,1.9364457730038842,1.008887438797302,1.2971155214086287,0.3528887830579337,-0.20356543328560253,-0.7259132244605947,-0.45576665412480594,0.8866464768088587,-0.8830260642161937,-0.8419193252057818,-0.8023679013473335,-1.6471645020502552,1.3504287287003727,2.082395623614573,2.047535829687005
186480.730102,-1.463970208287765,1.2246179787229015,2.0021798974871445,1.1903021537078349,0.7828987708575446,-0.8654518716096655,-0.6257239592942114,-0.6503486514401227,0.6501652690225718,-0.6076425438668513,-0.6561249937640115,-0.69473060445027,0.8092151066288372,-0.8851474073151641,-0.6151555424380557,-0.7563796132138195,-0.5111781609454595,0.8179641089292752,-0.03738869761579064,0.2953588792017392,0.5134845955299949,-0.3997967071153421,-0.6689553651033883,-0.5739681530102979,0.9013321735797121,-0.9677427931583498,-0.7389414657319555,-0.8159711473405282,-1.6819475463854383,1.6831992354131964,1.340110126460268,2.005737136545465
186480.7301948,0.35591231918162175,-0.4733265409626791,0.0613355996540711,-0.34318344736471823,0.8286336934271941,-0.8573236104830346,-0.7314008877715574,-0.7184287522431388,0.49134680909990286,-0.43622884080101687,-0.565655956800612,-0.5509102145858268,0.8387854536378103,-0.8673427161333537,-0.7169527726234581,-0.756789510928782,-1.460510957003352,1.6837318262965333,0.8770775969017656,1.0809809225442704,-0.08508432224265954,0.2795690614684317,-0.39984598633077484,-0.11072165567223195,0.8630150638500179,-0.881133220896143,-0.7804513285462739,-0.7719354629034052,-1.8320980599505399,1.5520540415112627,2.2558937355168402,2.1709881211538335
186480.7304661,-0.9964311385459435,0.7665095470839097,1.589767361963461,0.7489925283619933,0.656747093877049,-0.7413676588129471,-0.5098948107208368,-0.4898145769548272,0.8059405669123815,-0.8117247314012664,-0.7347032554253545,-0.7718220921196589,0.973171443365832,-1.0409385479153133,-0.7897741545808372,-0.8702517739970174,-0.17952297923245317,0.37493775449411326,-0.17281541217341628,0.012454978468009496,-0.1349894667759134,0.4544974512223185,-0.4421522413138585,-0.11302177896577678,0.9031542737728363,-0.9630021766423769,-0.7473989697750533,-0.7965768881516211,-2.0280697933737923,1.9610883619715611,1.8069714820258957,2.2800396033588983
186480.7307114,0.7747464348922204,-0.8232385715859613,-0.5243218657377821,-0.719689445622064,0.8900733762059093,-0.9094283809678801,-0.7881049289984963,-0.7622788515720555,0.5731072050950629,-0.5068667563760916,-0.6677982181351791,-0.6318160647316493,0.4874875157044929,-0.5707275209019096,-0.13372302948460346,-0.461465272611427,-1.5685980303294365,1.746612636718756,1.0052715287298983,1.1906028436106704,-0.4046294591283782,0.6551689491936619,-0.30886171492862363,0.11624265223112319,0.8757698792228706,-0.8795601129516504,-0.7961340675100177,-0.7894138026285695,-1.6279569216627459,1.2880397568710742,2.2136722960648045,2.0578179413239717
186480.763698,-0.15557326666088456,-0.034652056708189834,0.7954570853099026,0.08337969966801337,0.8369859352831536,-0.8602384985375422,-0.7505630532465114,-0.7066179981721619,0.5363576330336789,-0.4525491684048689,-0.666229596498827,-0.6142109666099933,0.8526800973561888,-0.872959252432372,-0.7209347658083143,-0.7885026514916798,-1.606334559391826,1.8709981251701733,0.8694344744328837,1.1953305707160926,0.27025829498976983,-0.11173488614186515,-0.6455519448688386,-0.38434352540968014,0.924615103384868,-0.9253924684225633,-0.8624679901106428,-0.8382254099004351,-1.6589892379949531,1.3865282054772274,1.9808557907903475,2.053190281199844
186480.8246515,-1.2118969225803398,0.9999864367333559,1.7556989920560262,0.9598466327639534,0.8119680778246022,-0.8791239783384474,-0.6739990983701339,-0.678667367385725,0.6916242094230732,-0.659119731582499,-0.6930791361470934,-0.7118135870684021,0.8176067643036362,-0.8775979159464921,-0.6487940490579541,-0.7565319159092075,-0.7287058082580518,1.0457769713455116,0.11703829737832969,0.45362833090381627,0.479237962617805,-0.36407865663720274,-0.6651158244930768,-0.5355771130514443,0.9107636824573009,-0.9608627012183406,-0.7746964902248693,-0.8216598417255206,-1.770597965788027,1.6950195756441129,1.5829473088587718,2.09077486147253
186480.8246972,0.4055432824223532,-0.4788744482541884,-0.07971576442173231,-0.40766456331919043,0.7824382842312536,-0.7828158807274992,-0.7440837087084582,-0.723753794685548,0.5177221025646156,-0.4656885924928004,-0.6008757988645526,-0.5854884095563275,0.7918939094816048,-0.7896561188319788,-0.7358439251683175,-0.7645598585692593,-1.9819525188413836,2.144529262727328,1.4419975029852559,1.6302468770499259,-0.009252074936964299,0.1505968640926164,-0.40691129159634304,-0.1354637222346585,0.8125789347921529,-0.8031431724497679,-0.7899167764972264,-0.7754794016537806,-1.3189719197136365,1.025052085936291,1.9153497622713735,1.7621628729688381
186480.8247213,-0.07450966638441847,-0.07630910940186184,0.558320004231437,-0.01772475751615795,0.6114992005587618,-0.6949959957790847,-0.4628353650605292,-0.4180711257679988,0.7626180604136307,-0.7445078757301044,-0.7464988549736825,-0.7430643243303043,0.9458858551085122,-0.982694381746607,-0.8158257322838919,-0.8503267534387713,-0.9218443747802928,1.1853459869405618,0.3644017264835857,0.5651745390850086,-0.08340685221137631,0.3261521886247289,-0.43686079780586057,-0.1303675270137457,0.882938524950842,-0.9194114220275785,-0.7702974571243012,-0.7747929335707399,-2.123180747655654,1.9064206091199458,2.309596476533243,2.36917288255271
186480.824748,0.7172544923030798,-0.7437893660087737,-0.5497690412946823,-0.6956219047576585,0.7942954732660937,-0.8108021396457549,-0.7206683119874512,-0.6915377934861713,0.5723238691136338,-0.513125635112142,-0.6603791728895422,-0.6348160090599537,0.4937815058826468,-0.5598430791128756,-0.20942257872635872,-0.47612250203217343,-1.813786148820211,2.0109101064682053,1.2185350922469547,1.4057477843302981,-0.03996936066128813,0.21094240218827734,-0.4361413710208433,-0.13033871386587748,0.806346425620163,-0.8076162211122793,-0.7531236774083445,-0.7428345665839937,-1.5302462567041202,1.213323932335344,2.1109690610802674,1.9655237054555301
186480.8247692,0.10912745616311224,-0.2347983418766694,0.38682690148180343,-0.15423656341731892,0.7392979185565116,-0.7651284814672555,-0.6662544494134508,-0.5948593520477764,0.3787681195098727,-0.2758714284958041,-0.5795632209852346,-0.5183864810400027,0.8177311196038801,-0.8226164257549262,-0.7140971284927123,-0.7897828388116832,-1.8947957400196886,2.1121167202657634,1.2058848309508696,1.4834808745593278,0.4003983389013283,-0.2761752935010017,-0.7164979351419756,-0.48727922526557166,0.892484329081072,-0.8774480081673929,-0.8734074746004512,-0.834896242849274,-1.4430115417960885,1.1399212589972865,1.9571084762011506,1.895959828872299
186480.8248014,-0.4243311828352874,0.2729068837354432,0.9061210461555951,0.258602769025383,0.6671109021949733,-0.7526577473537239,-0.5388101155006165,-0.45141658831805137,0.6041014980688038,-0.5355926302293009,-0.6888315478025013,-0.6582995174679753,0.8138367430156357,-0.8639699766562943,-0.6575477623009904,-0.7444438272649501,-0.975108978731857,1.2924936196368655,0.33188075438806414,0.5903908616335174,0.48386896913663185,-0.36662523400082037,-0.7091810291757242,-0.5366517554176322,0.9117287303308768,-0.9491529742401962,-0.8132612498004802,-0.7969932109055555,-2.0812066811797814,1.902598059108028,2.1696299040366545,2.3388112687152627
186480.8248337,0.48261037781576804,-0.5334166267212072,-0.2521282930456261,-0.48067620104069664,0.76030773364044,-0.7699638731795652,-0.7018579684649764,-0.692920805826174,0.4411695849837061,-0.3860109189079844,-0.5271145981722937,-0.5224159004349118,0.77952678953067,-0.7829927765661339,-0.7114540833605086,-0.748785832739532,-1.9114441526475114,2.102312164740089,1.3460767271530736,1.5224116090396342,0.10350697674944316,0.015397464759989985,-0.4322709110453604,-0.21009058967402436,0.7918572734823374,-0.7916027758098632,-0.7468847273707988,-0.7475504098927257,-1.4475345835548512,1.1462773416846752,2.0256338543064905,1.8800281305684303
186480.8248733,0.378251829030871,-0.4592841908042376,-0.12308371329857125,-0.3951145368165146,0.4825561778800788,-0.5882181364264647,-0.32459307263595666,-0.27840740189686247,0.6105623232230487,-0.5903118742342216,-0.6101633932708121,-0.625108801014515,0.8438073023707137,-0.8942436140610169,-0.712789005505316,-0.7624069673453453,-0.728236742477869,0.9780805788487601,0.274233013198569,0.3879541158068206,-0.01139297820494161,0.2134171780960622,-0.39244673163404126,-0.16309591261864123,0.7561874766838811,-0.811978139846371,-0.6345086077993288,-0.6521749019414326,-2.3317353885057828,2.1525381984274894,2.5233515109454574,2.48835440582649
186480.8249122,0.7673759326664895,-0.7952321887786287,-0.6150681946508876,-0.729100414654663,0.838411070234732,-0.8686334846503644,-0.7415587996791911,-0.7094497550780983,0.3584123637679608,-0.26669962761000693,-0.5121768686434406,-0.4839631297971821,0.4211894030540348,-0.5144583867140933,-0.08975950462195638,-0.3950722580358622,-1.6231619721839776,1.8716468385630185,0.9804463990578208,1.173062724565352,0.17748831914577012,-0.03150910506491336,-0.5388228696753495,-0.2897987406802411,0.8136244200827485,-0.8356008030967808,-0.7246418916505961,-0.7121909151682783,-1.7533395367677582,1.4404867573517692,2.241581729863601,2.1465124888489733
186480.8249506,-0.030891270407925133,-0.10609765813853299,0.518381876888595,-0.03563925919570079,0.7904758765549196,-0.8419297283893289,-0.6710501986388979,-0.5833615553923458,-0.04892913741529308,0.22114339986000475,-0.3044421048015666,-0.22468178808635722,0.9126616281453868,-0.9272878698479391,-0.7765499222543077,-0.8607567743508271,-1.61122073869011,1.8602337981737103,0.9085296064817148,1.182533561982076,0.6221212864408088,-0.5234349326881065,-0.8265119719631264,-0.6561201922895641,0.9780099243293732,-0.9784840506606524,-0.9097035546892135,-0.8848056825168212,-1.6122275689571577,1.295857041690846,2.061346268976803,2.0628316898495407
186480.8249909,-0.5288914035379085,0.41715892588475745,0.9093921857237885,0.33511249029754425,0.6712795481679776,-0.7650003181687778,-0.5430792329670164,-0.44933594702625956,0.5618264335198546,-0.4921648244876282,-0.6497092498687277,-0.6264707743993287,0.8191954046004014,-0.8744672035898563,-0.6695899859879902,-0.7480147404932378,-0.8218786486908312,1.1303575078703318,0.24178797724456447,0.45820214822486793,0.5366905887397383,-0.4467882928779365,-0.704033168407967,-0.5640701968033739,0.8896649551779721,-0.9380134498077773,-0.7843684701461208,-0.7734347007413152,-2.1278868779771973,1.968917655176886,2.1995999444094694,2.368011720941103
186480.8250293,0.524728138917576,-0.559721889594562,-0.3411337389717945,-0.5267884298501587,0.7700635668864616,-0.7742228160732697,-0.7227161943923834,-0.7121342887424845,0.30854225773542343,-0.23905001148269872,-0.43560100476651153,-0.4316222914889234,0.7701131542050028,-0.7701179228930433,-0.705776677917964,-0.7529050590609538,-2.039481218372231,2.205763926883303,1.513719864288247,1.6699558776892627,0.1445515363422452,-0.04150162070873759,-0.4447654335220642,-0.22600303042368766,0.7972068226217416,-0.7920376251349244,-0.7620358822391314,-0.7637779080234477,-1.2757242583362247,0.9708879590039322,1.8983090675216021,1.7432751299003928
186480.8250649,-0.015038057015238726,-0.07383328844526382,0.31495284791071915,-0.08545227087412245,0.5863646269663682,-0.6977247799826042,-0.42951780472618645,-0.3519557010901233,0.6080499110746199,-0.5707848179221078,-0.6339383657716916,-0.6415334921480014,0.9054916651116005,-0.9570930420867625,-0.7703733699126014,-0.8181153712215572,-0.7659130550764713,1.0419432840015688,0.2683479214744921,0.40300353887963414,0.11562387899348546,0.06446119080843213,-0.4731582363512482,-0.24521947811396555,0.8379131434344897,-0.8975464038335711,-0.7097048419031742,-0.719839591572337,-2.272492113488851,2.0905778574603073,2.43339184927969,2.4591123661404732
186480.8250992,0.731926123075936,-0.7524453022749227,-0.5796374612108559,-0.7152916971702711,0.8703304248302267,-0.8938084745473923,-0.7829762803431479,-0.7319737280331646,0.3194558053453551,-0.2089874638459414,-0.5154446600225282,-0.4831422214053912,0.3676174665778597,-0.4729821354751485,0.010029345427293121,-0.34379733422772396,-1.7458521082160139,1.9802519684037245,1.0923794551489592,1.2872846857704203,0.18861816904575457,-0.042547156273887325,-0.5667257250307264,-0.29023815837978256,0.8825624676793581,-0.8928776864155845,-0.8069408992641852,-0.7833986788541595,-1.6146583483384787,1.2833962504291518,2.1493162252951916,2.0605571323000724
186480.825128,-0.26446814722049594,0.11556533376669902,0.7521338984993015,0.18721738469153457,0.8976428064017167,-0.9367973862987519,-0.7834656505973383,-0.7102023313312239,-0.06919214774860288,0.24743818678636198,-0.294148556702828,-0.2188654418414384,0.9234928496147432,-0.9403740638288643,-0.775198560617506,-0.8755194078517582,-1.6212231096208518,1.8664557504986221,0.9215542222950545,1.2046758513641709,0.6009894328584432,-0.5013991932109625,-0.8078461205924992,-0.6320828741782623,1.0249412996046918,-1.0248420931563067,-0.9459740292412523,-0.9352765067705475,-1.4921829838896477,1.1739534654432033,1.932944796957068,1.9800533259175253
186480.8251556,-0.4822614419908325,0.3878987418714869,0.8049818424715391,0.30747275001478097,0.7746569957892474,-0.8660732719121449,-0.6357756860940109,-0.5516424454530223,0.506006427450083,-0.419518001849762,-0.6198115443250956,-0.5988917214353846,0.7919057448217173,-0.857623623676045,-0.6110114521293079,-0.7204223221348408,-0.9264628488150575,1.239472926962512,0.3321180223160732,0.5325426871468817,0.48157616785472124,-0.37840264836149795,-0.6819253544228557,-0.5140447990220754,0.9335978001616975,-0.9861632288222884,-0.8139767798420751,-0.8058190043407998,-2.0790188452715754,1.8804091057877397,2.225400952025733,2.3508048552244607
186480.8251821,0.49664222076192677,-0.5254821661043981,-0.32816649757169936,-0.5105364373076964,0.7729741536830008,-0.7693563405846372,-0.7468459784780191,-0.7309932687934291,0.2687138976408027,-0.1962179007229927,-0.41258598084093656,-0.41141194966884603,0.7705401711579218,-0.7617544643371806,-0.7283631639575138,-0.7753836284224801,-2.190447461195582,2.315998908866602,1.7472584874489059,1.8719804865108471,0.10500640733032178,-0.00809493444782943,-0.4173240131922056,-0.17137925980942176,0.7981950195912159,-0.7850932122708595,-0.7846252453126662,-0.7841904263078513,-1.0216244089696098,0.7300001096012955,1.6706523919041347,1.5119144837988778
186480.825236,-0.10353588831844648,0.03329779574006977,0.353815804466032,-0.01204173079861821,0.6301218421637347,-0.7416895551206667,-0.47492041790588957,-0.3918007592631433,0.6097436748991066,-0.572379982495177,-0.6327711293952084,-0.6490342124219523,0.9012134458374477,-0.9532556702372005,-0.7652913734433603,-0.819659769585363,-0.7897735246162779,1.0714305879849664,0.29469033960146956,0.41382114851427004,0.14742084531354102,0.01683493211034097,-0.473091115462453,-0.2540011896436552,0.8499028660851344,-0.9116796905120003,-0.7183262623566179,-0.7327918527988507,-2.245093261364239,2.057441582529667,2.415894154496027,2.445508365997313
186480.8252712,0.7127472268583236,-0.734778952364413,-0.5786253119821742,-0.6905053509182911,0.8294578343080669,-0.867281550300156,-0.725711307624311,-0.6812041112271443,0.3488078521680439,-0.2466316065553252,-0.5112618835147267,-0.49916644104432545,0.43074512375752005,-0.5198620185455128,-0.12520195772333018,-0.40654827262261584,-1.6169677520501493,1.8755787799057908,0.9847824097649117,1.1413148386414054,0.20520177389842484,-0.0731238624653558,-0.5277471984263991,-0.28498279462235016,0.8538293140130124,-0.8774377750215714,-0.7601790325561675,-0.7473888619562408,-1.7638213729532446,1.4435369853465427,2.2439442820621975,2.1684809937495615
186480.825297,-0.22351539582970745,0.10768843187310284,0.6055073814539332,0.15244337488051932,0.8637380498478263,-0.9077662757199637,-0.7542025086843505,-0.671124720198743,0.11965371211680459,0.032911529482765385,-0.40677957025998857,-0.36347850674589083,0.8794902988408407,-0.8972779405488085,-0.739475734432135,-0.842909956589654,-1.6794490939405193,1.9288838593805728,1.005271609691361,1.2369747173323455,0.5577379943389127,-0.462292455197655,-0.7625382108085977,-0.5885350217889045,0.9962763326845214,-0.9974978963634272,-0.9241724100250399,-0.9155922108091489,-1.5139318980586736,1.1953507470934137,1.9763894430648172,1.9922223239194754
186480.8253218,-0.6306134472278485,0.5601816316605548,0.8840650770568872,0.4426822440975819,0.8238681873733987,-0.9182327980193645,-0.6788152927667759,-0.5991402650378881,0.4969316542940482,-0.4057127075711923,-0.6140618029133992,-0.6031147066201715,0.7798906049104078,-0.8518847879725397,-0.5879098879310649,-0.7122281682126693,-0.8878527188844674,1.1951435495492813,0.3214417721154017,0.49750457395182857,0.48196146481788626,-0.3830197957202233,-0.6747922754468281,-0.5058179645705408,0.9648343986561245,-1.0221118677061947,-0.8357436631846923,-0.8371738633243634,-2.0290201439395497,1.8256367757796783,2.185816073070472,2.3172881497162225
186480.8253457,0.47992270521813113,-0.5075912892011197,-0.3181025845785872,-0.49638609731484173,0.790410991651031,-0.7886417558938568,-0.7572197599096583,-0.7439225513280558,0.3007888502142139,-0.22713860199755662,-0.43918962486847274,-0.450679829260186,0.7931828801125932,-0.7826747669295263,-0.7491406963557232,-0.8053871630933264,-2.183782981866542,2.3039245650904823,1.7645145074998598,1.8609085126598242,-0.007580683579418658,0.11171092389311471,-0.3436835773433621,-0.04964156664680032,0.8194517544654519,-0.8063498960081102,-0.8001712178557702,-0.8081601152315151,-0.992393516215458,0.6967608210465728,1.6429929534117134,1.493268810214901
186480.825376,-0.14848151250086075,0.09596162163724396,0.3539555326323535,0.02300712609247904,0.6099270121443101,-0.7355322056422438,-0.44320081305750664,-0.32816301248979535,0.6752210299769418,-0.6430746150581058,-0.6775138041654584,-0.7145058568045924,0.9259359742549612,-0.9713078188791663,-0.7888295099847765,-0.8586459722198968,-0.8559450355193997,1.1431635058673015,0.35380135214503045,0.44813149862365864,0.10564028193685054,0.06736912006729957,-0.4522287765009933,-0.21804271252237864,0.8748307045426584,-0.9338095471418377,-0.7381502590571187,-0.7629177720841199,-2.1871284548354626,1.977229939149508,2.3921662779884696,2.4111367014046445
186480.8254014,0.7015259531943401,-0.7139063271320272,-0.5967376284028312,-0.6881518288345738,0.8103081827838506,-0.8422149519345005,-0.7193338302414105,-0.6762171197066515,0.4006819630855637,-0.3094074750396922,-0.5378990329818101,-0.5399332463850222,0.4472788811936348,-0.5222268967020983,-0.1805106128011115,-0.4312945040864182,-1.7005322770214963,1.9487095648971025,1.094231041220204,1.222303081246864,0.2012460962654463,-0.08101398464820901,-0.5013971188378642,-0.2661682607497511,0.8323044779538016,-0.8520163533759296,-0.7482968348454156,-0.7377330191463046,-1.6928132774551445,1.3720764239353547,2.1899440168902395,2.117194897661858
186480.8396766,0.003816324131542986,-0.0796086112201787,0.24533454093430054,-0.055667132677808956,0.8624364688421622,-0.9379556562050382,-0.7112824470152262,-0.6299918553218671,0.013587557809355779,0.16578633783411983,-0.3194138204055138,-0.3013760679931752,0.8701633726291266,-0.9137232013543158,-0.6921896288578451,-0.8067875819114761,-1.3836572723784375,1.6570960544401714,0.7749750468820336,0.9200102072634105,0.480753860673257,-0.3875058856355227,-0.6768213627628404,-0.49768435429238905,0.9896728741533719,-1.0233498463938542,-0.8663689849781283,-0.8672595731221355,-1.8367731858603806,1.5192608085346184,2.24576665620322,2.2387563580554417
186480.9246352,-0.8682557468849061,0.8518230927042498,1.0073815715221324,0.6379641147551407,0.7561869885794384,-0.8737639390175247,-0.6054527044216157,-0.4984345140019897,0.5619296040867623,-0.48876411237619455,-0.641291619865173,-0.6563466097798577,0.7937287805207183,-0.8661314762736876,-0.6162997492543907,-0.738064093538711,-0.5887477177047327,0.8611312386748009,0.13599988208699587,0.2516409812404149,0.4732427259741917,-0.37859729615327703,-0.6515498194691559,-0.4998444037183445,0.9395654964676248,-1.0083707407308737,-0.8050990089183133,-0.8178901490709818,-2.0676501310391013,1.9026732331725065,2.1763114483195207,2.32097467411433
186480.9246822,0.4624243544522438,-0.4977507452660284,-0.3044167244774816,-0.46118287617666753,0.8215553388399218,-0.8458849162371372,-0.7294920833657722,-0.7226657706552586,0.319806028220834,-0.23715198073483856,-0.4441725396800662,-0.46934139215318865,0.8334428248021312,-0.8434968236959861,-0.7361819290889178,-0.8051013901806562,-1.827828801163843,2.0355339324590083,1.2934786832873788,1.3841466956469517,0.027272143393145803,0.09050891432928879,-0.3578052810974161,-0.08294260967010145,0.8585094705405819,-0.8689486048232216,-0.7779931287187409,-0.8006640423363095,-1.4951813590850203,1.1671902239689143,2.0565830031410157,1.9577513855252302
186480.9247115,0.03363222529061595,-0.05668338578358726,0.10224886815383694,-0.15203168363711222,0.36793731946023,-0.5661857192939819,-0.171402020771976,0.07847732885289267,0.6061313011173443,-0.5455591619298477,-0.6412103334515254,-0.7014393877760239,0.9431101272162093,-0.991486229979999,-0.7963484662018621,-0.8889628096634862,-0.6841277928918821,0.969766006660965,0.2390838530281732,0.2665784951480982,0.17363602409216417,-0.005538397530496105,-0.4809770074558646,-0.2883629636456293,0.8721970044526092,-0.9416744405436813,-0.7221834417067495,-0.7560942949101245,-2.3125162087372892,2.137361328400629,2.470788548405967,2.441835315631385
186480.9247369,0.7594106932676351,-0.7544387421806841,-0.6870650684754595,-0.7634510020801126,0.8683996739610428,-0.8789035857457617,-0.8067113924202984,-0.7637045074790304,0.11601182860045815,0.011523324190655057,-0.35749367290693207,-0.3656285341695274,0.48036221447561267,-0.5473661656158876,-0.208069447654688,-0.4713974472606557,-1.9777117879827923,2.1508908509474645,1.4609761332262405,1.5609361337241203,0.18884742704215746,-0.08019478446235209,-0.5021057850818976,-0.23022716055125725,0.873946993440368,-0.878385616565373,-0.8124806785905502,-0.7975010356535639,-1.3092670428044817,0.9768747194319384,1.9129499119035847,1.830973553470027
186480.924763,-0.010836962296879396,-0.05551337586557199,0.2178059988874239,-0.027948312760936594,0.9021325792466943,-0.9836804745173183,-0.7367888821233399,-0.6555475387045946,-0.07744799494828905,0.28045762190226053,-0.2625592077596114,-0.26766125222725684,0.9066514854928499,-0.9516367486989288,-0.7199795622206256,-0.8441673791625519,-1.3427072330896117,1.6033301159011946,0.7758148661710467,0.8809843385448776,0.43219747421597615,-0.33344189891286985,-0.6450861342355046,-0.44632996790411167,1.0163296234297041,-1.057677343030474,-0.8742242206091299,-0.8823804944934105,-1.8263189720504434,1.4981621032217072,2.2450171418897416,2.243050606707984
186480.9247917,-0.6996558479733616,0.7235257485552031,0.7501193659604479,0.48974315373937516,0.6588958501237066,-0.7940583343229859,-0.5102342281947637,-0.36909240475419136,0.6017981585544497,-0.5487938234902606,-0.6465898065227571,-0.6798393749910442,0.7780927260024603,-0.8455707290842518,-0.6213145869854073,-0.733160504532641,-0.38897343950000535,0.6247510358277949,0.03438530174547579,0.08292744132615519,0.4107004603009156,-0.31177519632940515,-0.5936843652207302,-0.44761557187527706,0.8788667706432121,-0.9535553467522373,-0.7489747207308313,-0.7595767122956679,-2.2397246781513775,2.1054766455961427,2.3362930399485657,2.416613973383291
186480.9248204,0.5313508781070073,-0.5675802620650063,-0.39926666145482437,-0.5077662382337773,0.8086253580747061,-0.8595344174704779,-0.6828232949796658,-0.6768896724236738,0.28421247877486305,-0.19359902108135943,-0.4047248811228109,-0.4429018419345667,0.819997541242284,-0.8534671514885511,-0.6898328898002157,-0.7662225004214456,-1.5018629469401141,1.753643053425019,0.980956429170285,1.0334505320634582,0.037477058702662415,0.08407959787923822,-0.3392700944227728,-0.08511198304184027,0.8468154462169474,-0.8834974935831444,-0.7290542822925687,-0.7572825171279418,-1.8266158141783586,1.5199556943842827,2.2640156749025735,2.2027242211197877
186480.9248504,0.18762163894187378,-0.19390612180477929,-0.08199137044716438,-0.2967480644334515,0.15155287244537508,-0.4317706924905023,0.08656970856861994,0.5104726372983343,0.4872742595317498,-0.3635463591254118,-0.6006966115307721,-0.6826612801253541,1.016338523879833,-1.0495708441917821,-0.8647682916168075,-0.9727763404417712,-0.8634156837363846,1.1841640599669943,0.36580171314515736,0.34172832715976653,0.35665655653333755,-0.2156271250519843,-0.590538726179257,-0.4510720021174124,0.8982351737893248,-0.9683249636380966,-0.734196799964652,-0.7600342980537702,-2.234263341385107,2.0385820463355624,2.4198203780248755,2.3110910207136586
186480.9248788,0.7854466681813982,-0.774822948479781,-0.7309520594794998,-0.7910845989038422,0.9023269199153588,-0.9040688788208834,-0.8548077623148247,-0.813459993913368,-0.345523215680824,0.5138532223798812,-0.01681244227124092,-0.03810311959324818,0.549726198539253,-0.6024757572133094,-0.31200936287654735,-0.5434566606361203,-1.9883233775880238,2.109070783811376,1.5780072737640054,1.648241647764987,0.32728535898359445,-0.24251354428742378,-0.5761904205615842,-0.33541349936090725,0.8994402290404712,-0.8990476456498122,-0.8472103702061834,-0.8292928847563188,-1.1303787813912312,0.8000047682599526,1.7599751439458757,1.7025691093988178
186480.9249077,0.057798347325876694,-0.10982851910456509,0.09649938545926807,-0.07367568830164815,0.9100982400780004,-1.0018202233732265,-0.7315035555053906,-0.6499363090491105,-0.17739873020445676,0.4112993964338015,-0.202336517203042,-0.2304167060536468,0.9196270555840974,-0.9689799508166865,-0.7273939442494995,-0.855662051047507,-1.2311747748682655,1.4789939711711597,0.7254012224987716,0.779400782817819,0.40902370593817206,-0.3144771952695484,-0.6116048288126603,-0.41265671194916986,1.0075391408151262,-1.0633573360826378,-0.8449878393325162,-0.854614627690998,-1.8955129846685537,1.5681698570417033,2.295926077145069,2.297561311274262
186480.9249372,-0.5169141162822566,0.5705409772500194,0.5049419296349448,0.3127067535437629,0.4245256338564099,-0.6201681042148456,-0.25723854905829874,0.021820414077705654,0.656679845150249,-0.6061989213082986,-0.6805686978032548,-0.7493166524755698,0.8103343514887958,-0.8654315715915439,-0.6652535505832543,-0.7928036545869102,-0.20911762923214705,0.4200612056042243,-0.07264486650401403,-0.09320934161170492,0.3619696623660014,-0.24031763267021525,-0.5676943277557284,-0.43385586983045227,0.8367862352685969,-0.9165979507619804,-0.7015118123889075,-0.7154352702545617,-2.364263982615647,2.258111997692641,2.4399698744585128,2.450093621137731
186480.9249814,0.5156638941052901,-0.5491766306683241,-0.39945291980281084,-0.4926243038256142,0.7973753430467118,-0.863632959142143,-0.6594451296898192,-0.6364265337509568,0.32851335087702144,-0.2381878348213701,-0.43543389891697837,-0.49154398946804684,0.8265350876330161,-0.8647977137743533,-0.6892622382384634,-0.7765678272194696,-1.389565513933448,1.6441552596017968,0.905090783899705,0.9170302830648975,-0.013289375927377924,0.14642469714925851,-0.3077058373520336,-0.03494620327779431,0.8473786557908296,-0.8944284807196816,-0.7183487014703837,-0.7454098399714595,-1.9126114415920448,1.6196436623748167,2.304557941570783,2.2604884144484445
186480.9250036,0.46587221081268465,-0.4580230047741819,-0.3562847223488486,-0.539264575112913,-0.17664824073716784,-0.25872991020715164,0.48518597193538937,1.1291736028139499,0.221999505255508,0.030226252836448673,-0.49019550728294975,-0.6124000996313503,1.1845504805366034,-1.2122339421184438,-0.9852780882747555,-1.0952225017737458,-0.7751656109942309,1.1138148741504237,0.2932782501211377,0.16696855618840872,0.3989603814226482,-0.22239419702399343,-0.6585305423492401,-0.5063973343063574,0.8680626414374388,-0.9888847903227644,-0.6343468562603515,-0.5968845582860133,-2.1876313677334824,1.9962247174596617,2.3461714944596186,2.054026910108022
186480.9250237,0.8445715282637464,-0.8161108959828578,-0.8269507554958144,-0.8855229529628817,0.952376438272601,-0.9305782215495405,-0.9430137856863701,-0.9195291782710596,-1.2503086252417401,1.4365770184645033,0.7509460745433791,0.6845151719016418,0.6712110926650062,-0.6949500210599241,-0.48749706859698955,-0.694100154807708,-1.6612483516403025,1.6717827013592093,1.5016653572930423,1.5387862395557312,0.29280440541184827,-0.21957659051054035,-0.5542693337078338,-0.26338618563429994,0.9439342972222023,-0.9229424134512921,-0.9260072052951652,-0.9214640588052662,-0.793340784953359,0.4757984227304412,1.4851267169457512,1.4607011190238415
186480.9250459,0.13353279035177482,-0.16601066853501256,-0.03387723698864918,-0.1428759610656195,0.868495838807888,-0.9676946527361258,-0.6948059037107552,-0.6171805418150389,0.1935374733348467,-0.0344974838995696,-0.4030337256401234,-0.4764951359378107,0.8984260846056411,-0.9483725603131722,-0.7210627516612136,-0.8505616901412262,-1.2410757156727033,1.5048592077769085,0.7614369110237188,0.75802290567389,0.1914111339991542,-0.06664619441190571,-0.4698956199733594,-0.22206197344149814,0.9374663834657545,-1.009202344420073,-0.7708976416605434,-0.7770384851194604,-1.9817939888923561,1.68756469653895,2.332135968610925,2.328190881846764
186480.9250665,-0.45285075328879076,0.5734051014597955,0.3642137347944553,0.15272259791319415,-0.3001302357577093,-0.08597234064086189,0.5062320379395187,1.1526037102216409,0.8446066254983913,-0.8002864984578185,-0.8253722418715685,-0.9024662873585386,0.9405697930027104,-0.9731371772727895,-0.8062314805805806,-0.9196690129049319,0.08607673519269123,0.11516397289455635,-0.29210362187239464,-0.39160289734772386,0.3964054941700551,-0.23132543644574163,-0.6256363366116906,-0.514783033326335,0.7910709071073142,-0.8842583269584638,-0.6427343167086217,-0.6219781283940413,-2.3057485659246604,2.286410705421323,2.3216322249108825,2.045173051196736
186480.9250886,0.5146864404483612,-0.5420502027447889,-0.4253312234830137,-0.4958380916144581,0.732747184203882,-0.8213413085833915,-0.5905067015037528,-0.5328244409368937,0.4480749212525885,-0.3774933769550723,-0.5095688746019338,-0.5799549793456843,0.7696177128306996,-0.8151179895770144,-0.6294534882667723,-0.733889184938223,-1.1493412564054817,1.4105632045441174,0.7188272981121947,0.6878698309864023,0.003935823090078388,0.13531575297624138,-0.30980892769236434,-0.05814419299166303,0.7915638068409774,-0.856276971122159,-0.656432956736097,-0.6687236398939487,-2.111284632261103,1.8664008914620678,2.4022748741717392,2.3815046987344686
186480.9251096,0.7111987983963246,-0.6489858240783024,-0.6253308280482957,-0.8144405995259285,0.38001321337247196,-0.6695465949523048,-0.031223285000577087,0.6018233623454022,-1.0257625791735276,1.401908004397153,0.2617297639373865,0.006339471280074193,1.332826534176135,-1.2251721829511142,-1.209714209083197,-1.4228560544023343,-0.9240559498621861,1.0962675535220243,0.5137305021571811,0.3443861288456793,0.6872560747525801,-0.510296788114687,-0.9275106885369421,-0.8168393801873665,0.5418609745842797,-0.7338813534988563,-0.19812583457784938,0.06191206635386698,-1.7033370662460794,1.2897071856760862,2.216444579152294,2.0396750052906056
186480.9251304,0.7538154615391737,-0.7266503823762228,-0.7741828284560085,-0.8208500195987561,0.8480288025991496,-0.8226880059789144,-0.880054908049559,-0.8716941083590484,-1.5103647097357955,1.6536193043774774,1.1087855393411408,1.0144588623189448,0.703571239788371,-0.6986433110300044,-0.634402143796328,-0.7727190833724111,-1.7426785454116247,1.6753695947006297,1.8293244261992831,1.862263774269689,0.35535908913821024,-0.3083182754461584,-0.5499661641229983,-0.31309135700532126,0.8428498306937151,-0.8177125544215119,-0.8684190789606453,-0.8766024169344702,-0.25058116861120544,0.04502363017470546,0.7689151578451144,0.7782343486813732
186480.9251528,0.16664948031149154,-0.1905376110932135,-0.0907557636672843,-0.15387077448171282,0.8589147599874801,-0.905846402594189,-0.7497231671320642,-0.6883352752173735,0.4464076392730117,-0.34207612282611727,-0.5722774990163928,-0.6757285469528064,0.8749891334892731,-0.8791003786855248,-0.7673186225409862,-0.9075981334086208,-1.8365907849057603,2.0275570252493647,1.4080544485833455,1.3600393802538404,0.0412075677623321,0.08084305960071078,-0.37641239669450294,-0.0636380862161115,0.8952629399939415,-0.923502230526671,-0.7913687879860015,-0.8012580390949413,-1.4468407359117685,1.1326626608756396,1.9398017884538867,1.930389475117725
186480.9251753,-0.8649186661685877,0.995250036396379,0.7041089017408029,0.5120271821176445,-0.17414491242057606,-0.23580202393337737,0.41891532059488523,1.1459791870487186,1.0328750223840486,-0.9801327155760485,-0.9849285772151324,-1.0916777874413934,1.1065635890470755,-1.1130107109858134,-0.9630449487179138,-1.0993806239836945,-0.22282866224268758,0.48292503624374067,-0.06946520655583596,-0.24495462259454148,0.36663066967935093,-0.16944382472235212,-0.6549918601338519,-0.5184761643435842,0.7872050169701446,-0.8991614106905029,-0.6031630876289188,-0.5465195565410118,-2.0313820572487655,1.9193756132679742,2.152569457915965,1.8430023857378632
186480.9251988,0.5555868778396577,-0.5422411503162752,-0.515952876330519,-0.6022447314532324,0.5446552791872125,-0.6856483063404103,-0.3842361877250842,-0.13405038960629573,0.7144511051077594,-0.6451207766215387,-0.7435573875394642,-0.8624090346957534,0.7245877489278697,-0.7348936257494174,-0.5997061140271701,-0.7911517831122943,-1.3693463660458336,1.6372363735885949,0.9072989783164291,0.810775854012226,0.15895617504675236,-0.016402177176955635,-0.45105603774017494,-0.2514421587143445,0.6726884873261778,-0.7537915581094188,-0.5294074963693586,-0.47284456632155647,-2.0015793073895973,1.7408612207254217,2.3166171214153413,2.30336680989125
186480.9252217,0.6171021285950633,-0.5868262925760364,-0.5737322887108016,-0.6849680184763226,0.8408556304589693,-0.90610866344576,-0.6873898027074239,-0.42500199811697503,-1.2693874212029852,1.533304368822193,0.5857336430913869,0.4069265905277289,1.0162195152746292,-0.9518289642585298,-0.9440078636911002,-1.2221728966171488,-1.4423887892051215,1.4550497459977958,1.264514612522027,1.2075356011755958,0.48412448385336004,-0.3687481126289918,-0.7581073344243913,-0.5626486574156961,0.8572602715668486,-0.8964857840445977,-0.7026709888534312,-0.6041340843249529,-1.1037858193407626,0.7216437021339277,1.815660022773736,1.884463463247771
186480.9252449,0.6502672943307415,-0.6449550941805464,-0.6311757035977605,-0.6677199655156583,0.8055220025042547,-0.8034275119862841,-0.7901771228771954,-0.7844965685165579,-0.45460740537994165,0.5860218323091697,0.18977618907345387,0.06447866856515255,0.7041168219872692,-0.704800605944786,-0.6388177580963451,-0.761270741232735,-2.340784783938962,2.3326053372084,2.3040827100120063,2.278894683087405,0.11004587074636948,-0.05880028682008944,-0.3358034206321439,-0.024972464674786116,0.808802125411719,-0.8028737821790433,-0.7928451346499713,-0.8125674911921872,-0.2833619256614481,0.09623011159317896,0.6949602407679561,0.7076538794793671
186480.9370394,-0.10816822918565344,0.07418611119497905,0.1610821169939076,0.18132678970886865,0.841280214867821,-0.864888401580629,-0.7730008332039362,-0.7411035855795749,0.6490562969805784,-0.5781680005057312,-0.7161514857456465,-0.829296723133232,0.8737828382669544,-0.8590694363070029,-0.8187124531232516,-0.9479030100162603,-2.0241248613035916,2.164105884848341,1.710477193639271,1.608625803061704,-0.009338127031877206,0.11784672073657455,-0.3159144461926298,0.009618150892743734,0.8821988283451526,-0.8859258517611911,-0.8249120422404566,-0.8624305775483738,-1.1046869609393832,0.8319129733746604,1.5771319498727425,1.5811631526141259
186481.0247245,-0.2163612482577718,0.2899491010658943,0.13759412592994194,0.030497116771606773,-0.16436799985401815,-0.25393549888392103,0.41407166378223176,1.216670343409489,1.0478736586995783,-0.9892895228495622,-0.9918156648013514,-1.1067878348342546,1.118044358926861,-1.1055609181276307,-0.9853398949407952,-1.117975783052875,-0.8229536634465913,1.1321577155397209,0.4338957335260515,0.15230914087632025,0.22129581983617702,-0.012869210216517346,-0.5510768876198374,-0.3928255662637672,0.8489828286326293,-0.9315047727677926,-0.6731629731303503,-0.6408486860528377,-2.0325137545368595,1.8710531062398088,2.2158338972541096,1.858961269146318
186481.0247851,0.7208398608708994,-0.7058787043576287,-0.6816630975727599,-0.759735333961779,0.6332900159977408,-0.7444120409892799,-0.49658162768700453,-0.30797225436017744,0.7228270432130722,-0.6551314040833773,-0.7495125142335236,-0.8742964231767055,0.6478092480585355,-0.6594791736466812,-0.5230078998922751,-0.7320205882467444,-1.319030431255179,1.5709096854641504,0.9123778101269006,0.7682464514511219,0.073860514625935,0.07764241269479817,-0.39117035705638925,-0.16167086130229422,0.5441992859253282,-0.6638263390039859,-0.37805247295193156,-0.24576643977208965,-2.0237955374363334,1.7801755639220038,2.307610159266984,2.313215449368668
186481.0248249,0.33969714650649996,-0.32344288242745123,-0.3008974257142829,-0.342048432529987,0.6169810187067646,-0.7672503759961052,-0.3588514551469938,0.1913772720536293,-1.7871294462682066,2.0917511685832944,0.8584072961449947,0.6193459370083313,1.068285508870111,-0.9604064429046999,-1.0126438081712357,-1.3191355476533841,-0.2699494165498455,0.324056221834238,0.17571776059578417,-0.04316876345653767,0.5822818782782527,-0.4417697805081369,-0.8403569446855641,-0.7151166575456175,0.8663210793088274,-0.8849855536681361,-0.7077768515342113,-0.5948020351137152,-1.4164877688524038,0.9620476450869972,2.1864014285115085,2.203548227237282
186481.0248657,0.6482718343608295,-0.6367662400874203,-0.6219405037286958,-0.6389350988970158,0.9531627281373453,-0.9313336494668726,-0.9381968918257259,-0.9292783717432247,-1.4456587204240066,1.6607017423561319,0.8573885047137101,0.7317068024831215,0.8422642026592976,-0.8173102090868226,-0.7758646984810755,-0.9607189544695228,-1.6095251151671361,1.526173280609137,1.716613036044955,1.6465935586390075,0.18780422165341312,-0.13447043369330247,-0.42767687086907796,-0.07090269884131352,0.9721995719673565,-0.9382666760344947,-0.9654062925403054,-1.0137306237650243,-0.5485187231870959,0.27127218540364356,1.1550837166862147,1.2352653865939736
186481.024895,-1.151774541775804,1.0758944971269766,1.1721135452807159,1.4000827821328008,0.8856708245942441,-0.9283474034438888,-0.8065872704881574,-0.7278624597843224,0.6178037298149128,-0.5302565213873204,-0.7126487364413355,-0.8422682957381364,0.9588582597237166,-0.9449169000065079,-0.9106714889122852,-1.0290138749202946,-1.755176659840808,1.892198397043258,1.5291923184509657,1.2967467598453961,0.20698426504716158,-0.10847190492435836,-0.4738536114164906,-0.22131890927158898,0.9662217470874216,-0.9731633605925474,-0.912408302794728,-0.9390631399495278,-0.7285876246508431,0.5170631961843883,1.1148635463213146,1.062697137685673
186481.0249181,0.25415044540632004,-0.18595338461192937,-0.29236105382817945,-0.35154084108967826,-0.4761814370817706,-0.0330704531111136,0.7329404808578546,1.6068636249772643,0.9994349486084534,-0.9304101665381063,-0.9571601095338312,-1.0299131276962519,1.103346404076631,-1.09298728511764,-0.9717761644552332,-1.0520414395562825,-0.8481846360466003,1.1783396183798216,0.48532084450562263,0.11340954085265614,0.18491435855413113,0.03855665918652059,-0.516088325418405,-0.3623376774115969,0.8050626164091403,-0.8993674019490194,-0.6298740586244944,-0.5586531660253123,-2.022542699926302,1.9248924137614654,2.1489983864966664,1.6342130859492006
186481.0250317,0.7412085405928148,-0.7511171642449955,-0.6826463332006796,-0.728644545078002,0.7443519934125434,-0.8399742972371085,-0.6134691596997747,-0.5072621267182076,0.53532413645016,-0.4498114148670403,-0.5971761390724176,-0.7217573441710082,0.6566187162653135,-0.6858464456620962,-0.5272315378412004,-0.7008234940948875,-1.0210519020563877,1.2478742916000076,0.7102571505631835,0.5369291198627922,-0.026833922635053634,0.18282698599439534,-0.29848360409109737,-0.03414860851648369,0.5649984871037168,-0.6986504574679413,-0.39418908243922174,-0.26130289341496576,-2.1946160491331015,1.9946985018847792,2.4029387057812075,2.4170098921307623
186481.025062,0.38716446169215624,-0.3621670891130708,-0.3703506895992858,-0.3706906252828207,0.4695833848637689,-0.6919460394289073,-0.19053715535535332,0.43368278267157717,-1.470249428247692,1.8755895609121385,0.5698547459410539,0.25213517559356724,1.0645431434300576,-0.9836501610759478,-0.9565552758384969,-1.1974248629489508,-0.05165437611184777,0.1344193202541923,-0.028131527598439985,-0.2708847392761682,0.617105509732993,-0.48878952649580415,-0.7878995202691831,-0.7044316385912195,0.80221035786267,-0.862943726418342,-0.6031229068006299,-0.4644162989128377,-1.8187030532221093,1.3794876613657414,2.3667423295203363,2.322030206746852
186481.0250899,0.6369231558700489,-0.6093011552246331,-0.6564463540542573,-0.6485104396852475,0.9212005940636047,-0.8826740714868873,-0.9507124173408371,-0.923876859832998,-1.949093240716526,2.1301552234940564,1.3195472829879336,1.195676342542204,0.8011341403303291,-0.7579805846917093,-0.7707541403972608,-0.9928576721056016,-1.0247514938791382,0.9165368564106233,1.2663713773876264,1.1442162801237854,0.21712371002463765,-0.16904491967265375,-0.4481681867629653,-0.09001259524360986,0.9499609548823144,-0.893469920842475,-0.9971848457606541,-1.055457420346116,-0.5524978205752724,0.26577857201367827,1.2373472839404143,1.3708223645475839
186481.0251166,-1.1578516741925604,1.0829627247014861,1.1275460682907807,1.4742654185361643,0.9062456394962806,-0.9728153868104354,-0.799146609711109,-0.669332092048897,0.5028424636563301,-0.3854413665008073,-0.6315447700053829,-0.8159156795107619,1.0273477936199018,-1.0113970782355373,-0.9718528731715598,-1.1036220712359326,-1.7119333900998668,1.8332099533892534,1.5545613613873246,1.2065400968655422,0.1337897109438555,-0.024149907918052913,-0.4297689018904326,-0.14518378080306155,1.0262273183487476,-1.0395340880384165,-0.957857577442381,-0.9775176037380524,-0.7266678617726872,0.5171651494125096,1.1080633025427604,1.0307657119350002
186481.0251437,0.45126856952901667,-0.38339748215759595,-0.4838005553230332,-0.5003713961296808,-0.4275808556086668,-0.09613545730532964,0.7448889285107166,1.620082455919209,1.0032651442951581,-0.8927276030511122,-0.9966536976947021,-1.0947489620022037,1.1609157151159648,-1.1174354796613437,-1.0476202485467792,-1.1379588526638542,-1.1776733900547776,1.4937234597123392,0.8049841662055869,0.30716547388665,0.1125568415680433,0.1235536390492051,-0.48927739280022403,-0.3136435895440453,0.7093315329707525,-0.822978184215239,-0.5224675576277874,-0.39215561001399823,-1.8320835578154935,1.6953971076290761,1.9899463572762228,1.511630480547923
186481.0251724,0.7695764363609849,-0.7891096179899454,-0.7053682974777948,-0.7320937462598501,0.7876007952972238,-0.8879985769688507,-0.6509613291754105,-0.5499472725078005,0.4299229384529534,-0.32154279977845146,-0.5198018027074233,-0.6668751762587074,0.6623538398722946,-0.6962351769899907,-0.531148266534322,-0.6998829139461352,-0.8102401769268878,0.998827601152591,0.5841544830859576,0.3732371651488708,-0.1769971222062389,0.35288338496211447,-0.19362544699716427,0.12038238120638979,0.5997290621650828,-0.7384457923481818,-0.4258533185248136,-0.29187010811674396,-2.2619457730154138,2.0816209779607133,2.442603978330971,2.4470496707339775
186481.0252013,0.1977477905252043,-0.1661565944165304,-0.23667554809668662,-0.17891665643009225,0.1992505408506213,-0.5741603755835374,0.11714635279593981,0.9174600471911947,-0.942045965489639,1.4349752834437568,0.198300301368464,-0.24600059851405692,1.1721964352874326,-1.114537095614011,-1.0050573639231968,-1.2061297084806015,0.2821924567030698,-0.162506578829832,-0.3253162864104644,-0.5918351087951076,0.5594436144570057,-0.4074813961348511,-0.7454196236447312,-0.6383159404786989,0.7127471058853844,-0.857659921883153,-0.4549792379214207,-0.24554960765841735,-2.181531978219077,1.8475266790181588,2.4520014058320947,2.1892875731657795
186481.0252285,0.6530599902701988,-0.6195249841395724,-0.6839924191814858,-0.6409489641762007,0.9499850013921222,-0.908523918858746,-0.9712202210523269,-0.920928701967866,-1.9958325315226815,2.1934945213754617,1.3030858991939318,1.1094397448631201,0.7986139877122123,-0.7510301600842838,-0.7549232472503116,-1.0034704496591178,-0.7241149115928718,0.6302358706989611,0.9630098394524483,0.757349750020605,0.07759430368400573,-0.03694380553413582,-0.3240828643381805,0.11861693128862918,0.9836486584141628,-0.9201356105200387,-1.0266836007259619,-1.0788699893325306,-0.7429544983571476,0.41242808706235334,1.4948066139018854,1.65881167896336
186481.025255,-1.4159772617125033,1.347967428041065,1.321127097999737,1.742203161794296,0.9182294895340731,-1.0203389428870349,-0.7763861726556047,-0.5780281008872225,0.4329142631052214,-0.2779588639781031,-0.6064290690192835,-0.8144214355083247,1.1081539218877157,-1.0984733429352833,-1.0428754484693579,-1.1418318463390849,-1.3936848580435999,1.5078228776658797,1.3128913118082166,0.836132937467648,0.04778127174701218,0.07573523500441426,-0.3686983594280966,-0.06736152105096116,1.0856427795912134,-1.1146494816280013,-0.9977805509023417,-0.97820061487504,-0.7830596061091324,0.5798950907170625,1.1581511906667306,1.0015074193986893
186481.025281,0.49594347466672517,-0.44088597152636316,-0.526892365699207,-0.5237484954302015,-0.19120641388547405,-0.2526699709241405,0.48362072712735943,1.264035052051288,0.9313304011397987,-0.8259570577698419,-0.9303926248490673,-1.0903546823105201,1.120081080912518,-1.091105972846662,-1.005913786120301,-1.1469264436007964,-0.8049756311797497,1.0642253071127976,0.5463114033457142,0.1048485328788507,-0.030703877637000918,0.27576997117574215,-0.37285710948295425,-0.18618529083663124,0.6164790873265622,-0.7527071136619355,-0.4278179743355857,-0.2907339228644913,-2.136948121343381,2.0233308084404023,2.233941730014042,1.8690652501125016
186481.0253063,0.7739067940643463,-0.803688524282397,-0.7079349993812332,-0.7108266620186404,0.7998148485883011,-0.9028375198152057,-0.6651776994416173,-0.5670622179597247,0.2499824611640266,-0.1069162048424045,-0.3825369778416364,-0.5586972969142805,0.6536489919090164,-0.6906064281999639,-0.5300445811260676,-0.6795086881744374,-0.48504047451728316,0.6222448612141791,0.35275214209638606,0.13675738453212122,-0.2262293695202863,0.4028866504018607,-0.1394549100611445,0.17668571409002365,0.6045146304140492,-0.7450441190883113,-0.43651809352458065,-0.29930492908016804,-2.370597882102169,2.223961284612242,2.508915119279894,2.501956695525107
186481.025331,0.1838247835231412,-0.14229827461764696,-0.2562262555361014,-0.14621427148694247,0.09102955406602668,-0.525525461754476,0.22132884472263772,1.0883412307266418,-0.6616893751108576,1.1544259611399101,0.04763085148817022,-0.4572944475762511,1.2220304353456453,-1.1730962110410843,-1.044512967410622,-1.2210146076220525,0.2656461057342913,-0.13398105617600828,-0.30206929652745035,-0.6041921458815325,0.5610246159469379,-0.3945216984093663,-0.7575512030952074,-0.6413781371143731,0.6286070874228321,-0.8213146572088833,-0.35786311169671164,-0.09403269122293766,-2.290473206928019,2.036311398067554,2.4492631380552847,2.075785070177448
186481.0253548,0.6733627153969829,-0.6377876432224048,-0.7091336393268965,-0.6280328981953712,0.9717154885273129,-0.9376585586834126,-0.9675520220218664,-0.8845067247538818,-1.9193140245264755,2.1454512739278657,1.1839351580545223,0.9100656689239214,0.8012548961649006,-0.7520129765251025,-0.7431992214990001,-1.0169615762564208,-0.7209523845555914,0.6194248712397101,0.9791034503455605,0.7204431676123679,0.031741682485337756,0.008747787903888466,-0.28314986705426193,0.18557028936394815,1.0145418460909927,-0.9518633714379963,-1.038113104729187,-1.0842664000061493,-0.85235021958346,0.5056986167974514,1.5781092462311292,1.7976884733115857
186481.0253847,-1.1858809405509387,1.1406734486498813,1.0284401642997523,1.511583413767307,0.9482547048586436,-1.079427381578825,-0.7748046026235557,-0.5478823889322408,0.4589435629122972,-0.29958425999259497,-0.602451095345227,-0.8554909401396268,1.1600409117422896,-1.1597861884840137,-1.0677032099142185,-1.1740466205803395,-1.093775615511082,1.2149146430120599,1.0333126318685784,0.5197335104116484,-0.14544793528029729,0.305637090297883,-0.23902538211000707,0.09242871876321776,1.1352854162923436,-1.1841384353620679,-1.0156466743671864,-0.9821115794254369,-1.2774201044632598,1.0617110834576782,1.6378781681918642,1.4357858861354726
186481.0254116,0.5636195325258468,-0.504483057710261,-0.598689755647147,-0.5547451355854127,-0.2947166246255785,-0.20579286669431043,0.6126873856150109,1.4001888621793193,0.9400806738420872,-0.8097469144179114,-0.9518245732945374,-1.110206290117247,1.1741205661233387,-1.1425071386138441,-1.0481241522266245,-1.1700744084396568,-0.47578948160559176,0.7095430920322822,0.3007156017866384,-0.1634375956047294,-0.18509181329050303,0.4811552515091821,-0.2902744169617326,-0.09463574781755342,0.478572112415416,-0.6648032052935955,-0.2643715704289982,-0.06498776879288692,-2.2007949653850156,2.1366348391884578,2.239881481157391,1.757898084178168
186481.0254384,0.7691535862333285,-0.7959773524837195,-0.713777643572412,-0.7008800793691765,0.7766918030583084,-0.8844483602331275,-0.6450401044307257,-0.5242319196525836,0.14707670995400624,0.02103900987533734,-0.3030063774003875,-0.5207965737422794,0.6501814988526382,-0.6788563041396227,-0.5405053401579005,-0.6872403996897478,-0.17213510826963013,0.26302589112873875,0.11486714514839001,-0.10221537814824173,-0.26492701372550786,0.44453718246042107,-0.0995541610144738,0.2051716994341375,0.5376957325376637,-0.6890748999930132,-0.36865792882719045,-0.19926749411670586,-2.4437372086408056,2.319754833384985,2.5556744102546998,2.5294601452845966
186481.0254646,0.24687262815622626,-0.22715294103625602,-0.3046392759020777,-0.16084766410766715,0.2985223461808003,-0.6033740151782397,-0.06288923284300717,0.558788999417776,-0.38783055992146925,0.7840675648752959,-0.047285295972786176,-0.4869050682945825,1.0181083535613844,-1.0084176043910955,-0.8844682833345676,-1.0667257063547197,0.2510887473582105,-0.16010990117022622,-0.26185775224554764,-0.5378698948639029,0.4635849233034339,-0.34026137915768767,-0.6292931452159091,-0.5425033287361439,0.5711248685078538,-0.7392578187099268,-0.3634030833302798,-0.14753190345104072,-2.461471307146438,2.2945060947681366,2.553836068844175,2.3835945663902804
186481.0254933,0.6425564591299969,-0.6195984198494089,-0.6657288175352264,-0.49829786963150036,1.0038559573091312,-0.9914132321424938,-0.9465741712513008,-0.8076857627541087,-1.746877874981086,2.026009000516983,0.999475993251605,0.5665112914569513,0.8055976006776427,-0.7605591829421288,-0.7179494829087854,-1.0033060697046456,-0.6967630826170134,0.6083708731585069,0.9099142785317008,0.6048003588120395,0.060934183824084366,-0.004778878910535555,-0.3225324698899303,0.11664503847493764,1.0578755797437862,-1.0083918824401235,-1.0315328231225929,-1.0499158730516425,-1.1271788230865394,0.7503617226091994,1.7749274929245296,2.0712488863979703
186481.0392987,-1.4884740908205962,1.4216684262001242,1.3022038007253982,1.8423103400030638,0.8838461250029803,-1.0653516197251913,-0.6635650012890607,-0.32691891042189997,0.25746423088134074,0.0052373904375183425,-0.5651692259862708,-0.8246583697380947,1.2263008275417573,-1.2173547156432418,-1.140011433886709,-1.2054065448236413,-0.9194863063146619,1.0051842544193959,0.9569141301169882,0.33264731408466125,-0.011375330641523568,0.15869679498539488,-0.3266724422383336,-0.05239624622582444,1.1630159949781593,-1.2214830070275418,-1.0323150211557657,-0.9375574236596529,-1.1112914506274558,0.9134024763535413,1.4686151937137542,1.1719798407813886
186481.0749844,0.635053851468357,-0.583164942541355,-0.6683337277330134,-0.6070498061885612,-0.1567582456776467,-0.29092703546420295,0.46096486783352797,1.2120391322041757,0.8938820739612376,-0.7568713382617376,-0.923529771096594,-1.1155574214641093,1.1566836292189877,-1.116978375820184,-1.0535840418776992,-1.1900088027983737,-0.47088136146285076,0.6712951980876751,0.3448613575527863,-0.15391029986921897,-0.18446657252899343,0.46033905851258583,-0.2657246820828331,-0.0823757014594812,0.37175542973144904,-0.5677116536356691,-0.16636658240349866,0.07521555174913241,-2.2452688047105416,2.184019089122887,2.271712579807323,1.8616473478264373
186481.0750494,0.7978163139411905,-0.822759447176903,-0.7499191019849574,-0.7122179430197831,0.7961974115885845,-0.9048412125714697,-0.6660704413734942,-0.5194183902670952,-0.015281052216452796,0.2256643681020261,-0.19042941621585782,-0.46895232621882055,0.7058290538682624,-0.7287253572417826,-0.6069962634053405,-0.7365230116771555,-0.2833208420015255,0.3649949692752779,0.24670192095183713,-0.01461082060888299,-0.12745346114149242,0.27477377224003025,-0.17950590209564873,0.094653956705467,0.54281502750272,-0.695890554491729,-0.3748287665326585,-0.176734860591799,-2.416602451541284,2.2867834618645504,2.52104797065612,2.5338033956780683
186481.0751044,0.16157204272269934,-0.15256593257819714,-0.2537977563045097,0.022327337809288028,0.41589393287177495,-0.7204679434420033,-0.16255174158268693,0.5274591904128556,-0.5137611616619822,0.9132717209252007,0.07503723801884808,-0.5119887098036681,1.126389824455871,-1.0870376183129435,-1.0008336823498272,-1.2056902100681244,-0.015498789139024765,0.11548027634532812,0.0020470209151487954,-0.39152162016279324,0.5410152045980972,-0.40155427112905,-0.7276022007042482,-0.6257202251231022,0.6427983241355825,-0.8132718357146472,-0.4212717475409843,-0.1470389025965577,-2.35840937798302,2.146145603906313,2.488972869548259,2.3321731395321015
186481.075166,0.7154818781341566,-0.6955065618650427,-0.7279800898093282,-0.5560005024064401,1.0238231134789109,-1.0289127734478913,-0.9355634189125251,-0.7990552195613146,-1.4613049852416922,1.7841856771001476,0.7243610624671696,0.28013378468386024,0.7735106261444938,-0.7425476360816508,-0.6649236800260664,-0.9526924505204935,-1.149994881254356,1.0207116995121956,1.3972568826449592,1.0677443263026003,0.12634381203816353,-0.06340942966871879,-0.3670043519544974,0.026924233393419164,1.0740274560971539,-1.0426221813861094,-1.0123558242539878,-1.0319061326205778,-1.101887019396826,0.7681012058370689,1.586209419844276,1.964851960728946
186481.0752345,-0.9724850769194036,0.9046568451381266,0.7936415529416476,1.4347207070176025,0.8966333372915591,-1.0770676259865613,-0.6786966352986962,-0.3670603325382297,0.325603243415906,-0.08290739279449157,-0.5655813061705827,-0.8851061732772209,1.211660961513157,-1.2089398761155474,-1.1071255908628383,-1.2168417796782514,-0.9995778191501822,1.0883075905179431,1.0330575463197893,0.3907085277540814,-0.08395182076888698,0.24527730896682962,-0.26235680141125683,0.004633967968011844,1.1524347903633987,-1.2191866741233457,-1.0061341633723149,-0.9426539011162205,-1.530317615745549,1.3498598243970459,1.7931953978542523,1.5815989838702273
186481.0753019,0.5287623472535516,-0.4831157236215816,-0.5836871583221891,-0.4966740331719787,-0.24446862531230712,-0.16771838005003847,0.5001038067233198,1.1998402156555807,0.7837771748710796,-0.6604446571931606,-0.8241100012736685,-1.0035594611044532,1.0023363526087747,-0.9714817795211892,-0.9300730660776984,-1.0546706503778658,-0.09962416821313787,0.2578103953578085,0.036341830621759386,-0.3631671639102994,0.22588232964387733,-0.029088557760525,-0.4910498388037617,-0.4117128837392166,0.2373400431170995,-0.4189502037834774,-0.07745435478318748,0.1637206278485947,-2.4340054539689393,2.472988906572163,2.369928781915426,1.966223348799639
186481.0753889,0.8547677008657013,-0.8642810556924209,-0.8280535029296304,-0.7643168488453025,0.825252919856707,-0.9422156703702422,-0.6901295193666466,-0.47957026691870697,-0.09221382620212674,0.3226794520840956,-0.1314879599413675,-0.4916538590076254,0.7927115130630896,-0.7960700366497611,-0.7083797722651262,-0.8535721470622784,-0.6017784815271291,0.6867328770415135,0.5766555188963071,0.2027463334245161,0.039505043025555665,0.09382946771194732,-0.31531529986538676,-0.07017010972243336,0.4935053977643108,-0.6686119378222533,-0.30975091309801517,-0.02716105918693504,-2.3117502668461127,2.1679369036971203,2.4064614485698654,2.483697957318766
186481.075451,0.2533317554046023,-0.2645181090404658,-0.32025576820029517,-0.017819382726171295,0.5227092710868333,-0.7715746250594396,-0.3064689590030056,0.255889113300466,-0.3372234468904568,0.6739925215043455,-0.0012884798147928147,-0.5473456189863002,1.0553119034302665,-1.034053215241791,-0.9503652947938948,-1.1349919363305179,-0.1813135815159889,0.2562306381362752,0.1977639791655423,-0.21994005562667288,0.34695178551739736,-0.21676962529666927,-0.5592361151613556,-0.4267452715767887,0.7360872017451213,-0.8673284723951832,-0.557646495106052,-0.35628688703282607,-2.395854888777777,2.2240208873929284,2.4974971329138524,2.4472400389788107
186481.0755058,0.79297383443811,-0.78716203084652,-0.7807562174145799,-0.5956480867241012,1.0711956496138728,-1.096551221082906,-0.9554800706187484,-0.8191784547411075,-1.128105931170724,1.4850603414963433,0.4694314913265025,-0.023068785914523597,0.7806347268664595,-0.7657106087468483,-0.6577664270218271,-0.8991874850061284,-1.1835710467672746,1.072566133040862,1.4088055181988253,0.9868392751573981,-0.14480973345730525,0.2095125358226942,-0.1398232883519723,0.3343571162000423,1.1104525542384591,-1.104087779595019,-1.0148284883997891,-1.002589918489076,-1.2987700537616038,0.9863726299113948,1.6704174822815894,2.018476339517497
186481.0756142,-0.9926407431650526,0.8917500881010252,0.8282818821299918,1.5226664728119703,0.9218292586425909,-1.1126166921062295,-0.6926558012325215,-0.3540840113123157,0.20093137122742377,0.09757125810104181,-0.5142062138806914,-0.8591103353875237,1.2382626960394028,-1.232219109459299,-1.134854428586221,-1.2140027403324332,-0.7631390168748706,0.8207621007290505,0.8689700022932936,0.18735077871739508,-0.1673636491420394,0.33728356868585474,-0.18985042141690228,0.0588166790231663,1.174789945833205,-1.2488698145517474,-1.022057863479415,-0.9135889888159923,-1.6126698625606581,1.4463386005003018,1.8563728441724658,1.5719521452957326
186481.0757007,0.5426481360300446,-0.5063929074655807,-0.5923759967014928,-0.4784216842788953,-0.320793480362098,-0.11338739945320835,0.592599940593206,1.3181049592494416,0.7560380016570405,-0.6239657624148262,-0.8017635970874386,-0.9948075011620676,1.022657399793222,-0.9871759369068286,-0.9554795837930734,-1.0643233230642417,0.09767146994178122,0.0222869594711887,-0.10390969461530862,-0.4906294340770046,-0.019519424797854026,0.249974721879861,-0.3109474996532769,-0.2246234329913211,0.34173203600730867,-0.5014974294022919,-0.19393300831915927,0.03231541487007466,-2.4204341382694468,2.460157754291686,2.3658094395765437,1.9023850014540147
186481.0757948,0.9225856213472802,-0.9274948477832659,-0.9010854547324547,-0.8135983270517486,0.8664521278419913,-0.9758715879205763,-0.7347601278559266,-0.5069786123394768,-0.2193159141440818,0.46928713996616384,-0.02374036157750131,-0.47076782204790285,0.8198371916356305,-0.8157462492303631,-0.743682649248757,-0.8766077351169776,-0.33363919933712394,0.3718718571706095,0.38726163913932493,0.00321302573920685,-0.3214535030638846,0.4788982937930697,-0.041135696981791016,0.282563890796694,0.5397191834387851,-0.7067875835544346,-0.35471523248145453,-0.06862131576936764,-2.2741855077185984,2.1058429775587957,2.411857883738559,2.4507968957895727
186481.0758868,0.08420896427723698,-0.1072401091278066,-0.17040598589920739,0.19796699537255216,0.4602118348321316,-0.701158208017037,-0.2785643523183279,0.2942852832604601,-0.16165194161788957,0.4495924969793979,-0.08986756479126717,-0.6088524764681504,0.9983539030118767,-0.9792499101823334,-0.9162787034956409,-1.0785923392313612,-0.008784696348077286,0.06820611278454473,0.05901327369251551,-0.3468853870132731,0.37224215664337185,-0.2530420733394445,-0.5540051770448888,-0.46687482768017136,0.7242452922859,-0.8366046873199185,-0.5795928042354371,-0.40688738173229355,-2.4688255130845502,2.3594963782225973,2.5297013140922546,2.4158401334922384
186481.0759748,0.7420642920395176,-0.7584349897503356,-0.7185734353559965,-0.48611166417297447,1.029196577170936,-1.079442761999795,-0.896511268447236,-0.7407674983068177,-0.9296359145915042,1.3082619632644716,0.3150881728828724,-0.16360799617925878,0.7960115850328937,-0.7877707601601713,-0.681907704266229,-0.8767338290515071,-1.1234223025693242,1.0323468757015315,1.3304910395105252,0.8639619050657966,-0.0076617070350373144,0.07893400263175075,-0.2290892749563451,0.12671720775580814,1.069940178023461,-1.087375056946193,-0.9571231753566822,-0.9177274842564064,-1.576492708070935,1.2934807272587405,1.837625645989091,2.1942693591453604
186481.0760259,-0.8496270102632527,0.7528437203634584,0.7023882943349574,1.3814137462558482,0.8460706058986948,-1.0321973741401833,-0.641270007361539,-0.32296788475051375,0.25092713411456885,0.004635132304154287,-0.4840603319406723,-0.8424200132960746,1.181138424807567,-1.1799877295701897,-1.1011986634172077,-1.150988363919617,-0.3847145567641317,0.4284905383908763,0.5079237456947281,-0.07294265855003321,-0.210074026175464,0.38371913658098095,-0.12676407143261698,0.07013329180898618,1.093862171435254,-1.1684088780164155,-0.9649358685722161,-0.8545555483348517,-1.9275827430532395,1.8109054540873175,2.107916902694565,1.792327430786255
186481.0760782,0.5710053239811894,-0.5416361784241333,-0.6195931768559279,-0.4843572879977161,-0.29243919479821673,-0.12774877233688448,0.5788237415442914,1.2717229545287272,0.739106569954343,-0.6056768148890957,-0.7919593303001167,-0.9939963958786378,1.0068658888280924,-0.9620288598303294,-0.9591595712198562,-1.0632126529311101,0.17260141524285355,-0.07560452401195021,-0.15011032414272032,-0.534473229734513,-0.11062212995592478,0.3398878818255264,-0.22806387126193578,-0.15431100845868878,0.336880164264588,-0.4851164129558309,-0.20041588795105073,0.03008144520527459,-2.4233980375169266,2.4579236806226974,2.370478420187317,1.9285461752666633
186481.0761465,1.0356597862043286,-1.0142907882872123,-1.0483658691134252,-0.9350097874798854,0.9393688347216984,-1.0427410209871861,-0.8124164174663308,-0.5220418387108859,-0.22566977646357445,0.4552312856311568,0.016646001564638704,-0.5269561431200698,0.925207778777266,-0.891442955911375,-0.8758596307445435,-1.0343215660570084,-0.629543507087194,0.6360107865962552,0.7609669591962078,0.214930516788771,-0.6165046086220947,0.7874326125494191,0.17241490802451243,0.5753380639668608,0.5782814989244878,-0.7467401875681713,-0.3851117049146324,-0.03627148723896879,-2.0068000064549136,1.8165402679771128,2.1717257534535728,2.2643322418511875
186481.0762589,0.1349757939050523,-0.16900499166210822,-0.20052099539234072,0.15938231316389345,0.5016416420478362,-0.6799632358354724,-0.3629333774366809,0.05338294099785322,-0.07123854374920043,0.3006824543124301,-0.11840481889494739,-0.5626339307947449,0.8776154657535903,-0.8658296883813672,-0.8258747798886235,-0.9446203676822161,-0.03092765662269641,0.06838572448697021,0.09720190552972523,-0.2694527597385272,0.4080660788504945,-0.32053955493869357,-0.543617338120095,-0.4792737427762741,0.69164164334757,-0.7751823987205768,-0.5909916027847082,-0.45710957028017735,-2.5117744235326422,2.4414516907388175,2.545141006987671,2.500325117110193
186481.0763483,0.7467734927742706,-0.7614493589589396,-0.7379279612952808,-0.44817925346116155,1.0445312508385958,-1.0892096674564986,-0.920317194660287,-0.7480502815311041,-1.0018059108510133,1.3720755016980433,0.4089177397354719,-0.18151560152455706,0.6952711253575994,-0.6835950127399721,-0.5876469191137017,-0.8185527936200506,-1.2410672030633618,1.1117745751621466,1.5060981666835764,1.02693275931116,0.13780454067263415,-0.06410260309295059,-0.34947342899022893,-0.04200875690692641,1.080516385103179,-1.0910533235306334,-0.9777847629597327,-0.9348503643620039,-1.4620236808319047,1.2055598889188048,1.6581343606001828,2.1462242920946433
186481.0764193,-1.1654389278095942,1.0306366831037581,0.9950242910875609,1.7654474309671184,0.838810106909921,-1.0572689910617021,-0.6089458741535972,-0.1980799484937824,0.25962944291324536,0.03394193451414574,-0.5339432784261404,-0.910051563634096,1.2671256013946262,-1.2448499109736897,-1.2121218271459882,-1.2031732604437941,-0.6846958387697529,0.7127948962642762,0.8929020349252047,0.08532608347689827,-0.10281586223399686,0.27864123131066043,-0.22463227475270278,-0.05911429691700502,1.1539556008118785,-1.228459265274398,-1.0321486069898997,-0.8407109946346524,-1.5665701232163265,1.4745634221169508,1.7238655354555614,1.360356549679313
186481.0764827,0.7257177759109256,-0.6922765792659955,-0.7701166032700003,-0.5936156861765668,-0.4512804052418792,-0.04426151571580514,0.8097403325162912,1.4746774157805669,0.8264741626753298,-0.6791902116904148,-0.884681947751976,-1.045230050792268,1.0939819107808781,-1.0330647587154627,-1.0579076541616546,-1.104491931827359,0.20395307588181433,-0.1056531661701801,-0.16209200716317743,-0.5690537185499643,-0.2944380394630213,0.5670890109361159,-0.10912766481357714,-0.05285768763321172,0.18215097605523475,-0.3632895207897497,-0.01918165126568083,0.22182471076142135,-2.286559456599281,2.3506467414114933,2.193367195909775,1.6687469484373818
186481.0765443,0.8670025743159424,-0.8690574325197078,-0.8744825120050299,-0.7543034251987227,0.7679427174063765,-0.8708807970831978,-0.6657380163488419,-0.41675076823485285,-0.26747875644345565,0.47383997458543564,0.0987384983404352,-0.3816022729258488,0.7859808674518066,-0.7715681865277387,-0.7522858563360625,-0.8427398050295217,-0.0913864302677333,0.10227705489260873,0.1877099483925168,-0.16565314167418785,-0.15700543032199887,0.2857870745565526,-0.11680917708632545,0.0971764823065599,0.4830277338917376,-0.626704146439663,-0.33753537109045406,-0.05827578938994635,-2.388083276032673,2.2763064585357116,2.4604024861337623,2.522148720146522
186481.0766254,-0.007248667600251508,-0.046922654283804696,-0.07564656726609106,0.4091609290932371,0.4316146223975069,-0.6384896513473042,-0.26507279061483335,0.22004455691647565,-0.2178466692941346,0.4871662306601097,-0.006182252822402937,-0.5678485636101369,0.9242201550664702,-0.8885529141920452,-0.8969958714450892,-1.0055458778443747,0.045285294518087424,-0.013304648938412862,0.045037898779215955,-0.3579831557527401,0.6344223830160829,-0.5482234367049104,-0.7463659106406734,-0.707663809097501,0.6550030761682303,-0.7417315722731997,-0.5551851131079643,-0.37383745755133624,-2.4654501942719915,2.390058647079568,2.5004106071178382,2.3836733778463772
186481.0766959,0.6589516222563583,-0.6749307531342099,-0.6813130959008411,-0.23219199440125124,1.0274786332021113,-1.0630322351563863,-0.9144810887020027,-0.6728153719617145,-1.2639659173301616,1.6232191941767715,0.6379829994003501,-0.1244336669877145,0.5724408427450628,-0.5483071722014475,-0.4765805534276349,-0.7701845692807935,-1.1595776997492022,0.9850023861207011,1.5113168349529402,1.0214357071811802,0.46449863029778066,-0.3735523948037472,-0.636525080818365,-0.4759905526599557,1.070628789408339,-1.0622820496787861,-0.9889723763992643,-0.9266723280120306,-1.3704549008302858,1.1138830246771054,1.5485723608948172,2.180852776122279
186481.0958608,-1.0327469928949167,0.8617523594568515,0.9189135977803524,1.6937253454149777,0.8144944197202861,-1.0202110009914909,-0.6069271909854703,-0.2061444768695553,0.09001451732957216,0.21891190294398255,-0.3607473235176615,-0.8225773282037416,1.1957204285159553,-1.1691002757412448,-1.1607811722576458,-1.1306725671644355,-0.29182279658008736,0.30791709398126366,0.4957140087292094,-0.1685095497459921,0.03396371451655752,0.12864734048321483,-0.31549544876910307,-0.18884936215041814,1.081479631256205,-1.1580510660432848,-0.9744088186090629,-0.7570316972802991,-1.8911029218635678,1.8301336459107078,2.003732347629382,1.5800596359994656
186481.1746601,0.5753595834309467,-0.5596963574900871,-0.6241362296553583,-0.4125248256545733,-0.6470113684896689,0.12689534150255383,0.9888345332764842,1.7001223709928028,0.7993129524359723,-0.6589204033855361,-0.8508535441328385,-0.9994462135147417,1.0632782898896704,-1.0038354096442637,-1.035115500439028,-1.054765318649971,0.44128299851158126,-0.365596166074853,-0.3767581022904687,-0.6945529868412,-0.3583987318164025,0.627759824304261,-0.015013556315433167,-0.038251217819145915,0.36732885796525644,-0.5011129432555682,-0.24039289364138924,-0.03131270838795799,-2.2411525819273534,2.334506114043492,2.1534352931980303,1.5307308998747875
186481.1747356,1.1115831642055705,-1.056868340172413,-1.1862323259174334,-0.9783585034870359,0.8890904977405573,-1.013009083828407,-0.7522331804221295,-0.30082453865753245,-0.5878479505438959,0.8316530322656153,0.38755021300796794,-0.4325678461208503,0.9854486529151799,-0.9070118003156693,-0.9915107575886871,-1.1515396798397284,-0.23089795539722147,0.21487241667790355,0.42854452706141144,-0.15123657614308453,-0.5778316437838783,0.7341581321391993,0.16472676969818467,0.46771667416452295,0.4313387748805588,-0.6351677177917627,-0.2051094273387004,0.284869073504487,-2.0208835400168708,1.8313733610255334,2.1542641814993853,2.2619413965792226
186481.174777,-0.030692553726052143,-0.041694909216913836,-0.03887087910853517,0.4882313261766068,0.4637099530021534,-0.6478246433123804,-0.31402189337454356,0.12007673936788885,-0.04677641069357891,0.2791151208548635,-0.13473328523403205,-0.6406987275166224,0.9319639574222426,-0.8959654855320538,-0.9212339980018869,-1.003834061312104,-0.14184764170781558,0.15885992641873722,0.27078902780824887,-0.20538639060068925,0.5958093310714841,-0.5106720948479755,-0.7122535309126748,-0.6766356621381211,0.6899702016948933,-0.7579059617269261,-0.6144110205066192,-0.45317603688540414,-2.4621368370633263,2.41608804736265,2.4647355793300436,2.3714228129084454
186481.174814,0.6618947856688225,-0.7001923260018804,-0.6598884947916566,-0.30983892825342474,0.9148542282407521,-0.9855861972084762,-0.8068052611828435,-0.5714015793297436,-0.7475588035269753,1.1059970531826047,0.26908575491096554,-0.3024856623254634,0.6234537469469172,-0.6151313255118657,-0.5531062025083616,-0.6949640379197831,-0.9128245194439646,0.8117101611993075,1.187815156343883,0.6421772764940362,0.4734606854526389,-0.4104787837310602,-0.5885636318031965,-0.45465804251558734,0.9436385954030745,-0.9805487077274535,-0.8586733602287853,-0.7282461848713169,-1.956918718741259,1.7742301257988227,2.0101360392599945,2.4194171587212834
186481.1748577,-0.6578988861686362,0.5216649484760385,0.5859425952433326,1.2677706176118417,0.5710508670182342,-0.7453861232797252,-0.4067122705879385,-0.08189650047820822,0.0546336562947599,0.16970075290845335,-0.21445950890005802,-0.6834390823787478,0.9206609553298043,-0.8877693498790729,-0.9167818267369054,-0.9543577743018365,0.2683303452943147,-0.24768137096557877,-0.1633138080356294,-0.5087819376694416,0.3970204363855929,-0.29027204719349303,-0.5578443944066138,-0.5014866197037683,0.7969022836160923,-0.8593326708556469,-0.7234098209383008,-0.5782578751158365,-2.350699657770161,2.339075860789025,2.3965790343621123,2.040449172035997
186481.1748852,0.5229247614648975,-0.520669563678342,-0.572167398037479,-0.34198027646686174,-1.2919614124964869,0.6928339580119806,1.6363429447689677,2.046700384187876,0.7379371607493996,-0.6020178094152235,-0.7766518417473917,-0.8706271516360361,1.0209205232185303,-1.0044634935209216,-0.9675341720810959,-0.9200849219936971,0.6605821335602002,-0.6059006313684591,-0.6019495230340713,-0.744605466685848,0.46642394291239486,-0.2892640119527928,-0.6288066643755655,-0.5815927377925936,-0.17067573325657737,-5.117227068246635e-05,0.2949137500348572,0.3901115613460291,-1.9461513761523586,2.3295327241944417,1.6158529044717789,1.0220786090411316
186481.1749265,1.1866189321688472,-1.0873868003424503,-1.3134840818602833,-0.9680622491990436,0.7796976685434007,-0.9622879711929373,-0.5707463417616842,0.0952846281640567,-1.0290405393425446,1.2917755357903418,0.8112571862572697,-0.3568172540735254,1.0978958554357583,-0.954993055906175,-1.1465341033237086,-1.3038072084559684,0.13548007719154573,-0.11360933796922015,0.03859241412292224,-0.5425496226860614,-0.310972190003161,0.48541597309554724,-0.10612700847460046,0.0886875460989141,0.038520638692999355,-0.36943431513168606,0.32245556663671676,1.0127758767717612,-1.8982004426868446,1.7105199716565807,1.964586368403367,1.9744882833798652
186481.1749672,-0.4792124286642957,0.3364620559655477,0.4076509854166428,1.1064987021227233,0.3388180980368633,-0.5953084056398505,-0.11283652105430965,0.3905374033174569,-0.18743236476888486,0.4657588847197351,-0.001684592271937085,-0.6687688606275819,1.0503893747868205,-0.9812897163610139,-1.075275934385351,-1.094753873246124,0.22111786050728813,-0.1899814754458142,-0.0947409341660482,-0.5309429532326332,0.708535692881114,-0.5892438806025877,-0.866034796484245,-0.7920239935156435,0.6906785921456572,-0.7663122409223172,-0.6095838562603737,-0.3895492712647437,-2.3428948249245627,2.319914778286301,2.3525056492056207,1.979002846446546
186481.1750071,0.6455385826068885,-0.6837213987893659,-0.6485765475123499,-0.31037812245192714,0.8552672663714633,-0.9142641099489773,-0.7780678187608444,-0.5414949910268765,-0.7936799646024065,1.1359025168319856,0.34534727449934377,-0.232729139275574,0.5399546926492859,-0.5352787694780575,-0.48304762279977365,-0.5855055768754185,-0.4235267268577811,0.3370080107635442,0.6925273167150886,0.22778640594514987,0.49390679991828124,-0.44243527734633864,-0.5901336669421541,-0.4693939089811395,0.8642845776228247,-0.8981662993725951,-0.806043806830287,-0.6431926640005714,-2.1817452277085576,2.0009553273398035,2.2679948716309766,2.5549079966663575
186481.1750516,-0.6148840493155271,0.4584266733120946,0.5727541857953693,1.260214013438705,0.5166376544523588,-0.6997300958192498,-0.34251494735008897,0.004648845952654709,-0.01908391801388934,0.2363829492139811,-0.11310415786826167,-0.6541178890447904,0.9103845248602631,-0.8605862459857236,-0.9316809583537545,-0.9627505152755016,0.41239737278744043,-0.3882299431467325,-0.32051100961117907,-0.6214093269450817,0.42128953558806576,-0.3071554230863069,-0.5893713326344453,-0.545836476834449,0.7446954138179805,-0.8070800513205885,-0.6767631440103933,-0.5090214238962514,-2.3714365341766945,2.3679721368325266,2.401191364032754,2.028272772604714
186481.1750825,0.5362651613736056,-0.5612637301852168,-0.5645398563283208,-0.3283239396526445,-1.554166667260284,0.9612631727000527,1.8715534229930206,2.1779023434610165,0.7315969191277089,-0.6119212224327896,-0.7522046938178972,-0.8349768123187457,1.001739841617746,-1.0104027622482272,-0.9351961776517653,-0.873542880344544,0.7943524929133956,-0.78232868612602,-0.7130108631666165,-0.7779944340247132,0.4274424932422022,-0.24399029830491908,-0.5820536972276623,-0.5505212966067107,-0.23781575907637612,0.08369057985493285,0.34404675051172284,0.39968572047659706,-1.699414481937997,2.164952946742186,1.3314051146875199,0.7877712990097442
186481.1751066,1.1676310390263958,-1.0656466187234264,-1.3252204519826738,-0.9722978432606465,0.7485978516285854,-0.9169802241421118,-0.5561928675399125,0.11069357444713832,-1.1811413449380472,1.3906693018058078,1.0658093886814712,-0.23889383003405115,1.007211868276769,-0.867184321534788,-1.0818679845585812,-1.2608144029719934,0.4705253228804765,-0.42216509776009065,-0.34800897055378277,-0.8132034365876146,-0.5402425677772223,0.6824842545217334,0.1535782177420757,0.30807346353603376,0.10036432733433838,-0.3943136418853701,0.24117578789905142,0.9178547189697374,-1.772946496431291,1.5931363477182454,1.8507268803123504,1.9485877559013962
186481.1751377,-0.6683296610027704,0.4742282293961259,0.6318640994817215,1.360389722534382,0.32191495687783006,-0.5877575627345091,-0.07817821298318585,0.3880867253159654,-0.10501553928727096,0.38708291174136816,-0.0767010926559831,-0.7282614444027746,1.1205126902659088,-1.042534712841992,-1.1728268124286767,-1.1151004613895732,0.206824817583671,-0.18050927052558016,-0.05443777726777503,-0.5221150717629407,0.7156709730989137,-0.5859189272822403,-0.8906840095602939,-0.7927008867595156,0.6809652924694043,-0.7551727634455128,-0.6061518196292828,-0.37457201717223704,-2.2725435300056893,2.29058209569234,2.2471156250434747,1.7842734336366948
186481.1752089,0.6101668007846603,-0.6534973421907218,-0.614994026746946,-0.3116112377076748,0.7681357262199152,-0.8342748386759066,-0.703950671881519,-0.47987991424349374,-0.46125909148876787,0.7425628712000368,0.14053308542360243,-0.3430309297934263,0.5183702623335092,-0.516020021603594,-0.48009025356520235,-0.5501767107274719,-0.27610610784876877,0.20626314274203178,0.5178708245512523,0.0939671813135095,0.44794247057418146,-0.40430631459413663,-0.5347802698574234,-0.43591962071612667,0.7755650919949132,-0.8177008541889931,-0.7304649243978051,-0.5677714269254966,-2.382815152569642,2.276973357311283,2.4058762364740405,2.5944226588001795
186481.1752432,-0.6299838109853705,0.4284395919196268,0.6374514841824801,1.3495873594285652,0.5129954386470538,-0.7052030474402488,-0.32287741310296797,0.04028593895060772,-0.0850535686427442,0.3315599719027266,-0.06995525155880024,-0.683921606889465,0.9194378291597683,-0.8577352660231897,-0.9565460472292153,-0.9645975146660122,0.5187629819560978,-0.4933872596248764,-0.4289084145278394,-0.6934166237330956,0.3676056136940839,-0.24276667668823745,-0.549634763517139,-0.5156339953865456,0.7468393063523681,-0.8094907973649942,-0.6803181075728647,-0.4816809677429407,-2.3506037901812586,2.3485834833191928,2.370788513326346,1.9493774100388848
186481.1752777,0.5513030882574724,-0.5927178863567429,-0.5740255359680784,-0.2974816310405974,-1.4501105428808725,0.8528536803301875,1.7942251423821476,2.1075854162357657,0.6996261405042774,-0.5526422237701709,-0.7338499498034678,-0.8584266886288471,1.0276343386561404,-1.0177018474555013,-0.9728000739265191,-0.9059147263792523,0.8215338894083479,-0.8058197364829847,-0.7318129110484541,-0.8084455236679122,0.4201847066526228,-0.22723569712361888,-0.5850861985825235,-0.5667746384149003,-0.3093252232850788,0.13873018773172252,0.4208087035754926,0.5012298813675395,-1.7608463973129058,2.2045335231271093,1.3825408233714043,0.828227910528204
186481.1753922,1.190613312261064,-1.0699208274736183,-1.371064333124733,-0.9805879832766826,0.710555666090795,-0.8846234254122103,-0.4981334465435832,0.26142930057492275,-1.4767233228338903,1.6610670933758234,1.385796570945063,-0.1894331028176902,1.0797375643842562,-0.9086468764677174,-1.1915258054700513,-1.3840645599942338,0.42565427977973136,-0.3871959863162081,-0.2674531088993404,-0.7982936553772898,-0.47742043559222175,0.6020683836776134,0.11764782128399968,0.2412457531664912,0.06976134918921235,-0.36898296047579926,0.2871927266535148,1.0624277194734635,-1.5221784132789513,1.3562345990921152,1.53753957515513,1.78727652825102
186481.1754327,-0.8692013275780651,0.6203813867032858,0.8812005733741235,1.5945095454681213,0.31196500827534995,-0.5833322034715862,-0.04954176404559494,0.3556535800795334,-0.044327026475668746,0.3268542184405704,-0.1266852194763691,-0.7509376183243471,1.1270705688388314,-1.0431297699118953,-1.2044952509242368,-1.082227221547662,0.23650935842916,-0.2112121635972075,-0.07420533225623924,-0.5337409165285173,0.7715644619371289,-0.6369995811038333,-0.9584310225500409,-0.8195752559277965,0.6558355938562875,-0.7300989444297953,-0.5860161550644882,-0.3501134485587285,-2.1894166372830215,2.2575370573704605,2.1181741709428454,1.5864313353393964
186481.1754717,0.6254693156061104,-0.6776003906342164,-0.6469848288726231,-0.11877696433842003,0.9088115331148232,-0.966853649163777,-0.836956946510542,-0.4995910769604529,-0.8906379025783431,1.2228225316324643,0.47711281113897586,-0.3575550407469833,0.4813585692452606,-0.45765262793037226,-0.4354126021853496,-0.5970616766489828,-0.38336162806916824,0.2628843375455307,0.7570441308867608,0.1706135793438967,0.4821065565618849,-0.4010065747579655,-0.6231103606220715,-0.5229572362912331,0.9095960083773603,-0.9324488781608821,-0.8700632698146138,-0.6335711315308603,-2.133342452257932,1.9498552514692178,2.178371065979463,2.558899547173038
186481.1755052,-0.8354005981947151,0.5814430410377855,0.8641084520242527,1.557894399918664,0.39461395544256994,-0.6883711040239293,-0.08669053692920763,0.3577837254546081,-0.0484351704302503,0.35750688032705424,-0.15924877300791565,-0.8296397357801313,1.0684175731636505,-0.9704681866715807,-1.1489244734298036,-1.0595101166358885,0.5542429304437437,-0.5196002405061606,-0.42988555575707493,-0.7394187396814424,0.31583707874665046,-0.14550758166437655,-0.5609640677656541,-0.518124972280477,0.7829073347217521,-0.8676590991414559,-0.6957843927690835,-0.3996767467490235,-2.2321831038933984,2.252656290642663,2.217389347634487,1.6306921857536896
186481.1755331,0.6909313071043366,-0.7133289130542008,-0.7154787061161955,-0.42079319338879506,-1.0102073861106429,0.44761633474509976,1.4293148016835042,1.8325263078554217,0.7113524045630809,-0.5562540462818092,-0.7667033273615009,-0.9246707398465844,0.995421721334241,-0.9305832214200809,-0.9914150176381448,-0.9579196786854794,0.8065529788667067,-0.759583398261085,-0.739590929914084,-0.8551673421700224,0.1674027996689917,0.05043045340133886,-0.3860257359439409,-0.45479332996851213,-0.30367935720057887,0.11149950754615044,0.4430108212920978,0.6002798416942869,-2.0577744682261376,2.3502032833245847,1.7268880939982647,1.180538134509685
186481.17556,1.1644247450193193,-1.0573289531359904,-1.3475870654927253,-0.9936379358414068,0.7669052426701726,-0.894748358420485,-0.61339944394028,0.05543010294655967,-1.41516235902417,1.5930953617845545,1.358986396346654,-0.22311442066052692,1.0546508661100402,-0.902549096425132,-1.1831062626170958,-1.3508442775876384,0.37405842886814233,-0.3662597455305915,-0.18587164239377352,-0.6936400146466325,-0.6538766078007369,0.733540386147109,0.3733409682264197,0.4825432486267536,0.23204846636584253,-0.4630570766245354,0.053495792345998654,0.7645617617194793,-1.5230487822086147,1.357307482205071,1.5441412575248024,1.9587015354434114
186481.1755928,-1.0611305504085842,0.7460582336567985,1.10271565673755,1.7696398892878322,0.19328365153696936,-0.5463286222830532,0.15923157180118444,0.5436731616047228,-0.031005267776799395,0.36702782899028136,-0.1763431014106339,-0.8110328586688739,1.2817056120442007,-1.1788215187176778,-1.38436148557286,-1.1300046569568636,0.10064867108763627,-0.07805610486061203,0.12292577757405557,-0.4673502471191456,0.8688491791348595,-0.7080423234035322,-1.0841451827605892,-0.8644335582077145,0.6492406486817648,-0.7389289454604756,-0.5588887414049194,-0.2987443051779493,-2.0015919443000505,2.1370914520782707,1.8188655050362106,1.2582525752379916
186481.1756254,0.6538656567332615,-0.7079153126500753,-0.6727903572099376,-0.18889135616687563,0.8697573736722095,-0.9377762418168056,-0.8005198396437329,-0.4768182707046062,-0.5920043742247886,0.8909304203732199,0.26894522072305915,-0.46472617878402006,0.4565241679851125,-0.4348670627879511,-0.4225847091197945,-0.5598442920837611,-0.5983008060084918,0.46057571276566356,1.0062590840294934,0.3547577559628465,0.5322410555466484,-0.4570980909486418,-0.6554577505348523,-0.5742641260327432,0.8787477500741169,-0.9089267112769196,-0.8450226245161282,-0.6148669088376639,-2.2008308237780736,2.0950772863415095,2.121170976271892,2.5246533766468247
186481.1925603,-0.8276797162910485,0.5319663946748951,0.9449641297906084,1.605081041013484,0.43614881674480427,-0.6767730907851178,-0.17457144393412072,0.18926023804539377,-0.01952677689174958,0.33079433496270794,-0.23178231727470838,-0.8014051780588741,0.9770225003502333,-0.894753369890336,-1.0462453382537988,-0.9721088439726334,0.6007277180646233,-0.5737945611423865,-0.4947109810628152,-0.7328621149308997,0.33558988479098584,-0.19311863177936936,-0.5255609646553877,-0.5208660264473595,0.760124089065184,-0.8263907490035433,-0.6920706150026122,-0.44001511755663425,-2.262406515833028,2.3020696729631496,2.219977530392834,1.6729160019075233
186481.2746408,0.5847830429980883,-0.6114149017910129,-0.6327601727254002,-0.2775037412949953,-0.44527000020944857,0.009207064303848501,0.8684969495752823,1.3566601297460144,0.5310028826109302,-0.36209587465294135,-0.6187358344765042,-0.9313506800789155,0.9030648902952385,-0.8043289909472643,-0.9630885167684192,-0.9957226361438665,0.7255635300602472,-0.664061176160377,-0.6833501179229349,-0.8780772901072614,0.08550127187622629,0.09209286832812318,-0.29550140027951294,-0.4158865194768651,0.029408114428160208,-0.182356807290997,0.09523135006091134,0.3688793180921498,-2.414053732059447,2.5229578182106214,2.2297077425365766,1.77300141926374
186481.2746844,1.0050071673758318,-0.9545843782737051,-1.128431939599253,-0.7715078940118566,0.7470449473429557,-0.852732236945712,-0.6406990719984151,-0.1239235968640489,-1.1743091733442186,1.3825935045374973,1.082550711606627,-0.2325088840304376,0.951664410581796,-0.8483323322047756,-1.0487983732319786,-1.1182687591055662,-0.02032170654425562,-0.04949097698722686,0.3176182208462986,-0.2086559436845443,0.032055470567367746,0.06764341231219523,-0.23824793183753268,-0.18587018458199098,0.44561585053750535,-0.5841524094164265,-0.2934740043831551,0.1978689180439122,-1.986756966516981,1.8390554169781532,1.9494823885974106,2.4428663442345315
186481.2747063,-0.1695239958452493,0.0003899935131752505,0.18748633359851305,0.8858733660058592,0.3838752957037612,-0.557036542408033,-0.21446060803167205,0.15142604954542196,0.14041258779572746,0.0282021155253594,-0.2303891320333121,-0.7261776041013029,0.9553418561359214,-0.8664364431952927,-1.0591536022035335,-1.0349446053608378,-0.3519069273392262,0.3114744547417368,0.6507658215845005,-0.06263961867451928,0.8151197161909906,-0.7044884454037043,-0.9725749069637053,-0.9154819500139602,0.6184851900263367,-0.6466041453865368,-0.6007869023886514,-0.4342352052212409,-2.3918037226682625,2.4344990126132946,2.2391129964378593,2.1361795678205806
186481.2747434,0.6686847209248833,-0.742027559145456,-0.6406505352294183,-0.13902113390123225,0.8907325628773617,-0.9830464904942989,-0.7534230356014767,-0.49697466344406516,-0.5100679334726027,0.8088166027629682,0.2184394494629158,-0.5899690424444904,0.4573414122766762,-0.427412686597568,-0.4166288535276374,-0.6342361966541551,-1.7151879243675305,1.4998510913459322,2.099101893641507,1.4942350615303959,0.7344080372038132,-0.6564867642357608,-0.7874671147294185,-0.8657701073424329,0.8925985151149882,-0.9415827385725547,-0.7910601333464716,-0.6574125834780218,-1.41850939055759,1.4418885449367376,1.0716883293300004,1.8891486657340009
186481.2747723,-1.22582210706751,0.8485378275433959,1.378104787246354,1.9595270022845954,0.4688981601537057,-0.7327711998613735,-0.2005882626272239,0.15730569403041014,0.11742716590209175,0.2401567294591528,-0.42527515385352366,-0.8515145319053091,1.041614603243738,-0.9588772490741857,-1.1138305451687738,-0.9510685432343916,0.05815022994564382,-0.0694479705879344,0.2210729670551123,-0.3948933198522201,0.7294159866255047,-0.5902561168035325,-0.9128018905397423,-0.7518764986169812,0.8079483015957323,-0.8878041842179204,-0.7387053350626029,-0.4317070384756186,-1.9976323403989071,2.1504621635423966,1.7920234329504001,1.264227235769514
186481.274815,0.4925881848176542,-0.5567251795622384,-0.5348363340016289,-0.053577538924585846,-0.41941113110410677,-0.031245794862688615,0.8811110236504613,1.385398640015661,0.462065718090312,-0.2763603222418067,-0.5587809783859796,-0.9390802013910542,0.8881206648474779,-0.7730633955756461,-0.9762481133329776,-0.9962339534168294,0.5416287285041047,-0.4946178169526341,-0.4369227818477173,-0.7654437764636522,0.17646283619140152,-0.00012664140773901248,-0.3911986548169967,-0.49772157142554396,0.33671211910182497,-0.4335009055038271,-0.2750076229086808,0.03121817403080971,-2.47816712044867,2.56564005610658,2.2918834616435197,1.835440227575195
186481.274857,1.1202360139143166,-1.036829975979609,-1.2229964425280684,-0.912696240634286,0.8279964563105183,-0.9228888341983338,-0.6833655268909891,-0.052841970806115635,-1.535132039053763,1.7594111392191858,1.2724404178591833,-0.2991116484662575,1.040776268376484,-0.8932902925740137,-1.1221580913836662,-1.4401038960014987,-0.7163672179788613,0.4908407796936567,1.2694288403437268,0.5856118967626461,0.03137281608193098,0.0692359793616436,-0.24431121605489156,-0.21640566491440275,0.5668451605783336,-0.6797392570704605,-0.4157544135179906,0.19729386401086726,-1.3357274582289538,1.213260461547931,1.1467164321726966,2.1382536600490463
186481.2748953,0.13419292691368093,-0.25639497552054646,-0.13256820841734035,0.4869820764950815,0.5350128147289367,-0.6464179078234373,-0.4339611148685787,-0.12052930412208719,0.16342368510121916,-0.020018464882900298,-0.2367126033419942,-0.7051691281474936,0.8922255138821417,-0.8178066208438587,-0.9674692784990873,-0.9944195660850953,-0.8509543737352032,0.7453306935551538,1.2633059034660636,0.42198975462059457,0.7543575548433118,-0.6611604034584128,-0.8758221300786924,-0.872602775659322,0.6443271358942915,-0.6688639511301001,-0.6279332681842315,-0.4741043476722547,-2.2725852576283807,2.3253316301041025,2.0111606999238605,2.2578532905705764
186481.2749351,0.6230378008634446,-0.7121505497407749,-0.5710699980532827,-0.12422438702230408,0.8368343273855059,-0.9359435472097682,-0.6914212115574696,-0.5109756326960752,-0.29474413080365885,0.5774091723764081,0.03416973024809153,-0.646047026693369,0.46044705977798805,-0.4395287459071962,-0.41391047435099343,-0.6224086459122117,-2.0273711113783133,1.8332384490872473,2.325863428003541,1.8448804753821726,0.7040542930518564,-0.6492113197148655,-0.7166110702228586,-0.8371458408702609,0.8390831096713106,-0.8987040315373852,-0.7249986967941702,-0.6504402456307357,-1.1413413485681352,1.2248905726463335,0.7579782927271417,1.5463613034427832
186481.2749655,-1.629156042416291,1.1923900378328516,1.8407184158077492,2.172467653837796,0.32426757271422946,-0.6639123177041913,0.015514851779477182,0.29819676156457214,0.10117857392387074,0.26747628745766205,-0.3377365636485594,-0.8218144179908798,1.0965392909385092,-1.0216701863547402,-1.1784464833446993,-0.9189709148758793,0.39696037316017446,-0.38630883122240345,-0.19929288124694164,-0.5677508312752361,0.6230114287316083,-0.4605986888642374,-0.8234962800910797,-0.6696918658484496,0.7816910417598717,-0.8929233364503464,-0.6973275249312559,-0.36748218304792946,-1.6944922388119739,1.9655470353054048,1.3800664656753097,0.8750457976360059
186481.2749928,0.5866564810455346,-0.6427282357246727,-0.6637596089975883,-0.08364790771921296,-0.010983815006657741,-0.3340453038585783,0.4403326612687867,0.8961252644700609,0.33992403455842807,-0.16852242859619798,-0.4319242832999318,-0.9130082595824038,0.798800304622323,-0.6827208026660526,-0.9260251108052729,-0.9667893282051002,0.47117591675371034,-0.44138337539909434,-0.3484743651617354,-0.7173979244749045,-0.11424053479896515,0.26372795900102175,-0.08216036483424245,-0.2758211637798395,0.4679655232439984,-0.5309622087733785,-0.43780370550671394,-0.13335584091558594,-2.5392979104183677,2.536634396016953,2.449814777336699,2.1938951602069854
186481.2750194,1.004359825156412,-0.9721753763571099,-1.0594944570672908,-0.7424641042968947,0.8285932594776814,-0.9056773588073099,-0.7264249401631917,-0.2923077784897051,-1.218367544278308,1.4537002313969134,1.0163064034195042,-0.262109628163558,0.9560090991925886,-0.8613620548961288,-1.0058290557854064,-1.146913459077137,-0.8726650843912755,0.6441232653017521,1.4033320905665654,0.7561201663697833,0.24104369081182794,-0.1518556588794846,-0.3874810403119095,-0.38563496811811787,0.6806959478606217,-0.7494261129708143,-0.5941746617055836,-0.21023174431960162,-1.6196691938295498,1.5426730652121816,1.353765661047313,2.2835415160952315
186481.2750503,0.15695969948263575,-0.27884760166980416,-0.14233011813168514,0.4412659803236517,0.5117353615072432,-0.6143321503321812,-0.419945676213713,-0.1199103159988684,0.12849545264952583,-0.006446082193262148,-0.17148015755503618,-0.6398708233466157,0.8442847457056979,-0.7624075176724502,-0.9499547743519438,-0.9515696950791815,-0.6084747199083949,0.5118653608169145,1.0157182311625998,0.22862448236701585,0.7463909032340399,-0.6486392710792057,-0.8916689563493082,-0.8669325467233601,0.6059153479295226,-0.6275116276176775,-0.6037406086118665,-0.4334568359873426,-2.385306790600268,2.4263188897476655,2.163402060050952,2.3418497544447
186481.275077,0.640525214709635,-0.7389512272651476,-0.585009794343993,-0.041831734768893875,0.8568299295052987,-0.9632522039862745,-0.6980367507238544,-0.45943283962719306,-0.4353085094742272,0.7284419343685453,0.1758331895432212,-0.6657385135364309,0.4048905772240918,-0.37229977060558284,-0.36664520105734255,-0.6039982110899293,-1.9742784936925424,1.7433755830343196,2.313187468140154,1.8089395181706365,0.7674921517519815,-0.6947171668627342,-0.7841499494727849,-0.9448103232849947,0.8652840558339328,-0.9214964324172594,-0.7479756470015984,-0.6426964058071778,-1.1254349258581717,1.218899283734134,0.6927966849161978,1.5495685099439822
186481.2751072,-1.365484254646035,0.8715911860422487,1.617696849517963,2.0898624272311737,0.40833949153879406,-0.7184545125892435,-0.08555425748358153,0.23941949679618635,0.09953854320514324,0.2895552273981025,-0.3873458736591099,-0.867320770073451,1.1779831538234355,-1.077303337416971,-1.2744728815013593,-0.980978478619021,-0.03220723081615354,0.014719410914731616,0.3640275159109691,-0.35081886012832303,0.7000019681229931,-0.5325482924197412,-0.8945053415356397,-0.7303233587432768,0.8460405932512166,-0.9290777382353664,-0.7769148614562491,-0.41547855090349317,-1.8342122644793901,2.081518056306239,1.4370688502070068,1.0156380944402057
186481.275163,0.5302192680970178,-0.6012216772571923,-0.5896803890702084,-0.0019503395760157535,0.1292569930198557,-0.40270783598372584,0.21545387816825387,0.6393663857973326,0.36868820216316806,-0.21884454186807228,-0.4530339097914319,-0.8949067020040508,0.843053382149604,-0.7299222248532965,-1.0018072136428993,-0.9910718005993628,0.20969115589450124,-0.2224445496842621,0.01811340018293202,-0.49600199041078324,-0.1171155791235861,0.24428610754537186,-0.035877607733681746,-0.2616834660438501,0.5784816756465044,-0.6033973976205339,-0.6079217335751708,-0.3161777427543292,-2.542275097847068,2.5342521197217107,2.454753575462206,2.322425655591059
186481.2752054,0.9751787935368821,-0.9485618872835789,-1.048555901251688,-0.6899221345702288,0.8218931622672752,-0.889708214309659,-0.7450250163107235,-0.3243887535182269,-1.264945654349386,1.4440017347436156,1.2083318137751555,-0.15349576835582354,0.9050162379712342,-0.8145033372096419,-0.9749828224451217,-1.0752869353123808,-0.6515498935980881,0.45480219724190574,1.1487331166199508,0.5392233134068282,0.22576654458310058,-0.14296543662459785,-0.3602232568531014,-0.37885487136471896,0.7124059002524578,-0.7620205790349514,-0.660008205449849,-0.3069347997525224,-1.723765090663476,1.658955522476907,1.4317302719153784,2.389659949467073
186481.2752314,-0.06560821377370012,-0.12365268118928067,0.15581626969228424,0.8034031938742519,0.45996323832281283,-0.5800954159899003,-0.3398281953157377,-0.03483782275968696,0.05223517438004323,0.07912584297206793,-0.07495015437204115,-0.6333010510956755,0.8736602276549172,-0.7741910732436936,-1.0262195460672143,-0.965271716839769,-0.2507709126623134,0.18997643790105853,0.5942953093322885,-0.09379856199567559,0.7748172153319578,-0.661571197274894,-0.9606261663197442,-0.8872287582114989,0.603331181985981,-0.6171467391453965,-0.6167689260974877,-0.433253255287664,-2.447627911239697,2.48755482597004,2.2682814091476526,2.244287972315719
186481.2752549,0.6381605356799261,-0.7507908905973716,-0.5710533723536929,0.10817009942948072,0.8432748304081841,-0.9671029802135106,-0.653513681051812,-0.3217948096076507,-0.6229977451978205,0.9557170116890046,0.30381036166538244,-0.7263386480894655,0.45098699680312165,-0.4026253868351761,-0.4093577033729277,-0.7067609233572848,-1.96949604267739,1.689848455804108,2.3410535657811438,1.8275431305524166,0.8258029643599821,-0.7272594102428948,-0.8421880960333565,-1.0742641870890062,0.8432887961524107,-0.9040261057480858,-0.7100321523561174,-0.544384986972087,-1.0090203355284157,1.1062393061439264,0.5412810777213811,1.4378303251335978
186481.2752731,-1.6025486305731864,1.0323233976538737,1.872442855447634,2.2117249618332995,0.3299889535028383,-0.7013012190647452,0.0434400792192732,0.3145711800590317,0.05147756482923134,0.38747130511077066,-0.3281881402327977,-0.8544303314607489,1.2323576816848092,-1.1379006661796025,-1.3086224411569964,-0.9551699874809806,-0.015734359674466573,0.010050610442334438,0.3426245404829272,-0.3647492733492658,0.7553194545246099,-0.5770936596985045,-0.9396880811272308,-0.736853225130494,0.8388469971473822,-0.9520867756866314,-0.7412560657250574,-0.3629048742696612,-1.5897076614412162,1.9385370074225035,1.0592472530922468,0.7478115497988185
186481.275292,0.4854850315463601,-0.5863887942253742,-0.5346806526709009,0.17098149280538896,0.17879461205020047,-0.455963755431312,0.20208943020820072,0.600600180768807,0.28918561258138,-0.13110827775860762,-0.3600949348277798,-0.8933328066280777,0.797992553143541,-0.6729336610984543,-0.9857402580085449,-0.9648068697672684,0.30424384873830324,-0.30430630522122537,-0.09811554628725497,-0.5737092061792013,-0.13628320336984054,0.26089401559196534,0.0001617880102963706,-0.27967187943469735,0.6306830677086139,-0.6412654699843291,-0.6905015069653031,-0.3701999424165341,-2.5501015223985584,2.531072248127337,2.466881680541287,2.310139030851584
186481.2753088,1.005845008078254,-0.9776199139566499,-1.0523361588480715,-0.6651800483782476,0.8697737294037432,-0.9327855803657189,-0.7628373043899227,-0.32405610161745724,-1.478481535824885,1.6683792591159086,1.3370623182894634,-0.20286660729570752,0.9706933039520118,-0.8555282771607737,-1.0287116964319696,-1.2816300714565712,-0.856814990348027,0.598331910073538,1.4186324567725943,0.8737624024697107,0.05807010326223831,0.015925430665031763,-0.18075919529688886,-0.2514573182765116,0.7652626613060378,-0.8032699774290194,-0.6971878778667008,-0.3447602085854361,-1.3343482798293718,1.2865671490576844,0.9661374577714957,2.1961879531402206
186481.2753278,-0.1417314980371803,-0.0758116080414066,0.2813506752565812,0.9102535899783983,0.45415859657644375,-0.5667305903634429,-0.3366958242335957,-0.0606498046718411,0.11953322717972627,0.004516468366590745,-0.1385324531459798,-0.6544595359042727,0.8647150795042804,-0.7617525178657493,-1.0328318620875716,-0.9481223345567592,-0.2224835696119756,0.16326847077474974,0.5710075570969432,-0.11573588826071186,0.7639489577631081,-0.6503895986620104,-0.9549367253162029,-0.8724309932826579,0.6121275091286331,-0.6158648875338344,-0.6414896970624525,-0.4617531574579778,-2.450268302503036,2.502764263325103,2.252128329492277,2.2028981241558214
186481.275348,0.6918456061455391,-0.7912029834757811,-0.6394181051891642,-0.007296275913172522,0.8127015219069098,-0.9358004114835645,-0.6403507942580996,-0.26681150089969996,-0.4040883001505546,0.6913024426356859,0.17782849807904114,-0.8116592315201958,0.4684099525828699,-0.4122265287287088,-0.4411786073311935,-0.7035582556088856,-1.7327451558946965,1.4578587788533923,2.213056251369407,1.4438341434940765,0.8262903646876296,-0.7192883692179429,-0.8735865861959515,-1.0328297565078943,0.8031679360834638,-0.8610771852461494,-0.696086910396219,-0.467060755849693,-1.465581925361161,1.5704342566630685,0.8997362539221804,1.8453816328054635
186481.2905253,-1.608414071701468,1.0245958970011186,1.9019727462741243,2.1430863811942316,0.06829638391908756,-0.510223848447964,0.3928214764481546,0.5194738370640127,0.227413347497523,0.2146456440851092,-0.5160499810844864,-0.9095430335092921,1.23008830159905,-1.1341936390655676,-1.2981971649312056,-0.9495159808726639,0.21313200330030982,-0.20048260946825822,0.056761462686738276,-0.48092264322528094,0.7794302656981694,-0.5963238523553769,-0.9484825518859061,-0.7596472735768761,0.7232814958251331,-0.8548986681592436,-0.5972811177024302,-0.28376708126098643,-1.6332277261378014,2.0568810764101815,1.0084551301950115,0.7208357941868542
186481.3746514,0.5217185893223456,-0.634468809361545,-0.5697923016793477,0.21247475637945523,0.12840763270124347,-0.43625322842541003,0.3302980183911643,0.7081397160495224,0.24968158095798015,-0.08762581683048423,-0.2964645682318648,-0.9142797009581304,0.8191707800830839,-0.6802537855378425,-1.0374113156158808,-0.9899169344253955,0.47657371109577534,-0.44923500325512933,-0.34119521559948857,-0.7102020519256267,-0.40189942775058823,0.5093625994138365,0.350703182207082,-0.13127794395154624,0.6812576234733044,-0.6750458241817048,-0.7896743027760205,-0.40095719934441354,-2.474910489883142,2.4535198681782795,2.3535365033043556,2.2260193581761363
186481.374703,1.0010342596776995,-0.9610764662617253,-1.0950875397235027,-0.6389963431064356,0.851829355006861,-0.9046747272516488,-0.7672174326726507,-0.283203507333798,-1.6687606040051157,1.8091587983589204,1.640639085443014,-0.13332412481390551,0.9529048624743938,-0.8249815831160169,-1.0614482507738439,-1.2992233754414773,-0.3967891112444861,0.20529122127960725,0.9099807665270364,0.38265687890510036,-0.14887904976894564,0.1904975397075648,0.07079829748179076,-0.042361343843567455,0.7591001739964962,-0.783708106552757,-0.7191803966755043,-0.33971394165622704,-1.3504398861369025,1.2694933238360546,1.0215154703936598,2.354165757290311
186481.3747324,-0.2559799955476277,-0.003253158121490095,0.4702018754927187,1.0650736593022194,0.4584446528142851,-0.563144444770533,-0.34462254799995484,-0.0945118052557453,0.11701788110976864,0.004646440496297685,-0.1213515373946581,-0.649923656724232,0.8643451953233355,-0.7567026598089456,-1.0534358284299494,-0.9327232951099959,-0.0835177348330937,0.042461731202514216,0.3873438326673152,-0.22297828020164617,0.7545528907236038,-0.6397983954875293,-0.9544583936782234,-0.8540259174300322,0.6001374561855833,-0.6015863480167815,-0.635517475697982,-0.4513568163459202,-2.4550003457758556,2.517376834506468,2.251840075040733,2.140446111765353
186481.3747885,0.7276163687494246,-0.8357285590660148,-0.6631124708952081,0.1599641650685865,0.875379992759361,-0.9945088809197333,-0.6731809623321336,-0.20814365190204667,-0.7314724869723235,1.0583529439265507,0.4190985946989838,-0.8672746459080364,0.3690218449916346,-0.30435279255186015,-0.3365512716112645,-0.6664712251384329,-1.619841613659342,1.2847368357249584,2.1844839178439,1.3614088351224831,0.911160097866831,-0.7637220242849903,-0.9751483412506871,-1.1847188371957376,0.8380415898547855,-0.8868225762052668,-0.7175002252597642,-0.4132681862093272,-1.3699057935903787,1.4420450533763576,0.7619107588061738,1.8185035461625119
186481.3748374,-1.6962452493589313,1.0473899120405679,2.0540028124566923,2.21393689748787,0.12639257631797163,-0.5585872103005071,0.32545659844217956,0.4501103850249978,0.0001604991842701746,0.41646670500207067,-0.15590515376239583,-0.8207971313658514,1.2464868285621244,-1.1397169082303789,-1.3365238124841634,-0.9362872657796389,0.4877128462777856,-0.46008818647955385,-0.2887973158155684,-0.5923241395261349,0.6877798484875196,-0.48096423553627643,-0.8730167279802105,-0.718929456267591,0.6871724815509505,-0.8237470774019167,-0.5630484264678969,-0.24288798156722896,-1.5394598310216883,1.9992470009059946,0.8378320256113636,0.6471786919935775
186481.3749043,0.5765272649990826,-0.6830005098840459,-0.6398810890199598,0.17013149200972066,0.13667644687230512,-0.44350725294496635,0.34954941870125716,0.6932725524926301,0.28326357815298014,-0.12458059057653885,-0.32940756982510916,-0.9373057400178816,0.7802428382508726,-0.6421971500750997,-1.002852896981362,-0.9626776149786069,0.5539304232294834,-0.5119323294743345,-0.4702748139584641,-0.7629580229911478,-0.5733349390031709,0.6576344324519534,0.6156312831530283,-0.03195905224825177,0.6673590543614787,-0.6571055022748452,-0.7882860970360446,-0.3928431053220249,-2.4246646668630323,2.404688902777876,2.2655217649666524,2.224339491055561
186481.3749356,0.98345820101538,-0.9563089126004536,-1.0711135608300328,-0.6069127331784039,0.8384152100988074,-0.8941176669298694,-0.7638255505597609,-0.31608868829280634,-1.5574740795937267,1.6653723787333112,1.6666906281860403,-0.08766772235417666,0.9182438634962093,-0.8039421788703311,-1.022106430425858,-1.1731127657586735,-0.35413275698477553,0.1862851564306863,0.8099481410553728,0.2985731009970688,-0.027794982683320237,0.07950300014828351,-0.03972846201571983,-0.19291984422107772,0.7429308207741675,-0.7705841945780543,-0.7121243132031827,-0.35057454268503374,-1.5436462761227423,1.4937924176664272,1.1322595477931403,2.428703195493102
186481.5913083,-0.7047616245162397,0.25620533194159695,1.1244994590070037,1.6509643254802386,0.27854357155103016,-0.502322259458552,0.03272641588876288,0.2298438934246651,-0.01173023745183292,0.1848017548897968,0.04468396281347049,-0.6845986562444135,0.7356037858969262,-0.6034403582460316,-0.8960239582125379,-0.8242608732864838,0.3417708301024324,-0.3147253723953102,-0.1824540559845935,-0.5597519604966902,1.0439889163178726,-0.874585117013136,-1.3450755443616595,-1.0055634031981435,0.6178831448171193,-0.6061022791038992,-0.6816273581602,-0.41249089171763836,-2.3012983867173102,2.460168299385535,1.9032710790097545,1.6058575660384657
186482.2122357,-0.07452161740989388,-0.27518496887240923,0.3647134665248956,1.5173303479593245,0.7635320738778746,-0.8573892371597659,-0.6271218585789485,-0.03391723996130794,-1.5032638234173028,1.6825884349467846,1.6174477005713104,-0.5258636203229434,0.0780566507185416,-0.04179217877987434,0.022690138842549917,-0.40143021160682363,0.5663904475533652,-0.516800260952191,-0.4366831280859542,-0.7387085717670369,1.0056352068487548,-0.7856586946859855,-1.3427736266018016,-1.1259245794000432,0.8981715884930145,-0.8591773476069495,-0.9786754033335029,-0.48358722595955483,-1.734000526664354,1.6534142531103921,1.3804027106614514,1.7921011010583843
186482.5232924,-2.026586002260763,1.9544822015323011,1.9112735124914428,2.1150277730805014,-1.0847373771820052,0.7680658078991808,1.3759300336560851,1.1500006168811283,0.30855840865140116,-0.060943523512014146,-0.3408745026976416,-0.6641924108814674,0.42570296354616743,-0.3179091642729479,-0.4290683704156549,-0.5677232784672055,1.133278221826936,-1.318903746174651,-1.028649797358002,-0.8462677151815883,1.025409799953938,-1.1294256257129036,-0.9827301501609299,-0.8079016389531143,0.30947966432923596,-0.429715344600341,-0.22362823227085532,-0.18617874268953882,-0.09110567886491219,0.5343493948413752,-0.2822524932444454,-0.19276460378871638
186483.9921795,0.3367685947582954,-0.49956132560725075,-0.3023442208477698,-0.05119374705946331,-2.363204625432771,2.1085628502730236,2.4505852950210305,2.5197383007579472,0.6804819171613101,-0.6927308253009486,-0.6228880252396924,-0.6948749323646323,-0.46822542744480566,0.8790785442234427,0.3134350624109846,-0.11109654610953246,1.0160227294398043,-1.2059724212865295,-0.8818546481758922,-0.7846282988481114,0.6991961703321599,-0.7382741678379782,-0.652722028140039,-0.6422567825250121,-0.16672102749580428,0.21804997432117973,0.13686027398062575,0.10260409729817181,0.2656816686818123,-0.06915262878493901,-0.4410717090092478,-0.33829209114936726
186484.6084085,-0.9631227330155255,0.773524718908635,0.8444277582210212,1.3112843346171728,-1.8464757800887706,1.4556835284038725,2.0490820123971343,1.9369103310474638,0.20859819391312676,0.138252024445786,-0.26469657097168087,-0.7028896015951104,-0.4356902570386186,0.9117443515988668,0.27854629052444163,-0.2445119102082005,1.4666112549362693,-1.7538462006809745,-1.2595064584749027,-1.022221509980605,1.0459875219948644,-1.129001761931635,-0.9605282421827167,-0.8528686348597305,0.10840994716530335,-0.23743908742726286,-0.031113477899720073,0.023938114419173255,0.41568185213332914,-0.15891757331728748,-0.6562113116135769,-0.44964112344016394
186486.4072482,-2.5865783881133533,2.5949013829548986,2.5666420280504063,2.591714931891463,-0.16155157295777553,0.10459706216531238,0.25287749943838933,0.14958647714132944,0.4710096118332089,-0.45824987572097026,-0.48231981199657015,-0.47977269074942447,0.3426093340123502,-0.29298129033932463,-0.361511629518922,-0.4137372338773958,0.531208476346323,-0.5451536360672885,-0.5364165625578509,-0.49568266682699064,0.5201209011798953,-0.5287642149899494,-0.5282392900553884,-0.491090823555054,0.4135817001816652,-0.4186309934693856,-0.41483891455072336,-0.40110008686026377,0.46959993751768586,-0.4557184345332919,-0.4961933188093406,-0.4599179071636637
186486.9073098,-2.1861461032988396,2.1437180870890615,2.1014934567353976,2.3016359105941113,-0.8887543391188184,0.7272024880080696,1.082839710313433,0.9008483961104972,0.6401510299987158,-0.6228651437333093,-0.6483053161959298,-0.6375660904122149,-0.29646771912230524,0.6069549779693327,0.2051713368278047,-0.19892401534598164,0.8116432224512566,-0.8698739491802441,-0.7984326476144752,-0.6834799484981462,0.7791609212522119,-0.822446243134134,-0.7743678689824678,-0.6699470201098984,0.47782917834149863,-0.5096820382467034,-0.46363745097889586,-0.41610887190001217,0.6625838094962833,-0.6530081787720731,-0.7047612201048664,-0.5964583604383558
186487.5237267,-1.5637172741521879,1.619765355197458,1.4021956162020799,1.6744086286896436,-1.8419197496473836,1.7467153510072733,1.98689051608543,1.7781498160356528,0.6526894131672907,-0.670710626226029,-0.6390745101577274,-0.6278091046476058,0.13788342445782256,0.03562594540054814,-0.19440936047925386,-0.3878457399734421,0.6944337852537865,-0.7333687591426086,-0.6735636749249518,-0.6391619766185301,0.6793811230364517,-0.7111752052880922,-0.6622441645839621,-0.632595669242089,0.5821685847252036,-0.6071651586376702,-0.5668987915048688,-0.5473414176604177,0.6590806931590187,-0.6796869023108791,-0.6528956306367458,-0.6178045365832111
186488.0404428,-0.839474685693648,0.6175330851696512,0.806881959090677,1.3790882358026468,-1.2863557908467942,0.8939882224329875,1.5390615288723353,1.7292495868159596,0.8200618994106437,-0.7660474843654486,-0.8159508161295275,-0.8307812107172086,-1.6426066349444406,2.0461356794900243,1.4259019506872839,0.5625116868351276,0.9398867210025359,-0.9155914523415407,-0.9201634636228863,-0.8706581284299906,0.6293941097276056,-0.5491621656673633,-0.6544033747865011,-0.6992676357801013,0.5491222900991096,-0.5498983900829792,-0.5289833322696752,-0.4808914138396917,0.8299720912449915,-0.776957494635331,-0.8523444518417064,-0.7892511206867422
186488.607453,-1.3636085490402587,0.9575696237093886,1.4248599558934698,2.172461636215952,-0.09854794387870101,-0.1424145749335316,0.3023439709239328,0.4557323691665686,0.8868723579174124,-0.8009077269673952,-0.9085489442482765,-0.9116463010246335,-1.7424592599370357,2.0614765540164783,1.623384852179981,0.6048087050595796,1.1394545556074847,-1.1030466528655467,-1.140251029360093,-0.9954732043516361,-0.04696016441485065,0.23311001269606138,-0.060921205631542734,-0.338863459963395,0.2541738957662228,-0.3082530660803713,-0.2058480646930906,-0.1173938231166884,0.9710751079797012,-0.8975341695750835,-1.0350195350643812,-0.8696259219857486
186489.10842,-1.6792631854117852,1.3061788173228015,1.7531538390247758,2.3845961847847548,0.3233706551575918,-0.40550298026921716,-0.24652260075817825,-0.16209039113042215,0.7149171051263269,-0.6777038912619865,-0.7280218543214674,-0.6922919088196378,-1.7354823876206535,2.058342793894313,1.645679815484342,0.6810876049209065,0.8079759330886901,-0.7913156987337909,-0.8141236531334686,-0.7229295794319526,0.4812724023323462,-0.4159263999710034,-0.5142508566427222,-0.5432611194757461,0.3473389353926744,-0.36760302321071003,-0.32475947418515516,-0.2726775530065504,0.7398705419348165,-0.7064696177704066,-0.7711552154681266,-0.6724332378413518
186489.6238739,-0.5924803642426607,0.33526448027168043,0.6593233389626487,1.6015005583436432,0.35887669742924533,-0.4016064408666739,-0.30764636895322006,-0.23121187142512947,0.5964979150451837,-0.5411664803809662,-0.6148665909836499,-0.7461541297571553,-2.451897180771457,2.5394177128943936,2.4203792285341277,1.8025145534219407,0.6764338178381626,-0.6296265945327996,-0.690704568223747,-0.7848959114546583,0.4113303837514688,-0.3547792222393208,-0.4394541137586308,-0.5662862837652924,0.3897814351185653,-0.3912072818483272,-0.3779408854689812,-0.3632685020802537,0.6114572958314922,-0.5562961732979862,-0.6490900401085467,-0.7121984132830942
186490.2405297,-0.7759738004263436,0.4765453336952676,0.8463795502411755,1.8014532085782893,0.20400677094300998,-0.29840535613110747,-0.1111308312414293,0.03418306362068975,0.6486006644389958,-0.5756448785827356,-0.6744337361639862,-0.8064639244543998,-2.348199124585309,2.4842655778847234,2.2946861138694974,1.5017958636440865,0.7678580067466539,-0.7091041977116403,-0.787048404650457,-0.8596535894967867,0.5408158324051132,-0.4700212002943064,-0.5741075909995061,-0.6898632734929901,0.2866945743284367,-0.30337378111429103,-0.2653961903039326,-0.21569479113952547,0.6761970761494344,-0.60426149774591,-0.7289489107513613,-0.7657565572593633
186490.8078318,-0.3914103249844929,0.17822932145961437,0.41597216946712634,1.1542128328901042,-0.5960123827201087,0.2843712888412055,0.8297311535623175,1.2705898466696364,0.7649893491263394,-0.6723735336239204,-0.792811456751693,-0.9445333372919364,-2.2625464146246053,2.450835109347037,2.132982037440278,1.326540761871606,0.8864436736919157,-0.8104647232979209,-0.9039289014067865,-0.9958759504098403,0.5966923579699577,-0.5026695900228121,-0.637922139596916,-0.7848367009798041,0.23299220032337462,-0.2534484687310534,-0.21271626075483854,-0.14742254248637632,0.7688515412176398,-0.6744794039721494,-0.831306601959487,-0.878674910263389
186491.4736747,-0.19796856265860233,0.07177494567888823,0.16192484550170166,0.5337938504451191,-2.0224204585842953,1.6689502144986545,2.183219926286996,2.3201022821998287,0.8282504693250995,-0.8259726538550385,-0.7879109897224059,-0.7961321266596605,-1.100101262096008,1.5838841402860162,0.8608784714885678,0.224676034757109,0.9784385442145924,-1.0341753138596115,-0.9089861790939915,-0.8397103814072345,0.542061899996923,-0.4711996566395854,-0.5541531895631577,-0.6188896494345274,0.13154601898877644,-0.1547963246537049,-0.11965450512144193,-0.07996387992210284,0.8401933508135233,-0.8384653514556195,-0.8353183797762677,-0.7438761299785308
186491.9066242,-0.7332582619490801,0.5055900921677301,0.7178259609657215,1.3346485033923106,-1.151048305366576,0.7803918514553014,1.3981997266296737,1.632320029130058,0.8182410485604618,-0.7468505777007841,-0.8258458908197231,-0.8740348426969156,-1.7737836642961384,2.1321031062088727,1.5724309479063012,0.7006483890658138,0.9358114687359662,-0.8904820401004073,-0.9293778179351513,-0.9145611298658468,0.8220232138325391,-0.7589221313076657,-0.8311900211367722,-0.848380737943356,0.23707447807124876,-0.24565289418978445,-0.22442259312465102,-0.18965304824146229,0.8449400224115858,-0.7761774065332624,-0.8776203124853985,-0.8409871628406018
186492.5232583,-0.7496621735277553,0.47960207013047157,0.778944080533286,1.5503180677113888,-0.6193710682618159,0.3263728913037566,0.8438676965983263,1.1365469051807633,0.7704843509422012,-0.6839102230268521,-0.7967555114027147,-0.8913726050050653,-2.1040938173982817,2.348987340708988,1.9642561239549814,1.0723524460687974,0.8845967784077761,-0.8159538340355729,-0.9015028581600611,-0.9358437405470657,0.7234667158582997,-0.6409163930343292,-0.754413585482833,-0.8289938330556424,0.29375282389993235,-0.2983435026508803,-0.28194578445236895,-0.24414116019877005,0.8008263900796256,-0.7158383493955814,-0.8524501615886149,-0.8588660801544056
186493.0398696,-0.6183765436943556,0.4123655180766636,0.605415097942847,1.1855324274028014,-1.252657347651974,0.8709022665976756,1.501161647717734,1.7679181894392353,0.8003473820718484,-0.7386878970310954,-0.8050632931409436,-0.8414496631722066,-1.796392905842117,2.1475047942851786,1.585410196674817,0.7507129305127231,0.881051249028978,-0.8369512434043721,-0.8761585792279699,-0.8697403451083715,0.7441801337160656,-0.6810966787644367,-0.7554251658367027,-0.7877036420290038,0.4212643396769006,-0.41311316928384717,-0.41310796296111324,-0.38571602196468885,0.8205836926946569,-0.7609235904757661,-0.8422319411686686,-0.8195538750804892
186493.5397388,0.14838396796450015,-0.1966650159785414,-0.16505362375634566,-0.0038169728168508665,-2.41179168595507,2.2298507594574932,2.4824485069469144,2.562247952443616,0.6189116032726503,-0.6459653912477027,-0.5913181010038323,-0.5728787935316186,-0.6436558640874477,1.0256796788994034,0.463310608929213,0.0717141780843835,0.6549243696749933,-0.6981175429634041,-0.6201782515358448,-0.5834359791789483,0.6288474897082673,-0.6622698459018644,-0.5998458488580847,-0.570543993876395,0.3696498580406412,-0.384945514766638,-0.35893548448372664,-0.33404922769713996,0.6347302613814679,-0.667567127498747,-0.6104278062382942,-0.5692371634270464
186494.006182,-0.6931864096730169,0.5995785641227693,0.6080023703577078,0.9852852228811789,-2.0639976199745336,1.8324336573363278,2.198209200432389,2.1810607408238964,0.7679507501807146,-0.7743783673542314,-0.7372605401879787,-0.7427532566514662,-0.7285485927521075,1.1663183630438454,0.5392691278304543,0.02310185609894847,0.8840460549944009,-0.9397958236599324,-0.8321894399856357,-0.7763377837110101,0.8036414338197821,-0.8310584412673192,-0.7683172573816236,-0.7371277080673682,0.2142558864625292,-0.21481985840661305,-0.20953441520100002,-0.2035032321098814,0.8158384969422392,-0.8382780938148469,-0.7981790458643131,-0.7297258392642982
186494.6242903,-1.5493884868554837,1.2559382456972823,1.551274716273854,2.0930402161024375,-0.7426029321939704,0.4980680534461058,0.9484971661893211,0.9431411782198653,0.8128078901529465,-0.7729342473875122,-0.8240883468106849,-0.7811677304669767,-1.4482488134610243,1.8534937579385475,1.288103705506288,0.43191110646636144,0.8960815532153503,-0.8784177907022893,-0.8992308488650593,-0.8071225571803178,0.7698700005635307,-0.7289960035994723,-0.7856229560851069,-0.7398327922170623,0.40878763788225786,-0.40660154924535,-0.4029162952686652,-0.3646403391712162,0.8526931506964028,-0.8205504661473114,-0.876017140939948,-0.7753290817530913
186495.1392055,-0.7154550971827742,0.464496448598696,0.7444513395947279,1.4678403983774269,-0.7378885764217743,0.44047321484043606,0.9630626692273184,1.259524272018692,0.7502904005609506,-0.6788219658820549,-0.773553971758477,-0.8370489486487781,-2.092702536248435,2.33524420556768,1.9470118826911693,1.1122760198681738,0.8030727809569838,-0.7395947191737449,-0.8226109202355756,-0.8582031912320462,0.6935830176963131,-0.6224216583039437,-0.7204690412825364,-0.7818495601276754,0.5240686331252992,-0.4938535997904783,-0.5305269268568479,-0.5309754763134,0.7750313775134297,-0.7055219258565902,-0.8073650313797794,-0.8315635139423923
186495.6395121,0.020611118095993714,-0.07474394630121646,-0.04711068391904937,0.14847902676771849,-2.394423940618745,2.2143103773096895,2.4688040578755475,2.5370945438866648,0.6470600932383742,-0.6826782653558785,-0.6147258127319285,-0.5877965098751088,-0.6468344616303721,1.0254543766565574,0.46625381612182004,0.07575869666477666,0.6689182097911143,-0.7140408552844741,-0.6324740007529529,-0.5942693843348567,0.49768026798617115,-0.4885503824076534,-0.4902628708424024,-0.5036904095202106,0.5502050891935008,-0.5841123900473891,-0.5236752176245959,-0.48999059523743127,0.6567836239439616,-0.6956389145696356,-0.6268092881264379,-0.585585368351553
186496.1464822,0.17872820412651938,-0.2261889546758574,-0.1910656744276685,-0.040052632160462884,-2.4135375430462447,2.2344129152178756,2.483865941461765,2.566587236884863,0.6079050464530544,-0.63508345274093,-0.5810323015390104,-0.5612729642440161,-0.6599245456457782,1.034023299573663,0.47918670687548537,0.09600505022264864,0.637968810939029,-0.6780637196738644,-0.605509052667054,-0.5703284925627007,0.6096464153964376,-0.6402030321705758,-0.5828551423110822,-0.555130996284946,0.4216568571412808,-0.4414349947367094,-0.40714032654436255,-0.3799579925385813,0.6175567546357034,-0.6474620607936009,-0.5954501508480728,-0.5558492093168045
186496.822674,-0.546399222555487,0.32831262869823713,0.5598517544578915,1.2147823742229789,-0.938710558279618,0.5940347184174863,1.18310775469709,1.5246107381733074,0.7802829958434259,-0.7059608268837185,-0.7986812698178855,-0.8718038654783912,-2.048838311867293,2.3130482513453665,1.8778205540571842,1.0631108683758053,0.852491094309598,-0.7895815470302712,-0.8653263957235836,-0.9006601169048281,0.6788414467083818,-0.6035861738373369,-0.7047603822024997,-0.7768072490108773,0.4123256615882262,-0.39864314939939055,-0.4098159999724739,-0.39241040588550086,0.8100068942527853,-0.7376239013103728,-0.8421960154957233,-0.8608223434924953
186497.3390616,-2.2885603576857423,2.05172166051506,2.3353455354851715,2.570646758151011,0.397935374113939,-0.46869614131810255,-0.3486607436786435,-0.2857975415460265,0.6711786439055988,-0.6997585980812804,-0.6669557634130178,-0.5662705027063588,-0.927367608079251,1.295719203140869,0.832961226448933,0.19379056933886946,0.7072001584065083,-0.7477858850060447,-0.7003422428520194,-0.5773261534347262,0.23547907317560782,-0.16367806124838066,-0.25756247795278214,-0.3429416894337926,0.5211513231447942,-0.553351722325786,-0.5097326357024665,-0.4296021713989334,0.6829833930185378,-0.7141704556763342,-0.6850528983351754,-0.5624992689700425
186497.9222404,-2.6008259149769946,2.566728348097191,2.6050971095872884,2.633027162376158,0.34677721558263336,-0.40575193873405196,-0.30836894454635216,-0.2841497731662264,0.5178688857122248,-0.5348328505909726,-0.5169870678407187,-0.4817408357004829,-0.03130687571850786,0.19830426100578122,-0.010028661405690533,-0.22832368857858404,0.5962192495907899,-0.6473120413333234,-0.588353937317762,-0.5043032253669573,0.34722611700459505,-0.32009590267000476,-0.35264547944822294,-0.3875925051744963,0.2880924589571401,-0.29974250743387254,-0.2781588266982442,-0.2766891685032696,0.5359488638481221,-0.5572973683407474,-0.5505541923302978,-0.47022796588614174
186498.4393269,-2.555615969424551,2.486778831554358,2.568468879431694,2.625247549794985,0.4621561403449227,-0.5177864002099108,-0.43529242746376334,-0.3831119603036186,0.5296359114679035,-0.5550474446580124,-0.5240275250579026,-0.47860659457010274,0.3584766871112189,-0.3322949291221449,-0.36542940793765827,-0.39315772440377417,0.5850920709262497,-0.6341129124587963,-0.5744639981638321,-0.4942484888939818,-0.2838732937566898,0.5068923301665583,0.229831013614666,-0.07876487152655172,0.3666883623515895,-0.39112214449810767,-0.3537958375240589,-0.33053217454590944,0.5374400909793513,-0.5633073307739447,-0.545290696899145,-0.4668257355510469
186498.9424885,-2.582135495786078,2.555196818382062,2.57925517083978,2.6119692115821977,0.37029144002310355,-0.4678002621260826,-0.3087018787132805,-0.2703523212522359,0.5377344862039095,-0.5368050225999536,-0.5398082250849467,-0.5316979370028828,0.1979839065244389,-0.09264590139609916,-0.22555991069893042,-0.3531473229718841,0.6948005789599855,-0.7682857391778037,-0.6819085122108981,-0.5703126126352401,0.22363935997563297,-0.14163613593105118,-0.24386083507386297,-0.34547642045604904,-0.020185092050228857,0.03815830539826368,0.040100414642667136,-0.04009032889472287,0.5778708161492665,-0.5861820625493351,-0.6195162237005278,-0.5008922683691827
186499.5227762,-2.5618292835450216,2.5470288923462627,2.541723701781596,2.578861977713239,0.2624745861310358,-0.44365838519780354,-0.14157525968880855,-0.1053805791525934,0.6300689891977457,-0.6315191542708496,-0.6288127817655329,-0.6206116882348828,0.28904513014816197,-0.1933209048995499,-0.3117230757315839,-0.42046782686846024,0.32092551210314235,-0.20294872082347945,-0.3716305287466007,-0.4534054826147877,0.46654628748842614,-0.4563627171828722,-0.4694836705689967,-0.4738818967101546,-0.14591514735389446,0.1586054244222687,0.17923109665831094,0.07812602359195345,0.7386839258304599,-0.7778244343939757,-0.7977294819383846,-0.5832405277243139
186500.0392379,-2.6397685389525583,2.6354333953692746,2.639975616268147,2.642770148896264,0.3917456140715657,-0.44029711208559363,-0.36343824751480747,-0.3388488584038624,0.4625738241412921,-0.47374967505108817,-0.45922314657158814,-0.4453776221988032,0.36935014171044983,-0.3547704166204715,-0.3722580619284898,-0.3920064662630903,0.28231119689363143,-0.21938044261066078,-0.3090959193594464,-0.36300195575864974,0.35171507173642635,-0.33545062052693747,-0.3567176926849232,-0.37468980985302275,0.2947518331076785,-0.30545346895253167,-0.283361807169835,-0.28976889470685774,0.487320857291506,-0.5063316595219914,-0.49588074103905694,-0.4390765417119778
186500.538852,-2.632290003564206,2.6277024528696673,2.630047096460972,2.6353294516068506,0.28967919729532327,-0.36092559908093375,-0.23656752601129707,-0.22964920475056189,0.4965664886497816,-0.5040200098309934,-0.494855912098598,-0.4835379960740686,0.4175297342779763,-0.40908556426266857,-0.42004384252152405,-0.42834347643217724,0.31976264046153663,-0.24876455124793437,-0.35563311987148544,-0.400882239728733,0.29151097834424217,-0.2439349371122749,-0.31049647510804534,-0.352509474138497,0.2585242642163748,-0.2700161264367063,-0.24397805348521504,-0.25631325473924504,0.5587167003189621,-0.5909556648981567,-0.5684721673648064,-0.484093805743568
186501.1222635,-2.5300941508704002,2.4747202215927495,2.5286592088934348,2.5894253199665727,0.009021714296027564,-0.10296532540504125,0.08631530865414973,0.03805360468820258,0.6295761696461817,-0.6581413347244486,-0.6277745922812563,-0.5661686515957997,0.395164804368444,-0.3537987459024875,-0.4109657081267379,-0.4443569383916675,0.5726323183323002,-0.5746160680069886,-0.5904150781040413,-0.5337153671834167,-0.21122723474736113,0.43968969117163886,0.1395566012134174,-0.12677740265490217,0.44608122859420024,-0.48370435814426443,-0.4320409546709162,-0.3857765217784954,0.6888451503806109,-0.7411840805811584,-0.6933347855780502,-0.5706840430504944
186501.6401691,-2.1960261945199333,1.9765651829410742,2.2264050301250573,2.461624935465664,-0.1606715025013702,0.011038944490073517,0.3060888541100589,0.25820573791863555,0.7568575718524546,-0.766734120902838,-0.7575829348645289,-0.6806589750028935,0.3803563992007721,-0.3048853667014635,-0.405522656995395,-0.47736692443204964,0.7509967415622103,-0.7549411276855488,-0.7682641006483274,-0.664052613343274,-0.9258372093622479,1.3110950287773278,0.7830314265584079,0.24602039976464946,0.5541435245890911,-0.5951265556430255,-0.534378101548657,-0.4557895362840953,0.8401806691790334,-0.8770119852756,-0.8497775167366156,-0.687983024086637
186502.1555827,-2.3604307124688084,2.2082520442894076,2.373864720676043,2.5196610601484606,-0.05225813646233655,-0.10899883052346569,0.1984649296432247,0.16267162240738037,0.7533814231617296,-0.7807253238131283,-0.7450025892325055,-0.6729925929066427,0.3221663235179852,-0.23794848727689824,-0.34298491057310565,-0.4419005029826397,0.6224098839100768,-0.5785465637549716,-0.6743509624279282,-0.6045231566065539,-0.6242850303451551,0.970761217282659,0.4971465044632116,0.08985186755615159,0.46869339603887483,-0.5315360794212799,-0.4339076165150546,-0.3699091485976925,0.8703228526476424,-0.941257976782322,-0.8732300760338854,-0.6828591490184635
186502.7387841,-2.0429405438683994,2.072893036855217,1.9275033817270089,2.137050556064658,-1.3395694276842305,1.2739533781891232,1.4922414996054032,1.2249619815246529,0.6999514259560102,-0.7287745363361694,-0.685857529479063,-0.660179292462125,0.3545216438095823,-0.2637758757644849,-0.3809562844487706,-0.48161503584759496,0.6029514924432055,-0.5677694068379846,-0.6378188138853566,-0.6116179303149151,0.46845621540781857,-0.4327706895243294,-0.49102975241984614,-0.4974031550043806,0.48037897839478316,-0.513343378726382,-0.46153255142276634,-0.4419600820254477,0.7762502155412335,-0.8404125278549911,-0.7625499496766094,-0.6692370419348478
186503.3384379,-0.11425274554731948,0.06643105785679175,0.08144319262455986,0.26580407209291973,-2.561688585520255,2.536015628607567,2.5793660961933775,2.5553057491372133,0.6136624117072449,-0.6552356128182827,-0.5768878129887226,-0.5859327604478949,0.1128309448011024,0.03478722313968154,-0.16605401955832555,-0.31871461427711684,0.5529887531628365,-0.5509494847115479,-0.5536306107697401,-0.5499690618080161,0.2645584327606711,-0.18868176756618085,-0.30182998249781523,-0.35115077999841277,0.46848732393574904,-0.5144508982455873,-0.4365945016835289,-0.4251141195377303,0.6634134646999734,-0.7279161462624409,-0.6258123613198039,-0.5902284851609617
186503.8555448,-1.4665146488640948,1.4916532867492704,1.329641498274344,1.6175962724283168,-1.9396976007794398,1.8944507160093504,2.0523209618012332,1.8298629022180326,0.693034882882111,-0.7223548517788969,-0.6677831364517639,-0.6685411787426726,0.3544319502070889,-0.26398435810494597,-0.37803035663791185,-0.48912750829958085,0.6936525896020856,-0.7152068949150253,-0.6858518242250153,-0.6567693907523531,0.36470958300665873,-0.28902019650353356,-0.40461059983233005,-0.44500047294385686,0.5469362094931555,-0.5843528709999892,-0.5198361259772579,-0.5111759093862317,0.7534470344524372,-0.81118483045623,-0.7258504169512985,-0.6768447145216543
186504.3216781,-2.331955457674274,2.353582152793159,2.25688518964555,2.380464575099905,-0.8593333226381875,0.7820801811269981,1.0094362753948407,0.7858964326102968,0.6328580702173661,-0.6410743052955549,-0.6347079853642366,-0.609766178449677,0.3198589179001278,-0.22982893499100113,-0.34992784041990804,-0.44649449998099616,0.6670345250174323,-0.6853863593569012,-0.6793388439736884,-0.6093730650796013,0.40134397255685395,-0.34706420769405505,-0.44289041624453923,-0.44264923585974303,0.46257582384195817,-0.4825431524628224,-0.452485914093842,-0.4353783566596223,0.7076174707787232,-0.749765374119822,-0.7069704649441766,-0.6226996716805617
186504.8579885,-2.567561215427575,2.5599678114718043,2.551674321747526,2.5874514964501403,-0.14139657472617975,0.07400609167041051,0.23231345363045444,0.14448035658098418,0.5337767298546268,-0.5344597219520307,-0.5398126917133214,-0.5203075080645612,0.10329682346979119,0.026332731919004752,-0.14298475453678872,-0.3009865482797395,0.5769625613997345,-0.5938393224084905,-0.5877792477941847,-0.5246863194901114,0.4471713980818071,-0.4345814045840636,-0.46917709734722646,-0.4378164220828383,0.4520760987988436,-0.47431873699387406,-0.44362389241408723,-0.4172855752610434,0.5956741785489515,-0.6231074491227608,-0.6006100915723727,-0.5308494798528308
186505.4548547,-0.907049005386985,0.9198847470032427,0.7965394287855085,1.0571372398315324,-2.3034298336869656,2.2805953737066202,2.3614003691522094,2.2365186059881164,0.6130916646253951,-0.6152841350349303,-0.5952058127213516,-0.6337376342712182,0.29238443010132853,-0.18721837453248982,-0.3233179872506434,-0.4493789178883885,0.6880797014292981,-0.726676845895512,-0.6650607533769816,-0.6438880830364246,0.5814191969621574,-0.5933970055767738,-0.5748848317422265,-0.5640050809616135,0.341021912370218,-0.3415259381166608,-0.3290896291976274,-0.35720964629166885,0.6944819335855393,-0.7363778215534967,-0.6703807836488868,-0.6454364833703351
186506.0714511,-0.7308620254691587,0.7093923212234291,0.6431888872480184,0.9085878940423509,-2.3245848851647533,2.291465635019237,2.374114498659231,2.278438917782266,0.6161248549203989,-0.590868372238933,-0.6022749602861931,-0.6805553346125955,0.21876200165460707,-0.07287985089524238,-0.26228989254234436,-0.42783076542868936,0.8050357470293371,-0.8827454971665125,-0.7625014861093262,-0.7142981325212096,0.6017489642053621,-0.6183435193349314,-0.6010309219171122,-0.5632403094979683,0.023886602901550456,0.018141697846038335,-0.03108728038621616,-0.09343102992262615,0.7898887399226496,-0.854162414453085,-0.758118844666058,-0.7076712398415277
186506.539808,-1.2018473921338086,1.2362491852114346,1.0736993671869515,1.3328571358791619,-2.1414097239372984,2.108740530433841,2.222981733259087,2.060950213214353,0.58205320508019,-0.5615790619758712,-0.5780277747094779,-0.625651749918392,0.3973871045889847,-0.33066399438093225,-0.41390103497526465,-0.5011117905847613,0.7027603354162326,-0.7467001054587452,-0.6773777979146814,-0.6517646376493531,0.6145218877838664,-0.6311816649440685,-0.608028965387083,-0.5879048912075251,0.358801125944099,-0.3549865606762201,-0.348397918548826,-0.38093798577559956,0.687733457257731,-0.7198783282094382,-0.6709476089107064,-0.6464362939578837
186507.0378732,-1.8074783037192885,1.8496389483214326,1.6812930832255244,1.9014256877342282,-1.616585269461243,1.5476789310930748,1.7498851324717577,1.5318569374741726,0.583037944544896,-0.5424076136966747,-0.5938369226908049,-0.6404229939483047,0.33750862815786375,-0.24137224797908854,-0.36804616260672035,-0.4754347299365035,0.7676685244857107,-0.8251867118889766,-0.7452642553714212,-0.6823763672429758,0.6252107443748754,-0.6361980852753755,-0.6359502768799413,-0.5814152492326684,0.36975566165557755,-0.3740252918230311,-0.3553023009651569,-0.38008195762277486,0.7408820699616212,-0.7781279287513607,-0.7327782971832371,-0.6735513272251733
186507.6550863,-2.464362180130797,2.4819549491256576,2.416931047062413,2.4821309640348885,-0.535269706939922,0.44777210112969223,0.662088373149594,0.520716730695807,0.5061088399293453,-0.4535115220358308,-0.5307416522713538,-0.5705925954375648,0.30312519057527254,-0.22022088720929744,-0.3315032785630425,-0.423066563979781,0.704047916278044,-0.7538453976941765,-0.6965216787111833,-0.6124855317591226,0.5075205778071042,-0.4965026712731062,-0.544451165658739,-0.47257725285017,0.31612261388456125,-0.32286560204941683,-0.29970115615122095,-0.32450062009275726,0.6627067485963865,-0.6827809699935223,-0.6761004888564678,-0.5996251306112997
186508.1709289,-2.384780439663373,2.4043296025384473,2.3226211869123343,2.4159526400622453,-0.6990206618952368,0.6032038745654862,0.8382585745561301,0.6786631950510487,0.5653505854323473,-0.5255229358512876,-0.5863663756292741,-0.6079504752740839,0.24617811823419047,-0.13403787454721847,-0.28527162019863156,-0.40690685778127705,0.7322611596816708,-0.7822139775951371,-0.7277259110437974,-0.6346900678992771,0.6047142996665262,-0.6163716251368174,-0.627068622264799,-0.5442357505693864,0.23885659149633653,-0.23101017749928382,-0.22416797758741258,-0.27344411097180443,0.6964403470475561,-0.7183768864741882,-0.7102792547445488,-0.6273885726174645
186508.6377275,-2.2590565503001487,2.1778859373000894,2.212689956766924,2.3839823829637297,-0.43305914272354046,0.23853875659117585,0.6114053691470764,0.5363737505174422,0.636098987630927,-0.554502537751889,-0.6619133337217272,-0.7305991903874314,-0.3358848231272449,0.651356957203708,0.2256196575114281,-0.14334529256948728,0.9611216803338923,-1.049400235109822,-0.9445771156615766,-0.7658316604744699,0.6300217811863662,-0.6271307787841478,-0.6837529460751038,-0.527467265585375,-0.12421303414297324,0.14000109188306945,0.16478719608404838,0.02736127247413593,0.9249711011427016,-0.9767491913321847,-0.9242587840510693,-0.7804739969385448
186509.2713419,-2.582188878668378,2.541479363278363,2.5890734185104227,2.6225902043005016,0.3078615230742459,-0.3855074252793799,-0.24441055688560762,-0.23676008536460436,0.49649160118402835,-0.481895054022341,-0.5018175757978298,-0.5123122381566781,-0.1194102428260757,0.2926753756058937,0.06752779414723008,-0.16073268192275972,0.6235032949071928,-0.6724784647686098,-0.611542367777471,-0.5329770032724046,0.33113808854910015,-0.29534430520386395,-0.38807707730325547,-0.3182158466431627,0.3407292623017994,-0.3653018853632008,-0.3117497767603606,-0.3279128450793122,0.6018753514780965,-0.6336276042468609,-0.5990038581331278,-0.5336795038615794
186509.8048385,-2.5316743513224136,2.453527481087407,2.5521851769142705,2.613342306589533,0.4473082849727514,-0.5185945513563075,-0.39609451384809896,-0.3613177347948772,0.4860864515512792,-0.4700285140080352,-0.49067413446457625,-0.5030533009624097,-0.36183218943037765,0.5893733775368534,0.2893004437850851,-0.02304182973760625,0.626598550113592,-0.6782544428237588,-0.6066838801558523,-0.5326022477227594,0.34162068474527574,-0.3184617555860982,-0.39626338695230034,-0.3034231065845096,0.3908705131546268,-0.42316459059439065,-0.3597355573145617,-0.3595045277598205,0.6010220562152677,-0.6343970042556694,-0.592034147963966,-0.5303995590275499
186510.2375555,-2.2203132007601365,1.976424873140787,2.3213042096963425,2.4949317970243285,0.6552977669416198,-0.74673953083088,-0.5792937458125936,-0.5098495636359618,0.5984895101623711,-0.569525067893921,-0.6006814877993661,-0.6233958671296571,-0.8805505057240287,1.1883540160701846,0.7669841489426557,0.2641889404784695,0.8122657569787788,-0.8742331431243685,-0.774993104392478,-0.6672057140207307,-0.2004179481262776,0.3485565324276725,0.0227975083898255,0.10576006748919466,0.46862210595508447,-0.5220349902480217,-0.40858210108783777,-0.401645615178861,0.7666065145725889,-0.8008026895414525,-0.7475354279365479,-0.6627840450267819
186510.7543171,-1.174601662328893,0.8533629622583055,1.3249252347299356,1.9641792256793542,0.604525556044787,-0.6025553696363181,-0.5847948561167965,-0.5847755201800109,0.5833990556156847,-0.5356248558530049,-0.6022083745888059,-0.6631821328610319,-2.1657475308849796,2.3447361776826163,2.065186920658688,1.4509898667894834,0.674066288187901,-0.6495691784460277,-0.6803362072578951,-0.6806863181694746,0.3873786622355995,-0.3502504367836057,-0.44387258409226765,-0.37424237101854246,0.43481666001615543,-0.4365183610832181,-0.41091372884144156,-0.42792719632752335,0.6561629711137483,-0.6235809381387469,-0.6679864044914172,-0.6843555539122546
186511.3856989,-1.9372047663531013,1.6357602495084231,2.035199847250551,2.3806129057538303,0.7235987712770431,-0.8110333490022771,-0.632817517611016,-0.5700843324890904,0.5652222038792638,-0.47261302365041746,-0.5996636391136551,-0.6972998856358673,-1.3104782360117277,1.6553266164211147,1.1462259840918825,0.5400755285333579,0.8630015972038031,-0.8964891621267803,-0.8477357291585769,-0.7143450037383108,0.4719285083548635,-0.4472124387348258,-0.5628062882776184,-0.34161829870666216,-0.20022510186821946,0.15755756262817164,0.28021999845549567,0.16196899531790085,0.8241570235180544,-0.8212964550434076,-0.8186226556370625,-0.7593099090351589
186511.938472,-2.580443439198908,2.536810252516913,2.6018604268871637,2.613404918289565,0.5526840809125068,-0.6269709156539406,-0.5002808355822308,-0.466365194352388,0.4657458748920793,-0.44427277483615596,-0.4689764889018229,-0.5014692257317347,0.056043272181172554,0.04683674368781543,-0.08374869374138252,-0.2327937467572124,0.6046213187871786,-0.6610735289182635,-0.5803928064114574,-0.5140396815785322,-0.00803472625695763,0.1282878846600973,-0.12212942189589357,-0.05525643549147701,0.3192829533846915,-0.3508342623289852,-0.276233914458028,-0.3123463788625293,0.5901006652982401,-0.62878339912748,-0.5700982658963488,-0.531134255515691
186512.454231,-1.7863359092423237,1.4605637782821794,2.1152723099602797,2.0382768615333346,0.7433582225249155,-0.792796337508082,-0.6919116248812313,-0.6315033669061002,0.5843854459068946,-0.5242519747545711,-0.6086595819261147,-0.6639560055407546,-0.057693089142751924,0.15354164611973933,0.06523790405123017,-0.2091458723079691,0.8116055025604765,-0.8338965295958465,-0.8068619146210282,-0.6991915126124882,-1.5529943073815122,1.8338686751175926,1.114021213830102,1.3267334026066768,0.47037444522124716,-0.5067188965027263,-0.39927064358698294,-0.44140786138343785,0.7872996895530584,-0.7903103611582847,-0.7878276628262546,-0.7198056453892612
186512.9713043,-0.7626952631510502,0.4828579475031301,0.9700277367512187,1.432429448779703,0.6905411885849878,-0.6877726408499377,-0.6527198397017262,-0.7150846826900455,0.5895619944029303,-0.5229093947131,-0.6116712385280447,-0.7667209528948787,-2.2741078521936946,2.380759342970337,2.223186557115737,1.7296435008494067,0.7499295788663125,-0.7230992756269391,-0.7467950782472763,-0.7988232410925432,-0.2428819881090717,0.28389605105622157,0.022946315168343216,0.4925169338092064,0.5245829342645394,-0.5283629519882304,-0.47581502909814527,-0.5591208409296112,0.7250694073350413,-0.6853690783514811,-0.7291594234601069,-0.8148401658312365
186513.5371745,-2.055806698035759,1.7840883679366002,2.1758707029612743,2.431685689654932,0.6483430180562036,-0.7022040598744275,-0.5880295483246055,-0.5485698656675526,0.6391529299368928,-0.6220925397453245,-0.6321815461299362,-0.6454390435522711,-1.287037079059652,1.6042759221529503,1.135235507897231,0.5707831893126465,0.7468432879081385,-0.777491830574677,-0.7133151125201006,-0.6583999369624611,0.14945431274514548,-0.0859506386965787,-0.28998331485210715,-0.08031941522050656,0.44439732988253533,-0.4766067669802907,-0.3904152995020093,-0.4094178851752191,0.714652898566486,-0.7240184542182518,-0.6971813895297456,-0.6603227323895682
186514.1539649,-2.4719023859491203,2.4472749595653567,2.4503937197620242,2.5065458150931375,-0.014239935597856312,-0.1520822544145959,0.1418113570362671,0.1831438551005859,0.5019556893275259,-0.40615486805102663,-0.5573440237996633,-0.6165393367803426,0.011501399416206254,0.14032982778673328,-0.0830454467724089,-0.23464124324747482,0.7655444027778786,-0.8290467419848776,-0.7497508774443848,-0.6342045602402918,0.782087357804684,-0.8465488372078213,-0.7506148326295026,-0.6723521316362501,-0.20541460388280847,0.23330979104629526,0.23821402447923193,0.08951616939465319,0.6304680761034868,-0.5870818767400632,-0.6896639206315638,-0.6214685676840173
186514.6703501,-2.6281205749112755,2.6256009650055536,2.624996262893089,2.6322258481717955,0.3024326623764657,-0.35925292217304755,-0.2576210529452366,-0.2433698779738669,0.41256418114960536,-0.37799491372989014,-0.4329160672675565,-0.457559007104567,0.29255492842362446,-0.258818126634342,-0.3094570405748524,-0.34121294914327893,0.5061642816568372,-0.5264223265504941,-0.5069606718959652,-0.4587406406203799,0.524685192651525,-0.551543834254122,-0.5119697961620358,-0.4830290648520388,0.15284229912650393,-0.14567913183444403,-0.1341239705074434,-0.1967682007761891,0.4368770295267161,-0.40588970982921374,-0.4719476635399994,-0.4515461077014754
186515.1701422,-2.6366342838906123,2.6355078768144753,2.6341869789157837,2.6371137567979557,0.2768441634966801,-0.3338531792173666,-0.23001383945693218,-0.2194464485866344,0.3834314264848931,-0.342080837438598,-0.4049859760813715,-0.4429835648323153,0.26569317212178606,-0.22991802619692142,-0.2838970752804352,-0.31805058333769193,0.4569638728857499,-0.4618055215671322,-0.4746512898217279,-0.41758211632899345,0.5043983794557514,-0.528824767499188,-0.48988209965664814,-0.47035614582559193,0.3041426264306787,-0.3113778630213854,-0.2846995898349921,-0.3171610410008158,0.4451606430150786,-0.42764768187388424,-0.46605710878367657,-0.45153385688591285
186515.6369816,-2.616346131815971,2.6103712846511407,2.610915928320621,2.617286244449961,0.18164963223832775,-0.2888960555648672,-0.09263020199115732,-0.07731071877264853,0.4090647550429044,-0.3459268153355588,-0.4363896757960589,-0.5057666499162602,0.1006919681105786,-0.019091662142628633,-0.14273743793709612,-0.2185434045886786,0.4578359658044412,-0.44780659805097806,-0.5143112099583522,-0.38804115942019357,0.5829308904427193,-0.6265040770449064,-0.5533649050197903,-0.5260459919733247,0.3975869523642338,-0.4279960689698593,-0.35432219401621845,-0.3935502609825275,0.48658596781276614,-0.45415000754234164,-0.517160303601948,-0.5080280587963285
186516.2390345,-2.4646129606299287,2.4844337746306593,2.4195960844322855,2.4144974616805492,-0.41094006922450504,0.17852403366502234,0.593545366988749,0.6175583960726615,0.5302387872852591,-0.44017919231713654,-0.5516888677285854,-0.6770391086669287,-0.009834161824640936,0.1518962529589437,-0.05523674915708576,-0.19886716016564804,0.3786185798718622,-0.28974287957161454,-0.5752003039076312,-0.24875153416221338,0.7875077700384168,-0.8699961096182005,-0.7124591853708403,-0.70083937216205,0.5437464155471594,-0.6053427452816798,-0.4548527181139678,-0.5327511401067755,0.6452756389363772,-0.6095931344659942,-0.6637036271429239,-0.6738075424895962
186516.8703014,-1.9523480497351902,2.0114618272137808,1.8792394243665285,1.7716673328703278,-1.2293739849974896,0.8642044958284656,1.4653958730456704,1.4698264171072672,0.6276338180179765,-0.507009043024803,-0.6172976808793577,-0.8256758479884533,-0.08058230381455611,0.27881138203524924,0.005015138803259983,-0.20096020525314906,0.04465395175485442,0.21920444253357987,-0.5240728007876289,0.19024382280378996,1.0205798506041894,-1.1860654271966975,-0.8488766049198343,-0.869223395603867,0.7581103954116822,-0.8920488032913579,-0.5778193448089836,-0.7067969087741793,0.811326322758516,-0.7885588740982165,-0.7815840048196542,-0.8290812151617367
186517.3699459,-2.5221477952279554,2.521797929522106,2.5096631447308337,2.4675513970211487,-0.21617458286450547,0.026232445487743332,0.3851733110258567,0.37319852926749714,0.5162611323392019,-0.45275122851712,-0.5156783286126784,-0.6463671197763621,0.12277886395162473,-0.028184198226945425,-0.1550098417366614,-0.28317368644761026,0.13405206049276985,-0.0027833766338141003,-0.42957184270023824,0.041388057706630225,0.7132497390663803,-0.7722835300846568,-0.64158717123193,-0.6716142745266049,0.6288194425824243,-0.6845575637510417,-0.5416949631929718,-0.6218116990008529,0.6231611396600598,-0.6074704777962718,-0.6112943082822117,-0.6591712042438462
186517.8552381,-2.61499798605656,2.617241830920843,2.6093579519935846,2.59992988206242,0.07057803945301036,-0.16904214769282877,0.01813661804694239,0.019819223654028988,0.43941642411831067,-0.40122155018081224,-0.44641455996623847,-0.5149459244011982,0.2524347609310054,-0.2039891734312502,-0.2698021911529196,-0.3368549407781591,0.2873730026544375,-0.23675700560799867,-0.41696910633151824,-0.19726110828362345,0.5433694133118413,-0.5683947092529146,-0.5143076814020778,-0.5270288005101418,0.51784385492416,-0.5434149186619809,-0.47846096611687416,-0.5169000467054223,0.5039824906638026,-0.49442232609305775,-0.5015400650708988,-0.5267582850379039
186518.5937445,-2.419503267671199,2.347790703601858,2.4469023389793727,2.4524418860701718,-0.07611837468452573,-0.11160542987513362,0.23262068837640845,0.2774216031065308,0.5743273023256547,-0.5220549551688788,-0.5734471562063648,-0.681951035127483,-0.49280367581302237,0.732463728134326,0.3418509545528504,0.1300143294868337,0.31837904569619196,-0.2641746817529361,-0.5100967569299992,-0.11959753699873817,0.7267581894107391,-0.7739874913579011,-0.6666327737357444,-0.6801755387696713,0.7060804535785055,-0.7575707881942106,-0.6236905653154591,-0.6869609756507262,0.6628803271576739,-0.6508610853871242,-0.6475067297210638,-0.6911927321169181
186518.9722959,-0.30827585449133427,0.39070626527696456,0.27945900265453233,0.20481733118971568,-2.496380539732608,2.4034908422054695,2.529561845800107,2.555398583506368,0.5566152855971295,-0.557173855415287,-0.5357628078032529,-0.5764409340932078,-0.04733838803651114,0.28339893692338336,-0.057078499478748226,-0.1989183276080169,0.39440748883375476,-0.3761914262081882,-0.4943530269724213,-0.2651998036610708,0.650097032970065,-0.7490401417146793,-0.5851576685803175,-0.5666914780651013,0.6406226504217898,-0.7421102826783131,-0.5606745238832698,-0.5759593045593145,0.6102523244377116,-0.6530803383893493,-0.57599432173663,-0.5770060667093729
186519.6531123,0.11069341486955832,-0.08053150721754616,-0.11262744255655399,-0.15833452481159344,-2.6266916461297707,2.6174430813050167,2.629830116604058,2.6313189722874566,0.4318076220388234,-0.41387201149240405,-0.43015775868389244,-0.4635092272856505,0.2952368434700612,-0.2458194301707187,-0.3140189392642299,-0.3493948839700245,0.34391127592785814,-0.32546847807109053,-0.40754301508882224,-0.27788273677448255,0.4872621625710071,-0.5326142905754107,-0.459676596404343,-0.45142791051794956,0.48994433577945473,-0.5400724723128758,-0.4491244323285659,-0.46608302215961195,0.4678359914730059,-0.47906489146497,-0.45668193227765047,-0.46468666676814413
186520.1899074,-0.42616462696697055,0.5532885162151956,0.37666498334113124,0.2771239499195971,-2.5104390399896195,2.455487305954221,2.5328305194098375,2.5479609829358303,0.49245069100051025,-0.45692696124134474,-0.4911711779787657,-0.5518703617293289,0.31461214280618893,-0.2557955849884856,-0.3382876896215145,-0.37754907215273975,0.3591322826491243,-0.35004708804185336,-0.4560075267902496,-0.2208109521678691,0.6009862520681863,-0.6751748504682804,-0.5485667950397467,-0.5473263993000551,0.6028264203805622,-0.6819994226714964,-0.5340313966600186,-0.5659345693667878,0.5665958780520195,-0.5888319147579554,-0.5414309166606737,-0.5615935781386467
186520.720009,-1.231193812870242,1.4506256230331314,1.1083564843247986,0.9824906991976434,-2.131786032730467,1.9626027813871936,2.2141918089164654,2.2831458209640108,0.5756398497506982,-0.559743303013393,-0.5683497255179831,-0.6062661958040153,0.37157956760080074,-0.3109262611174967,-0.4034963560938908,-0.4297213246679526,0.513408738401603,-0.5259074912271781,-0.5529389863593055,-0.4173330803855923,0.6293412279596186,-0.6730603638358038,-0.5987897512801212,-0.5819153645276983,0.648353484210665,-0.7007834960249612,-0.5972028187562852,-0.6164075679671815,0.6246569776773263,-0.6428074892014917,-0.6017706552336779,-0.613992986809214
186521.1961071,-0.4449327183833901,0.5480857397515707,0.4119945558289324,0.29426500514641746,-2.401532738881724,2.244609335424135,2.467341087187674,2.506544741235646,0.5952518589909799,-0.5891338427170476,-0.5734476215580324,-0.6212452280210516,-0.26990191823037096,0.5855876132800735,0.06600923840649342,0.005448319830416626,0.5154589567470006,-0.5668587158232313,-0.5473704644229848,-0.35526038756523887,0.6541747710066542,-0.7321883817657705,-0.603987041790613,-0.5694978004084988,0.6931976884632302,-0.7881158002283466,-0.6074739760860628,-0.6320856485532255,0.658284100287619,-0.7019859479213826,-0.6130657775654073,-0.6281690016644651
186521.8867506,-0.1519145900646512,0.23866348311805904,0.12745217257936503,0.03809777344147053,-2.574189799787919,2.535300746202043,2.5875972991790026,2.601607197535708,0.4883601537361366,-0.46867456276299474,-0.4851154595590944,-0.5239350030301246,0.16361237050250926,-0.04270162545112048,-0.23303930602445908,-0.26453730120441254,0.4369086911716199,-0.4764780003193417,-0.4654600796086687,-0.32053431461581106,0.5322579341005228,-0.5866727561795123,-0.506104701527237,-0.47438263721794094,0.568950474291092,-0.6401505978067024,-0.5109254908595713,-0.5311661907718953,0.5360147660506908,-0.5592866868004308,-0.5144044341793369,-0.525149524136994
186522.3535577,-0.6193457209191637,0.7903160880403809,0.5751092518599039,0.37556434619701856,-2.4033762357373067,2.27246458993006,2.448511256822736,2.4903626459105026,0.5217976121857841,-0.4237034976650983,-0.5394246325796048,-0.6487712167464568,0.036404155831591296,0.14942720148302555,-0.1614563952238166,-0.1608166119232058,0.4349139576722342,-0.5095386764220706,-0.5030022644454922,-0.1871957925079862,0.6463429857646943,-0.7420601304468127,-0.5973979492561988,-0.5391156094631675,0.7302161288098789,-0.8636624323069764,-0.6065521672746004,-0.6722392227496932,0.6530471163922752,-0.6732431426125088,-0.6157870999029266,-0.6577885387170119
186522.9525123,-0.7884774898927126,0.9991407278709422,0.6978474520132046,0.5349452160970133,-2.3738262831130914,2.255411276248707,2.4200191482694904,2.4770734676282116,0.5334175991190819,-0.5021323201873483,-0.53521951042597,-0.5786127220386778,0.29126373050310916,-0.21807429523509572,-0.3503086089411286,-0.3266236703206888,0.511806331101217,-0.5624340949983355,-0.524915734753599,-0.39064949464823595,0.5941509374173506,-0.6472200671678012,-0.5646231992600299,-0.5342537130206411,0.6303673956621683,-0.6978080319309774,-0.5692876708740167,-0.5933691347186459,0.601297779202874,-0.6268831946000917,-0.5735118760279505,-0.5885099489783356
186523.4692935,-0.7816127835128122,0.9913276771106556,0.6906764872168835,0.52562595259721,-2.381368594438863,2.2687527444051843,2.425149767312332,2.484714254682223,0.5322817245306708,-0.5159793475919577,-0.5315992933368082,-0.5555299417180546,0.33099556741896485,-0.27420149337615585,-0.3820683798018492,-0.35032028676572835,0.528419800975399,-0.573648707056735,-0.5283556329296779,-0.43687316023715833,0.5830236643560066,-0.6280428227928819,-0.5559390485645013,-0.5337958266258304,0.6030028401045016,-0.6555844692450348,-0.5577507054791153,-0.5682234198054423,0.5852577805661351,-0.6126235814530742,-0.5601131944172634,-0.5655975721272193
186523.9857198,-0.9272465434665059,1.1553810813519836,0.8336173494938788,0.6274608210159485,-2.30165280037336,2.1545222346847206,2.357942775844559,2.4404295795570246,0.555152260684527,-0.5327912679165782,-0.5554376519059796,-0.585090431606602,0.2509763742521065,-0.1628910008906926,-0.3355182883284839,-0.2768160545675525,0.5528036706625963,-0.6055360916081146,-0.5490910548072206,-0.4478190597165591,0.617746045404905,-0.668732962478313,-0.5829001608214482,-0.5642710827177159,0.6359664293094407,-0.693588265148929,-0.5831331690017315,-0.5982715905648188,0.616254563526286,-0.6463637279940763,-0.585479800473573,-0.595622181399725
186524.5025136,-1.398876367373015,1.5915732250212289,1.3226212799485864,1.0380731524946398,-1.860053494884837,1.5612321166754017,2.0072406004274086,2.1436333237923364,0.6242694383264829,-0.5510629279127994,-0.6360104650823665,-0.7245117815603314,-0.26952381312123835,0.5231503839417361,-0.00017137722491118748,0.1642296026230043,0.6322688442659387,-0.7059488106567381,-0.6249196455962841,-0.4526533685588187,0.7490228091548022,-0.8078409857238269,-0.6891429448482573,-0.6813462389462237,0.7786293765227599,-0.84614121959375,-0.6856814984908306,-0.7456803167151241,0.7442632071091178,-0.7649617817512518,-0.6939359491333442,-0.7417443731294813
186525.1201779,-1.5578832756217889,1.6696714709407148,1.5618532463713064,1.14403820141382,-1.4754465104321632,1.0808715730737197,1.7151365782954013,1.829306916372165,0.5973863033062884,-0.4284000363304356,-0.654395740839571,-0.8277600090972519,-0.7203005406084345,1.0214010570203684,0.27885870892285425,0.6954377930097809,0.6480993045260182,-0.7370374988316388,-0.6476563883130682,-0.3831030674041345,0.8023770870842143,-0.8490621344948075,-0.7414767610831716,-0.7179538940797403,0.8819589345475571,-0.9446421050625675,-0.748315937577267,-0.8735851902262267,0.8238086971983252,-0.8128023263153541,-0.7640037057764831,-0.8663807499884115
186525.5883126,-2.1383897718428426,2.256437101604639,2.08976559697841,1.7962407792889634,-1.048779927790005,0.7256768235317751,1.2311760657992101,1.4778739346024234,0.5803181724979724,-0.4681369111683077,-0.6135461656260158,-0.770023830760948,-0.1829316384055117,0.34064907903469477,-0.07522894201226109,0.23387201437822897,0.6323538078048325,-0.6779394089170472,-0.6190048075173515,-0.5022636666627415,0.6622358628488075,-0.6736358432966251,-0.6469346758358774,-0.620490939368647,0.7686586943784376,-0.794669279229258,-0.6812002600527874,-0.8125116948453974,0.7265348005083143,-0.7083815615598705,-0.6850268117333265,-0.8026965966318818
186526.1865445,-2.389435314749,2.4623648635062487,2.354595168575929,2.146239760155583,-0.6537483706028617,0.39150417320023323,0.8089116579635031,1.059678119270909,0.5833732089787393,-0.5018059313295122,-0.5893136384594219,-0.7743365127667716,0.044417519656281705,0.06051781988142822,-0.21031962551254252,-0.01634245455665461,0.621166114103978,-0.649371721877277,-0.5923337855217568,-0.5701857280973942,0.3957970448213976,-0.3752821497534778,-0.4972723080544236,-0.23998803850491288,0.7166667738946957,-0.7280302547368912,-0.6365175824977224,-0.8075316146064534,0.6817630238967681,-0.6598967988907515,-0.6377498864935646,-0.7975335308943053
186526.7026551,-1.845516813867715,1.7772010050541895,2.2947955570837273,1.1011820851075347,-0.027806967141159832,-0.19450880295637463,0.3570186409595876,0.10452072504937555,0.8072411971691753,-0.7301419299341406,-0.7684177193641464,-0.8905147760423225,-0.33253170636907925,0.47126169442037413,0.1329066366102898,0.21598782684574575,0.8140535632253053,-0.8466536444458505,-0.7470802056427237,-0.683634786658336,-1.2318931041163474,1.3134085760335552,0.3529052919340379,1.9589855611629392,0.9314937603540828,-0.9377022012174767,-0.8113340899011756,-0.9085516578180347,0.8849600707457353,-0.8528646969542758,-0.8107941116795973,-0.8979749776469018
186527.2686599,-1.7747849304198862,1.994616276864256,1.7252745187118534,1.2079847662374688,-1.5396764148761088,1.1876336269975345,1.6936356129245165,1.9226147529228483,0.7444767890198751,-0.6750345038786795,-0.6994623723141885,-0.9120638548076743,0.11503741838761383,0.024936193224189676,-0.2623983270527969,-0.16151331164246197,0.6859390327683904,-0.7800636044280241,-0.6371348021144132,-0.49814173746648716,0.07582449497694316,0.0002581068231953253,-0.36588822345942074,0.26696342686689756,0.880932827680174,-0.9499333622481613,-0.724329029524372,-0.9203515685265451,0.8122507824630092,-0.8024127333543107,-0.7296973771711791,-0.9054924735840464
186527.969485,-1.135923215634114,1.425854470551504,1.1031595885331709,0.5837891811978877,-2.1696132817371114,1.9530973268305276,2.2137308074051223,2.3691390374956205,0.6385271466613198,-0.5338805098050603,-0.6335094789800816,-0.8021489315100834,0.4176846831000322,-0.38825189675178684,-0.45346286723882023,-0.3892946998515794,0.4546927154233743,-0.5927670805628926,-0.490277575244677,-0.11416317347119685,0.2944215239632941,-0.26537458281045095,-0.45098618333713236,-0.07742278973329812,0.7778007071276108,-0.8912633096815544,-0.6179034510099348,-0.77952816321174,0.7224097210955788,-0.7074144177702869,-0.6707508401276467,-0.79037046091561
186528.5352735,-0.21353419099628249,0.3391983275405871,0.29724608858752843,-0.11851741189283176,-2.537522334875427,2.502425789841306,2.5476431446288523,2.4687561074205218,0.5615617850449485,-0.4009930500245423,-0.5760587811969339,-0.7664313492488124,0.4054407163763922,-0.40195797603273653,-0.4277861212126703,-0.3597654294070902,0.15683462916732635,-0.30266917024260304,-0.3030188393722212,0.2988418873689949,0.24978842120704262,-0.2207667532257763,-0.40291462290220725,-0.05272111811559754,0.6883056589499271,-0.835482557930155,-0.5046446511852815,-0.7070316009492941,0.6891253151260658,-0.6797546099260805,-0.6304662173470666,-0.7631310851758897
186529.1854998,-0.3468235946566486,0.5219126064574146,0.4421471029290687,-0.08249956087040074,-2.4682187196264294,2.423190092809062,2.494323177879467,2.3356283792647923,0.6313766756173352,-0.4530445284164687,-0.635319363284214,-0.8531906114275312,0.46132771601176986,-0.4770917950745642,-0.4763358915239993,-0.38492658099662563,-0.04465853843276803,-0.09057769119906214,-0.2113888288174344,0.6285251633228514,0.30031840417198646,-0.29481488790963556,-0.45331659241941824,-0.06024441257500002,0.6685617641438979,-0.8119972738328224,-0.459176906753337,-0.7214658528655852,0.7981162927708692,-0.8175765228339225,-0.7009326980101327,-0.8618265238525001
186529.6519202,-0.38723567284901206,0.5816261331675887,0.5419207719677733,-0.1488298236167021,-2.3660787700435875,2.2964488581064746,2.428787979455749,2.11858536072508,0.8332824088770285,-0.6750421655404564,-0.7793260233497455,-1.0424725560598496,0.1789827278050163,-0.05019322637014151,-0.3469760351036484,-0.09749127316982034,-0.12868131548916556,-0.07193725180993013,-0.1842948878453692,0.8461222624972168,0.1981469245710344,-0.15978783015202927,-0.4442149793806543,0.12423022316953382,0.6455179868550678,-0.7965682579431945,-0.3744154289754013,-0.7558906412704756,1.0260657102736492,-1.1245462594583113,-0.8414813967687045,-1.044253552274984
186530.2131123,0.22808984796503387,-0.22356197298296693,-0.0935793935549548,-0.4312682450935158,-2.580050213225196,2.5756006537255143,2.5852114730540947,2.485090365649094,0.6795635963269395,-0.6083704132792752,-0.6439312309416894,-0.8211903861395042,0.3351359504833618,-0.2854218061673141,-0.4044955650241488,-0.29594054080690957,0.18106890521604685,-0.3338850780722638,-0.31555957177279736,0.27088847030116503,0.24201172117230904,-0.21574164453223835,-0.41052213733239085,-0.018600145175404887,0.134619323453609,-0.0709676382645452,-0.038857967009000266,-0.37558744711065,0.7795608686078908,-0.8376521004269099,-0.6782656074191137,-0.813392071624275
186530.8015777,-0.10830672134168118,0.17488821550449005,0.39652149847109175,-0.400116258561187,-2.039260948710176,1.8041586110585108,2.131908395921889,1.7816421309898394,1.0099731026932388,-0.7319117088457279,-0.9629020344309192,-1.232276911748276,0.7752359240038861,-0.9038041024040383,-0.7308293763989386,-0.4843647153219154,0.07332699866930179,-0.5075447323331581,-0.29616234670116015,0.8465127725544463,-0.3499871219609669,0.5492068925337773,-0.2574039327918539,0.822636415849844,-0.6491514718816931,0.9755208509894658,0.7657889081641013,-0.1060329452525881,1.2881702385280396,-1.360514026503321,-1.0469211122342095,-1.2280004885101643
186531.252508,-0.0017230867110539388,0.05359544885328003,0.14897234117530705,-0.34343805561418944,-2.024424351451132,1.73517641293956,2.076914640432251,2.2272538627449423,0.8282592808519358,-0.673106272240573,-0.8121839138448451,-1.0444731145292838,0.6372932247195668,-0.6592526206063232,-0.6495717623687358,-0.4913035420972181,0.2669386972055745,-0.4993044382565891,-0.4061004579741153,0.44587482354463503,0.5343618896298203,-0.5717436521058245,-0.6315294806285319,-0.2307802585261615,-1.2212112382011346,1.5983482304270376,1.1321132740326039,0.48604749808938885,0.9805055839564154,-0.9837131090105676,-0.8586146408239335,-1.0491812136121133
186532.0018201,0.19651705345891937,-0.1815531290649665,-0.03857921804368155,-0.5054579337597844,-1.2240084759830856,0.8468947484682311,1.3887809869547192,1.7007626260799242,0.7698910562054533,-0.5801310063979709,-0.7859121786103224,-1.11231718156247,0.6635561999895679,-0.6489821102428587,-0.6749487394800343,-0.5710728419578575,0.2692268935868703,-0.444372687692047,-0.3988259937332373,0.48384907076582173,0.4840902329889108,-0.47687175221063555,-0.6024550707351319,-0.197299040922744,-2.0715080994938426,2.3180345570383567,1.9445603012115356,1.324532331904397,0.9122351392472002,-0.8330186198981083,-0.8326200875638475,-1.1229970305472867
186532.6189656,0.258460709978729,-0.2757338625672899,0.016735590986208398,-0.6740724354741413,0.21798023165387,-0.4091214080563184,0.023088668085659514,-0.04952746596386933,0.8565834538961286,-0.6267382244692922,-0.845974426292725,-1.3681885561890474,-0.25286838266303047,0.32931433553085,-0.08034018656849963,0.6019491792487007,0.2396729414115193,-0.47262956318051985,-0.3328725682759842,0.7053959729821943,0.11072586289153592,-0.13395047573700822,-0.3918280812682333,0.5284440104863036,-2.4466147774333753,2.4902750471901216,2.495973852996555,1.6278806880292787,1.0160599602645954,-0.9014158487105441,-0.8847828496629802,-1.3718813931194198
186533.0823171,0.662253545321164,-0.6584484868349466,-0.420758867168357,-0.9250740938381189,-0.18925405017278663,-0.04871867381402857,0.4471687461395248,0.3584142766132188,0.8160902365810102,-0.6101795113554415,-0.8093743322955859,-1.197427445492381,0.3459242225607423,-0.2955812283964102,-0.4467560031404623,-0.22949332105678039,0.32448807982151745,-0.5128354304414462,-0.37471743245124034,0.3564354959431756,-0.592800654968607,0.5616580188739021,0.027053305095039,1.499654883887397,-2.318785623136967,2.410351178983426,2.4292879541498116,1.3225023838998557,0.9520842439939265,-0.8462458670150554,-0.8519033703287298,-1.185012179956368
186533.7527746,0.5335258948347276,-0.549764755930319,-0.14962582015158146,-0.7584459717594476,-0.05958962441411126,-0.20319169087490813,0.4434734187734675,0.11595240761747419,0.991188746412052,-0.7080924282611979,-1.0621494445038608,-1.1456856098063244,0.42503920505333964,-0.377356854047156,-0.5833132752907595,-0.21688485267299065,0.0874679123339241,-0.4094695132544181,-0.2070525497467224,0.6645588768287691,-1.42499474204285,1.3998680741173333,0.5167277480856298,2.0267028670831237,-1.7524150759368833,1.9283015568885464,2.1732153874658553,0.45285450852862275,1.1997776837597964,-1.080294388637881,-1.1312754646320287,-1.139052225819227
186534.1850001,-0.19802084758853367,0.19784836114221904,0.6513993244016244,-0.37165649797385636,0.0593781779265084,-0.2894371759489825,0.28461577063443255,0.018585486961095153,1.0435698523328996,-0.7990189657605807,-1.1023669059226935,-1.1390602225857094,0.671340229787571,-0.639441932951219,-0.7829054007582877,-0.40583298612298047,0.29809449869574584,-0.5709431340353429,-0.3890505365363741,0.4245881426162843,-1.4690101263260626,1.424343122431923,0.5291944308187843,2.172134919166652,-1.6324521194762345,1.7953952170627008,1.9710463451633715,0.44333435653739994,1.227100334648098,-1.118745491940716,-1.1619330278008568,-1.142093198598885
186534.7177642,-0.796618483410785,0.7977238498304217,1.2984409209646066,-0.030095990001091647,0.26447520598809215,-0.44570957556080165,0.016103233611957802,-0.14986249000717028,1.026027234295172,-0.8174456963663579,-1.0691244070377683,-1.0916486666343943,0.7002412184479362,-0.673575828355842,-0.7892630573001171,-0.4420347439946172,0.48019344036174366,-0.7044646648647768,-0.5254977536487246,0.16715659267039498,-1.4828157954067007,1.4144976036810104,0.54043811545732,2.28582206369501,-1.381192408281207,1.5286359974125532,1.6500448990805272,0.35947861167301265,1.189689588005759,-1.099661685776206,-1.1211419511278011,-1.0988153774011447
186535.3559484,-1.1381615252047608,1.150198341105327,1.7762509572876388,0.1114365482020496,0.5267186518587436,-0.668614561547403,-0.27655819066771203,-0.3816869669080858,1.0788007435995266,-0.9177107816833603,-1.1025759642748845,-1.0620492675638808,0.07828442930321977,-0.035524881146688156,-0.36875611309298484,0.17591119341958605,0.6773000540243889,-0.8637200167180519,-0.6708276509580559,-0.142549110130652,-1.6467614974597085,1.5727871724934395,0.7039804408961805,2.3522635876155493,-0.7873016624874604,0.9153833861343862,1.0803920180998194,0.009430055082062802,1.2111208063660532,-1.1527986586376495,-1.1419054972900018,-1.062756039716629
186535.8229875,0.22918302022958204,-0.2308458126500218,0.1626520502624755,-0.46689129677627833,0.07756401562373738,-0.2327466382702563,0.3199859598523823,-0.09350474177692085,0.831914515239547,-0.6888299840433573,-1.0949506812720264,-0.7801445199094795,0.4540709058693719,-0.44248374396259504,-0.6568385462842332,-0.279763735408903,0.49224946328384966,-0.6555483150702516,-0.5912306391391381,-0.10660335494837414,-2.319540080945619,2.2801704815913295,1.6779333900913649,2.5436232781514247,-0.7173203241263155,0.8775819381017111,1.327982409695708,-0.03992851708758011,0.951878484825851,-0.9072979256965596,-1.1455339432065335,-0.7767871122438889
186536.4046397,0.07325521674685904,-0.06965593309416906,0.4759056658878616,-0.4086334820118401,0.14097563262533266,-0.27636385297944954,0.21030961590997319,-0.14121743096908373,0.7771276704545441,-0.6203820423608453,-1.0858216540916645,-0.7493579170814109,0.4612289281069352,-0.46358830728734146,-0.7295063890869953,-0.25018987812458027,0.4131011879879927,-0.5989372266543677,-0.4953200585114821,-0.04679911232224148,-2.4603271290938973,2.448388388274675,1.9445528049230847,2.565295532307122,-0.31808320769193377,0.4527186538474099,0.8248840293742877,-0.2233616250991874,0.9127217008641674,-0.8721796797459119,-1.145004014405064,-0.7457360866987782
186536.9498514,-0.5344199259290002,0.5596449595853027,1.2814240503230654,-0.2013673636332926,0.13680956434069044,-0.29651301659951024,0.18742011623042804,-0.11148167979487608,0.925835001125329,-0.7506968493353909,-1.127209150539354,-0.8662766492530894,0.598547311717455,-0.6109585738605764,-0.8291118264294874,-0.2796503297410898,0.542018555265874,-0.7453457152257112,-0.5987531510409642,-0.06643453086318407,-2.1613172223829,2.1079832958014753,1.285831352149173,2.519068891477895,-0.5885664508505498,0.7701761436292741,0.980248204904478,-0.12653434268245756,1.0810931667131045,-1.0342902439948631,-1.179849595597339,-0.8673239955099064
186537.5183809,-0.9823669463660237,1.0123289280034353,1.7083746606288572,0.005675001873038209,0.24557966859002262,-0.3878610479888049,0.011070373611948625,-0.1810894934621995,0.9529606395087267,-0.8008894626823304,-1.0559335251701125,-0.8910899819352184,0.6081435380550708,-0.6162036201170803,-0.7773020898174436,-0.2872504509598287,0.6355964022005304,-0.8084581231302603,-0.6509819224788552,-0.16607468882391396,-1.92844094214859,1.8457381985699244,0.9851997009075004,2.5010776993377823,-0.6213198804101766,0.8032375474060374,0.875547358119497,-0.08675163205547626,1.0898475205704563,-1.047892420060921,-1.0959745558013916,-0.894496453974184
186538.0024676,-0.811531615780378,0.8366807202354545,1.603646173230662,-0.149131643866602,0.301303857233396,-0.455811222018223,0.00930143522539119,-0.244012324883302,1.0998300242666237,-0.9468797824885118,-1.1922832212858716,-0.994479508130737,-0.10721942140313599,0.11851724092026593,-0.3181820738994685,0.4433813620808076,0.7738427811313294,-0.9556172710834883,-0.7677659258983324,-0.2768111541720662,-1.8769230423638474,1.7761268454047452,0.9798261535792713,2.375885721081048,-0.6157195765653695,0.8244744834870591,0.9166144332263853,-0.1624675287213922,1.2364169934813865,-1.1974910144573008,-1.2311569741780373,-0.9923649233877564
186538.551024,-0.09258262255398969,0.09501204438200114,0.8042338304113824,-0.4210693452321958,0.1620636540768355,-0.31375989237775376,0.21398752216240158,-0.16780932751934746,0.9697555509345227,-0.817237573738837,-1.2262152879713437,-0.8842580339257669,-0.18335819792954985,0.19307449526111178,-0.251143298795528,0.4449110392085846,0.7191258211702041,-0.9032529405360756,-0.7853294686124531,-0.2855813770961082,-2.243427561241922,2.181862328755978,1.6433470243698711,2.430690902926377,-0.44604908389049114,0.6528018926231486,0.8831160329449844,-0.24130412972770393,1.1144724394343954,-1.0885003543695735,-1.2819963545093147,-0.8755797286338395
186539.0031766,0.12248064383517754,-0.1278660637318759,0.4173807240536611,-0.4668826794934602,-0.05688573937363254,-0.08535541213310356,0.4911136273806514,-0.027397432955067132,0.8338206471897998,-0.6809204003069066,-1.1058093949272658,-0.7917203415430395,0.3066776583478661,-0.32982406958479643,-0.6436222621713173,-0.010057515506096166,0.5870494853154504,-0.7685884868802717,-0.6515177039111175,-0.20412883797265446,-2.4026880552816596,2.3646239270342084,1.906571233681748,2.5370864704381324,-0.36198990317520274,0.5730883594631343,0.7422314619891979,-0.2554946119867204,0.9715352631422063,-0.9451578538603885,-1.1563476860955582,-0.7814050509810939
186540.3379082,-0.8679052270091728,0.8769336265359365,1.5581362954356004,-0.13943891232257494,-0.1321442820620339,-0.057637891581692004,0.44298332562409637,0.10815212991695719,1.0675812842971277,-0.877647181524372,-1.1327930762218978,-1.0311066316179396,0.4560155655844302,-0.49602403133495987,-0.7471669587671186,0.06135268751431665,0.7993316666026223,-0.9930497726999208,-0.7488826421744342,-0.26496029158864337,-1.7810853038148722,1.6623145065399623,0.9097189611389404,2.4039644473390207,-0.7622156535176096,1.0505544092450743,0.8852388123231238,-0.11887869021441314,1.220421949919517,-1.1654436651800284,-1.1672347173583104,-1.019084739026723
186540.8005196,-2.2195283260166354,2.1606203903356858,2.3662597246345167,1.3123734659419415,0.029280902077793984,-0.17235958823277234,0.08458771008954229,0.22155358260480723,0.9288742572695646,-0.7776774927117854,-0.8248626614722334,-1.5354784180263077,0.32617369793959744,-0.3499845389523886,-0.5426386806102271,0.5028853660146696,0.6846170492849026,-0.8171159508546315,-0.5776083974849906,-0.24457831854374137,-0.020121435726216493,-0.06833760510060433,-0.237191609723054,1.114448499036131,-0.7584865104971831,0.9876409220532953,0.5703030235528231,0.14388202040450643,1.0291903656681702,-0.9627861365367982,-0.8388491089863771,-1.5150861974320067
186541.3011288,-2.4974411757894392,2.4955743971929607,2.5978513309839113,1.5962008446137546,0.39056163268589517,-0.4445163675583047,-0.275083328858598,-0.40836335593917084,0.7361364510646659,-0.6680047005859219,-0.6308148280573521,-1.093993332152018,-0.2620870430180187,0.2353728153396089,-0.20197509315631368,1.572880383643282,0.5904455284347055,-0.6696269408833112,-0.49103462002430703,-0.4193446309189951,0.19355048870064523,-0.23286218605405454,-0.29378581321364083,0.2779853221184574,0.06852711934280012,0.03824799819532667,-0.0690937425783317,-0.4479503343588629,0.7803069985787408,-0.7541850156463044,-0.6360639050953678,-1.0774148970064465
186542.5002279,-2.15114489648479,2.12942153477102,2.4203510790470606,0.6526641154178714,0.04173585763529219,-0.17903293427281666,0.13033309951697464,0.008246082720338848,1.1323775530178906,-1.0040695263712922,-0.9208652865902648,-1.3888344458145738,-0.41970582633603415,0.3910495387798735,-0.28330174340792535,1.7364827939735978,0.5890415997349051,-0.7892064953190384,-0.4882700238106516,0.03791777128385087,-0.09477101498399751,0.03835122281874323,-0.17395303915068136,0.7552330405512834,-0.3067993535041514,0.5658472590011421,0.24686259620317538,-0.4345742192526709,1.2092660809208906,-1.1523605994076322,-0.931156681807688,-1.3671351388796977
186543.0008605,-2.295069760033771,2.3102084219358274,2.4454822046883007,0.9776267195735552,-0.26667852286145993,0.12835592142328475,0.3265819795220348,0.46559008539967434,1.0007322032469492,-0.8927798187474439,-0.82306879135594,-1.4177045653773819,0.06561566909629322,-0.10354144782262452,-0.47124942225733546,1.1109310241059716,0.692641499488059,-0.8349081926212422,-0.5587335007394244,-0.29735064534038935,-0.19922835855758997,0.1330667500677261,-0.10865941210213972,1.1185787560975338,-0.06218199208910116,0.28164633843461456,0.01974505925855753,-0.5741484935383059,1.0641692617106187,-1.0220479726701415,-0.830098117014054,-1.3835228809206592
186543.6339307,-2.5494017647320404,2.551555754086767,2.5934396042867616,1.9197215564719268,0.10748914427808863,-0.17540965939810962,-0.052783859395255296,0.027531740980146897,0.7218363241745565,-0.6650939078235829,-0.6197904021679665,-1.1791185747495387,0.19014260412789602,-0.2201138058566784,-0.42429346295041404,0.7611942995616213,0.5878617559333311,-0.6543051596761111,-0.496567860945964,-0.4928380737922411,0.060408262460083406,-0.09849892594561956,-0.22656797796884567,0.674765005275305,0.12946483640662512,-0.010071122632062156,-0.15208484505998088,-0.5541498475590368,0.7521988373514606,-0.7280631727546035,-0.6213511957983358,-1.1571061061881838
186544.2678931,-2.0653172382424776,2.079720178468926,2.4512341589051485,0.39036920187027946,0.20756818635602609,-0.30425609644543244,-0.012696698653124072,-0.2188695255171121,1.0854447584641018,-0.9819650214855122,-0.8733004372663766,-1.168949432619447,-0.48075589413344333,0.42520881784584275,-0.30658316088833554,1.723527806785406,0.7805258037277051,-0.9335793757420859,-0.590408438435416,-0.3812680683768491,-0.610971226856073,0.523450050385638,0.14357480663874306,1.3192679202182627,-0.05514124953168173,0.2902120987846029,0.06095234390489441,-0.5219532191608213,1.1386468602158393,-1.0987906518119785,-0.872772574205534,-1.1421246831997187
186544.8004572,-1.3900264434497362,1.4526367611479603,2.233734252062307,-0.08536190903555384,0.3233357010137364,-0.4081731543956206,-0.06392024562296023,-0.33315426995103753,1.1315365293541997,-1.0446490575187253,-1.0107623343651777,-0.9746211528436556,-0.9089563935497289,0.8493413860017667,-0.1342188984339724,1.732366582343588,0.832144458496055,-1.0050237414146725,-0.674007948649683,-0.4098904411355047,-1.3197810881280876,1.2393158664251283,0.7006688970777303,1.5915882873976241,0.1483593684301415,0.08183923276092217,-0.04167706124000582,-0.5694555085836149,1.1833878678334135,-1.1652872930067584,-1.0098166608282382,-0.9514715881918462
186545.3167136,-1.8464771591605036,1.9072286375629335,2.442810193976393,0.19211053388402533,0.3527729454631492,-0.40898206845781415,-0.15040083138677493,-0.37208307288382186,0.9926397034351271,-0.9262898415071358,-0.8133554501270038,-0.9550646668870407,-0.7932413572252348,0.774433440757844,-0.1557252973470506,1.7682385161872884,0.7736951927570733,-0.8904468970705024,-0.5936683623098947,-0.4780870847814959,-0.984045181229578,0.8983178320538729,0.4327493115096874,1.4807712158052788,0.476135852092915,-0.3450383993991405,-0.34780769454482274,-0.7027895209253171,1.0285200038670599,-1.009222703940057,-0.8146018697705335,-0.9330959203989164
186545.8166112,-1.6171001132113032,1.6995650169998113,2.3012376616072032,0.04856556440157226,0.17623952238411195,-0.23648202905584206,0.01894610736754241,-0.24488229601876815,1.0145534101629885,-0.9447605506683273,-0.8698377880846058,-0.9506237583606976,-0.4350165430162307,0.39968388710284963,-0.32059180376315405,1.2677896532657653,0.769357295245041,-0.9092108098675706,-0.6108799034895575,-0.43755145517937355,-1.4738250644007507,1.4003849620655155,0.7474981251018142,1.9641504255675963,0.5132233784333339,-0.3709750792546966,-0.397843727709952,-0.7229345202570513,1.0525681144028174,-1.0382053973217393,-0.8685286710292914,-0.924513613419044
186546.3504932,-1.9573476270520134,2.0396423322402617,2.295976038774089,0.39722384348019385,-0.5492171009992256,0.4389988996123815,0.6254653104652311,0.4678441393393101,1.0069477430614249,-0.9380718194313202,-0.8370678333797051,-1.1131936264206492,0.1864050459637571,-0.22542474650170616,-0.5457294431562925,0.6463728774020704,0.782730432104566,-0.8986764037710858,-0.6276129819230155,-0.4995975280845957,-0.9604989622046061,0.8896944246111774,0.3130822943682824,1.9779181132920198,0.4524683249469311,-0.2896682603013407,-0.3911057658982273,-0.7902535236262827,1.0385121441791634,-1.0164944264583682,-0.8330076192503622,-1.0863142953820666
186546.9170227,-0.877593359202954,0.9864502214984822,1.3923188260478458,-0.3025694448025751,-1.5775317329887042,1.4686639434678008,1.7518974609754785,1.0315639884317327,1.14892385168242,-1.0960015078404393,-0.9903628078461875,-1.097631760456631,-0.19598388674586284,0.17076361682340868,-0.4946511572391515,1.129808221458096,0.8740285406661231,-1.079459657525276,-0.7015176514395115,-0.46964381013134676,-1.003583423016989,0.979485731873172,0.4066868488759657,1.5506598820626551,0.441440759056964,-0.21865144130383637,-0.3834138696377409,-0.7776930863184675,1.1902992505489995,-1.2112509069933115,-0.9809576497366986,-1.064493990243462
186547.4056812,-1.1744110185217755,1.297567113620332,1.695171129972692,-0.18814407823243653,-1.3708835294383268,1.2495122198144215,1.5389661674856447,0.8494577424057214,1.1492188005148978,-1.0999784847113325,-0.9687532579810245,-1.0586654564714988,-0.642407997555972,0.6190334792666955,-0.283860493448575,1.7125765414308969,0.9456758218809778,-1.1118882925378528,-0.7479865428814483,-0.5734898519698183,-0.6396067136984576,0.6008107845702203,0.1934971741673693,1.081764257110836,0.5468208156587969,-0.35591623501108743,-0.4647400554555302,-0.7941628227504642,1.1855938211598578,-1.1991405850113968,-0.9622941218591279,-1.0293363315232362
186547.8997559,-2.295293829458241,2.349029300973663,2.449417780586617,0.8512767376863086,-0.42722470981477934,0.3166052046618095,0.4501159640253831,0.5737518891939446,0.8939105047031821,-0.8235707851466284,-0.7385998211428099,-1.216164485001317,0.1152703812433226,-0.16045497332144226,-0.44516225180689106,0.9690901620753203,0.7411472710742997,-0.829450401524437,-0.5920116873520194,-0.5776249403347021,-0.38286199694688994,0.3237647615635796,0.012681051860964415,1.437950556119033,0.429760199953766,-0.2768356269376377,-0.39842465908872743,-0.8621367758786964,0.925292179245334,-0.8990874802689064,-0.7380163770825172,-1.1761431438598906
186548.5167294,-0.9479659496494377,1.0099283787686948,1.569259190102468,-0.2985714053790101,-1.1137855847452922,1.0026935809389281,1.3130436539629355,0.6832089458833625,1.1459075100816254,-1.0389465176021417,-1.055058989180009,-1.0818856543948032,0.24201597215504092,-0.3424095283462979,-0.671190863852691,0.5868735505337859,0.7898482511682979,-1.0371123835361054,-0.661051322281949,-0.25647042759711636,-1.5307406465467848,1.48126136922935,0.8029131841990741,2.0812122313033607,0.19676139989766292,0.14420169302092017,-0.24538252890790327,-0.6804994820878277,1.2179590476388897,-1.2196165924733484,-1.052532324041926,-1.0338677582617517
186549.0162022,-0.5944657742224545,0.6387866829008109,1.1525874342163416,-0.39520979579992627,-1.4708925241578092,1.3523734909071912,1.715988304112828,0.9607067208917579,1.0823288956200023,-0.9927782574495886,-1.0248678362088983,-1.0293492349095892,0.46405213597525324,-0.5673702070327833,-0.7534547391950981,0.23902870827170425,0.7580350325708529,-0.9840299743983635,-0.6579079081645465,-0.27081345461326606,-1.4845220495353468,1.4484007566926032,0.7770979354114989,2.093547169255717,0.10201535932956698,0.25533266875313393,-0.19193969810511466,-0.6102499942365026,1.1434489244199308,-1.1507151603730021,-1.0175034920670107,-0.987660118859895
186549.4996124,-0.2833455446654786,0.3086728813791274,0.7572097558204629,-0.47487299132104394,-1.7632201204067037,1.6616527324512935,2.0257768081069334,1.208375284385313,1.0090175472102976,-0.9446672788673186,-0.9622775539079846,-0.9727169193476247,0.508017349750282,-0.601268568984792,-0.7280791815957208,0.08049351171754299,0.7484326604431275,-0.9424155431046369,-0.659253490866623,-0.34012108299333,-1.3588047621328803,1.3333093571083503,0.700288717885215,2.00924419019663,0.08088039405795706,0.2600057718612773,-0.1800724978476142,-0.5704501546837896,1.0590224757433935,-1.0752893518433007,-0.9535925575946697,-0.9399518379536984
186550.1322761,-1.2204821234143566,1.3413305544669276,1.7922241638347678,-0.1862707479830678,-0.9710151440946881,0.9149082031074042,1.1147667464852418,0.5630174052478706,1.0920287707104348,-1.0134682166646896,-1.0076147791562617,-1.001250567953177,0.9094467497594838,-0.9613801269544461,-0.9279389054367098,-0.4939477424033092,-0.052041737830628605,-0.2857376280388329,-0.06283822008573016,0.819475148054774,-1.4083684682930269,1.4053774359227458,0.621124630273495,2.0448209162539386,0.5091781238734677,-0.26794651629180644,-0.5313047128137706,-0.761098491969503,1.1412538292893215,-1.1330837055473029,-0.9984189231010318,-0.9847459192475264
186550.6156905,-1.2720544289511133,1.3428990151474545,1.8643590239386207,-0.13295366835223543,-1.338887216107162,1.4016463709013547,1.1601713925853547,1.045000600718036,0.798398488571409,-0.583071719239495,-0.8202558747313388,-0.9180751900572163,-0.2655502249665272,0.1515569305416741,-0.3690733736381041,1.3162414030476273,1.1181746931290593,-1.2242977900522636,-0.8994220083087054,-0.8712291359356616,-0.9009415117466677,0.7359031810331477,0.5873315137625101,1.3778731181349533,0.7207984114111556,-0.6259958525636266,-0.5953001167254295,-0.849759436809252,1.1400617886598536,-1.198640135768247,-0.9278105568829071,-0.9670976907462513
186551.2509859,-1.9393608427281028,2.009111539321495,2.277652529892535,0.28455554587262183,-0.9971964722013158,0.9753558914652899,0.9057399376634643,0.7808765030107937,0.7300585247131732,-0.6166104061449937,-0.6531140115185532,-0.818696991007566,-0.5633066849639724,0.4571048856411275,-0.2538808640150746,2.1014756653221522,0.907917972477574,-0.9254130077318536,-0.7098110543568582,-0.8395375345679204,0.0960767353150071,-0.14259301379506767,-0.17755028891716282,0.20851614849026234,0.8547164695335874,-0.8408651930414233,-0.6738538425040654,-0.8507388604143729,0.9110942978540589,-0.9160906957145742,-0.7151824062442849,-0.8664504767059699
186552.1577962,-2.483348043613157,2.5029785919272163,2.56231285839037,1.3330814199400915,-0.3346542117680707,0.31549229775315735,0.247580331217308,0.622071156764592,0.5709967420792962,-0.5051322581755064,-0.5188456429411218,-0.8593657487106763,-0.035888461132824866,-0.02914259189900997,-0.3398674285797211,1.6451339085514687,0.6645318137653614,-0.6639764166996791,-0.5467124008804634,-0.8777801093309815,0.31027082325151656,-0.3347452010946748,-0.32205176453619183,-0.0652814827562288,0.6430501482656359,-0.6283564364944886,-0.5333916633128819,-0.8945710962848916,0.6650411891522459,-0.6571179853170142,-0.5490242893572976,-0.903288048173374
186552.7346174,-2.367132572839166,2.3964649119406007,2.496986500803678,0.9567079428006342,-0.5819578126023358,0.5627102909169668,0.4616688378806246,0.8037688656472768,0.6279414911210375,-0.5534021076109947,-0.5603232277580671,-0.8736390632635785,-0.12295405635300792,0.04433198310838734,-0.3392794308689793,1.7963858427300123,0.7317718345321566,-0.7330871795322976,-0.5903963431919211,-0.8858435479138054,0.27018316500225953,-0.2995530890484035,-0.29774403411608585,0.026350629013273844,0.7111756485017936,-0.6956609192828229,-0.5780236253144002,-0.9098293584891821,0.7309723026372614,-0.721803890491437,-0.5928886774348491,-0.9139013105246309
186553.7556221,-1.6369861602788087,1.714717559016423,2.125923833614866,0.04600825641482388,-1.191285418062431,1.2119086405159019,1.1503456683874738,0.6894583709626753,0.7657181553108021,-0.666320497398632,-0.6880195561565434,-0.733960195774021,-0.8946174554638728,0.7581553043710672,-0.1419848058821089,2.296729870005551,0.9171727456093899,-0.9399164171294241,-0.7355387987669453,-0.7400005281745777,0.24340927356114403,-0.28587468392274584,-0.2572670710668709,-0.03506157134319916,0.8902013984971205,-0.8854086544266172,-0.7181708143183746,-0.7631378835796198,0.9063874608266426,-0.9072612510259735,-0.7352884558114962,-0.7600363185116334
186554.2520995,-1.1284822432545598,1.1998299032551076,1.7709756280316529,-0.1939661750796866,-1.4557930980166431,1.5257472849844926,1.5239249670342436,0.6886449142602213,0.7875877083555127,-0.6547233405425478,-0.7531982381384739,-0.7335164393763898,-1.0677949608033397,0.9142339253726364,-0.0991595621776542,2.281508685188681,1.0024624625104948,-1.0540721713343666,-0.823756303566255,-0.7364907101101235,-0.0556140180693434,-0.003914815899113855,-0.015478298161289736,0.2144986515013518,0.9626597800526516,-0.9696706508171231,-0.7968996892819751,-0.769188796867388,0.9549743692252296,-0.9574301350190848,-0.8064085037402493,-0.7514901295166663
186554.7460166,-0.9188895813289479,0.9336323955932679,1.3516025263154101,-0.1859813182702976,-2.1258106706024926,2.1569471316423994,1.9720091035048843,1.791207336853384,0.6992158708345177,-0.5565379963015002,-0.7013342884511261,-0.8675109979632792,0.006609763716635018,-0.12729529032948833,-0.4810658713497683,1.2041581872504874,0.9371923781850687,-0.9972602777814076,-0.7714001240078128,-0.8625631984604831,-0.15797083633467976,0.06974439670702796,0.015518353613456467,0.6089381433090415,0.8983195970743796,-0.9077184488295791,-0.7482903424717149,-0.9292801326709806,0.6613334784555289,-0.5715119107007209,-0.6370393571533292,-0.7589680200478727
186554.9704046,-1.027489512971454,1.0437120252714236,1.394795770778129,-0.05080039042844271,-2.1706135248253773,2.1733639106968816,1.9883702219547548,2.1061718820675166,0.6988080107666705,-0.6067715733959075,-0.6798271491120043,-0.8505358146683636,0.1692728864643155,-0.26819964857751766,-0.5153279217956471,0.9115043293799031,0.8662548835844388,-0.9181934820755292,-0.7273498370317562,-0.844772886314313,0.1291994354346655,-0.20160376494063567,-0.20510570798949349,0.26956570118287254,0.8377107689423173,-0.852307839535208,-0.71109938311705,-0.8997095985505242,0.49685705260441704,-0.36999962744350684,-0.544455993686933,-0.6414232226686483
186555.69041,-0.35829729275774874,0.3284268120226701,0.7296096375091159,-0.36722285976017927,-2.4153486586709247,2.3775878188651083,2.3708023105821785,2.1414765484569984,0.7305353259244954,-0.6720875277726914,-0.6843935835998921,-0.8384706982038869,0.09186198358615519,-0.2122198063421158,-0.4731639759193603,1.004703946769535,0.8637615483956356,-0.9195593378043747,-0.7226304725164173,-0.8286482100590449,0.2159375842101692,-0.2993865114722179,-0.236698572133205,0.09017835389281395,0.8376958254240572,-0.8606618521839253,-0.7071755205606444,-0.8744586348149067,0.033853683888162615,0.2579004046875481,-0.2763498233617759,-0.32755844628132885
186556.2147553,-0.1823778536643378,0.14140337639733935,0.5487068993402752,-0.4503599606324616,-2.419618171133047,2.3515944118834122,2.432615969473048,2.0732599299890486,0.7587874976366861,-0.7169466133444842,-0.6902201576176086,-0.8446333285293787,0.022853711474072107,-0.15292336152270794,-0.4405105416972238,1.132428476693965,0.8627829936126343,-0.9099936990893334,-0.7193168567037371,-0.8330560098747755,0.2540514800354039,-0.33324039722021154,-0.25580995944269896,0.013750595561931303,0.841402071448205,-0.8612565834135235,-0.7067787807222368,-0.8722161506564081,-0.1378817294096151,0.4813628663095073,-0.16868657262981732,-0.21917355255192073
186556.8316148,-0.5298682009672343,0.47609823093513903,1.0421345376460762,-0.4066644593109422,-2.1862207216727265,2.1403318873920285,2.1640084419235857,1.5676658447568277,0.8895500756734162,-0.815485178971856,-0.7929512407809322,-0.9172661627345406,-0.19333820846275085,0.007950568769673386,-0.434023124324711,1.6332755397992869,1.0407538488759331,-1.0997289971775266,-0.8322664699191217,-0.896234216768358,0.07594573922863161,-0.1823821848784946,-0.11566713213616457,0.2673918457079133,1.00575411861155,-1.0202979055007024,-0.8123548801623749,-0.9514870647921263,-0.10257665128681302,0.4935135794317378,-0.2188801322463578,-0.2966813266580601
186557.1483081,-1.1460050345827044,1.0866416368228262,1.6249659394042995,-0.14508417225629805,-1.9704668323571426,1.972978343189508,1.7433061960620702,1.7597207292584536,0.8525587013457709,-0.759702003172059,-0.7698338032466099,-0.9888781316853186,0.16112744233824672,-0.31511275321078774,-0.5602138237993226,1.1987006641312135,1.0306580411387105,-1.1000115577977838,-0.8110418735758879,-0.9516683835156476,-0.03199973818396022,-0.0758966960781175,-0.08103623687644405,0.568513039954014,0.986969372472016,-0.9990829692308051,-0.7883683619374801,-1.0368893341417464,0.11715804782906825,0.1901859994772198,-0.3577780360306252,-0.40441441174467174
186558.4315182,-1.7781201533026119,1.7884742545027075,2.090953540441956,0.2250014657445309,-1.5300964546024303,1.5599886438518422,1.2715295734365082,1.4793355785344169,0.7206697745550749,-0.6118853174317219,-0.6630216812627535,-0.8995289317156931,-0.054284709346933926,-0.06933893444542251,-0.4389444493359118,1.6612011954735006,0.8716531198920162,-0.9196081927342378,-0.689043953041586,-0.8406647339565503,0.2648849419801718,-0.3215362674967688,-0.2942708080201743,0.08694016992402796,0.8297323447559172,-0.819458157005566,-0.6690660111331206,-0.9334843571053387,0.6755611360687858,-0.6066360292408337,-0.608136211084918,-0.778800386898894
186558.9684526,-2.1052709793178592,2.066817479947424,2.3630590663845266,0.5148601923025807,-1.1526810090200583,1.219891654574229,0.8167937478810977,1.4489443062222687,0.7410872159099021,-0.6896644551276516,-0.627996866489313,-0.952735206052677,0.043294608992208036,-0.16498937918250134,-0.4324622696542901,1.6268387184814825,0.8128040567355334,-0.8606454387488022,-0.6296229938633631,-0.8529650136646527,0.4555361960783609,-0.5051593305693269,-0.4072689896339083,-0.22633023693857393,0.8189742410159092,-0.8271743106405235,-0.6392254344604837,-0.9887809991548274,0.386255669605997,-0.23907622025284717,-0.4432762601642666,-0.5698317611956
186559.5145429,-1.3472310604841518,1.3406246770568506,1.774953815226647,-0.05626668549848568,-1.861662050180146,1.890534519414731,1.663053411460341,1.438010664284675,0.8129994050235785,-0.75714893387892,-0.7087637755470257,-0.8342801043401287,-0.27889601459595015,0.12415523991276978,-0.377975696783849,1.8907903196641747,0.888193876506278,-0.9457514697484796,-0.7079014306436308,-0.7514146141971823,0.5377983921367102,-0.5895856645026303,-0.47097859184496654,-0.32641049789427473,0.8719556391098097,-0.8727765326618636,-0.7053341638083314,-0.8552812210303421,0.3768418124838715,-0.1900518355924588,-0.4670535680591847,-0.5051478609884362
186560.0377774,-0.856718839868853,0.9037322105449029,1.7165495122230772,-0.2759274209483779,-1.3300016253862077,1.48913795210857,1.6018206226518543,0.3885587240383305,0.790684983632529,-0.7227125920190612,-0.7734614089290753,-0.5992808243538942,-1.601666491485763,1.4130785969749462,0.15096541058245733,2.5179461006592647,0.8799793155678259,-0.9609056927895265,-0.7696948615684209,-0.5424698333453183,0.5604656343905244,-0.6218423140873377,-0.4863258388981097,-0.3360899749993688,0.8315443473835087,-0.8239721789715913,-0.7429853223340507,-0.6085015539662165,0.7257126757664274,-0.6765159817609028,-0.6968681137277317,-0.5442352170844199
186560.6316069,-1.0069278526908363,1.0206770165700705,1.7769979819605874,-0.24356377728705667,-1.5176849481839523,1.6873466912359054,1.5880623700298568,0.5581443594007595,0.7770069087334203,-0.681505364291123,-0.7422264545523162,-0.63285125417267,-1.3018465057127853,1.0832185344083045,0.0017252063580275726,2.4553176639248697,0.8784159881881568,-0.9474716560563425,-0.7365598443755895,-0.5588275359211264,0.5577979858083852,-0.6157391864508995,-0.47016320112146537,-0.33122543004647254,0.7976111740324086,-0.7565456209815996,-0.6898181510487277,-0.6403859005264366,0.8156272498251982,-0.7899804144343155,-0.7280179072503731,-0.6066081253718671
186561.1477697,-1.1651810022017033,1.1950042418897626,1.9282474946357422,-0.1981413313674378,-1.3517255057261321,1.5109226182590076,1.4109491924072368,0.47011176221996176,0.7739708116865555,-0.6954435812743882,-0.7235025732200605,-0.6119493453557826,-1.3406553752079453,1.1357562107313,0.01905403519025041,2.485165262230846,0.8637904546111642,-0.9224029490597133,-0.7228986384455514,-0.5561003401899588,0.6019104050172398,-0.6505160412000964,-0.5090316876327943,-0.37028131106556933,0.780755719940001,-0.7429181565321328,-0.6729455709154762,-0.6167603435846742,0.837134491880818,-0.8304023428137395,-0.7298722520193467,-0.6020443528873859
186561.6315232,-1.7534780508986219,1.7716595869645828,2.2431318448692705,0.025288858428290366,-1.1517187866437522,1.259464275030571,1.0100135757014586,0.5775442182431646,0.7498057469430611,-0.6834453148842697,-0.6488194096574659,-0.6583207244926058,-0.8601025874389144,0.6905236643722145,-0.16589803014152874,2.410463821313847,0.8229865552058515,-0.8586334828340292,-0.6510786592122502,-0.6081667924005718,0.6291205870105508,-0.6607298826931486,-0.5143825708185797,-0.4293772548215204,0.7526663046174588,-0.7158277802975127,-0.6138085348026073,-0.6629446238864836,0.8107202312043661,-0.8030110656584081,-0.6591582159382975,-0.6544875023841209
186562.2306936,-1.2730164503545611,1.3152197677251238,2.084250946813203,-0.1670214124074525,-1.102502299668618,1.2673436260407984,1.179339703259382,0.3136968143171954,0.7588178610133026,-0.6911098373290886,-0.7062447693019992,-0.579221603778208,-1.473459837621797,1.2801922204992797,0.07905116236800018,2.532283469639074,0.849973689942015,-0.9070701221381618,-0.7131858555879448,-0.5408587446781303,0.6347581410194638,-0.6802859932478182,-0.5370055921638763,-0.39534146417861377,0.7642747784537409,-0.733153041063749,-0.6596883725194944,-0.5838446878446719,0.8411541172164466,-0.851136620486384,-0.7265172228672705,-0.579692371069193
186562.9474082,-1.5054150086269218,1.562514667168125,2.3505566388999113,-0.11675663084026822,-0.6375933589967072,0.781913904987161,0.6882478989006292,0.09825127292469016,0.7276725394408897,-0.659064879070276,-0.6636203342924525,-0.5527264637540789,-1.5859379282337502,1.4301693833616387,0.09840088010707118,2.577562911281546,0.8240257909956593,-0.8940344271064095,-0.6681470850024548,-0.5094519903346959,0.6225051706676124,-0.6770128156777531,-0.5065722406887735,-0.3808125751837777,0.7167489887931938,-0.6799243772310392,-0.6016754454946318,-0.5552332441757636,0.8379938059600359,-0.8645614564314464,-0.6971903124292989,-0.5608332799176525
186563.6637532,-1.0166673921800657,1.074818116242503,2.2379863904012,-0.2387552860790899,-0.48719511194023735,0.6457575398332778,0.7326024086393443,-0.027110729817374384,0.7066992413411332,-0.6347669438541119,-0.7393922878332494,-0.5203551328706031,-2.037524429689397,1.915829180882754,0.3774524297287983,2.6094760031267303,0.7942765742602466,-0.898110509478616,-0.7180218757443478,-0.4559499185718517,0.5197216017929955,-0.5775077613402206,-0.4661068820319368,-0.3122537607053514,0.6582061395821317,-0.604979674825118,-0.6171301289509217,-0.5183818422126032,0.8624833768332041,-0.9210399474604669,-0.8073900542088879,-0.5366693328698571
186564.1305338,-0.39115800775481063,0.4107053238667278,1.7550821966474395,-0.3470685898314147,-0.5284629877575291,0.6960696148515715,1.172905316259901,-0.05520897693146027,0.6747309543139314,-0.6001643864062773,-0.8831089164871612,-0.5053156960684326,-2.3197134105161785,2.224069351940157,0.7865664862989659,2.6190574637565063,0.6902264786994697,-0.8239024955970303,-0.7372755214453452,-0.3824605971156753,0.4907262378953157,-0.5540611880046779,-0.5081937895115299,-0.31127304707019937,0.5231235521485725,-0.41234414651994533,-0.5857251180915836,-0.4910516539782809,0.8605271829712199,-0.9403720741305254,-1.0002506536706872,-0.526678902761043
186564.8313208,0.09184863803533354,-0.11838955428910146,0.9608840772244752,-0.43394705035965747,-0.5375281489036755,0.7000386668291488,1.5792785553424393,-0.08163272542656343,0.7110438782963309,-0.6511602888169523,-1.08279211110997,-0.5236821993515662,-2.4161002914065275,2.307008493924127,1.1196115767165846,2.6170082125871255,0.49162419803126256,-0.6783619554671931,-0.48374582026020024,-0.23708170936974862,0.48835589358786663,-0.5544114426530151,-0.5677646209214096,-0.3196229418597043,0.2739434435886306,-0.013818308692121853,-0.2954491795105115,-0.47572494076022104,0.8968123887707868,-0.9909056108348906,-1.2300224774814088,-0.545316645459664
186565.2306015,0.33743300037235807,-0.3989946287297384,0.3004782462046519,-0.5239627853171676,-1.2883616395260362,1.4127157917961253,2.2249092164632387,0.20183970982753063,0.8657569440041515,-0.7799861366583356,-1.0124579859224927,-0.6086701482536166,-1.9192404974030177,1.5974127654226506,0.3973496987536475,2.5584781701490154,0.6096833929410194,-0.803607871754785,-0.5182325849211795,-0.243864327514014,0.46806133543576217,-0.5352819638862685,-0.4297488789905215,-0.26405636702411084,-0.158394719551313,0.6570487788323559,0.1747003234259301,-0.4814529554833311,1.08506218372708,-1.1493067350220054,-1.1369980350132736,-0.6383112963843054
186565.7470549,0.4340813761162764,-0.4867764725540579,-0.017633431899451334,-0.4890831049218767,-1.0385273326501756,1.2528937146461163,2.188153428275152,0.09240915898160579,0.7023547568326011,-0.6629216030153272,-0.8876803124639782,-0.5302215674391182,-2.208815184153619,2.033135463263596,0.8961380158302691,2.5913881395351646,0.683005715214247,-0.8000054960693961,-0.7220202446283812,-0.41500592455740926,0.27405854780955113,-0.32459320296219485,-0.17590001308630726,-0.21487702546020337,0.2998047477328598,-0.0798202107445479,-0.2885160630657925,-0.4839865319338531,0.8540373730982592,-0.9319121925641887,-0.99254137896151,-0.55062314420431
186566.2657016,0.2748367762243195,-0.3096992570930681,0.16814760045648844,-0.6025934028833154,-2.171427993228575,2.3167478818016347,2.456047961149324,0.8849281446887458,0.7324820716481013,-0.6142265027524941,-0.7353383015257672,-0.7092143952936925,-0.9494265439131753,0.6884724321730411,-0.06859376023355834,2.2298018806035715,0.7795229936923893,-0.8242058103017045,-0.6667793480384181,-0.5653077488545953,-0.12611863365022968,0.04694448948860983,0.16348431585999815,0.1907759778892849,0.5277407868293166,-0.37477412699141505,-0.4917471916951337,-0.6776992554249038,0.9323905423978532,-0.9292591063246045,-0.8252212759729333,-0.7506912007250951
186566.8633683,0.028293150560688485,-0.07637262029060209,0.34352923161651827,-0.5850195592359312,-2.4587137211569674,2.5127103292277955,2.4460517519713103,1.83259088881191,0.6422726799440471,-0.5321173604216253,-0.6637145033765075,-0.8079271983682746,0.003974252910583333,-0.12082246781365112,-0.43799617972323857,1.177064662091065,0.6998759459625409,-0.7188490448481241,-0.6254846760829267,-0.6455142409689398,-0.28446934458849743,0.17924539927304503,0.21171079179954097,0.6853702058878077,0.554219012141921,-0.44822766405440456,-0.5402300280254797,-0.7921519248390719,0.8145480242256853,-0.7955665710724336,-0.7338663881792169,-0.8644128333785646
186567.3301996,-0.17529152949633908,0.11327189266451143,0.5630520438408807,-0.47656191673711884,-2.4423340949230394,2.494387962270199,2.3713565702523214,2.049020358671837,0.6303623837412506,-0.5285051896294349,-0.6668086677682818,-0.7954429944652589,0.25487869432373683,-0.32625923892483566,-0.5392335696406833,0.6316852186822498,0.6882641085534598,-0.7032155953253991,-0.6368716363343139,-0.64381796883541,-0.3271174922062833,0.21554738312150748,0.21952418415796607,0.8797263511981906,0.5829128365795707,-0.4946597272247389,-0.5811720160941137,-0.7918164519749763,0.7883250934276472,-0.7705674869518092,-0.7298469084137746,-0.8527925965395139
186567.963264,-0.3552381593531762,0.28161019252672925,0.7959177829268947,-0.4280148050738228,-2.3645159759110257,2.432986682692124,2.254751163551058,1.9275579967599143,0.6653500581918487,-0.5573196513585776,-0.6970904456683593,-0.8232301272925332,0.24918592787010357,-0.3259772852364228,-0.5582329329480191,0.7205894917990386,0.7302451103645611,-0.7443512365196397,-0.6698020368007193,-0.6759632252845464,-0.38996857856003303,0.2702513939910172,0.25957991452812823,0.9905629358499375,0.6331598361200311,-0.543851231087273,-0.6227297955439298,-0.8274207502572664,0.8317817812776914,-0.8133488650079568,-0.7623936500450539,-0.8840815165007211
186568.5799401,-0.8386457832995212,0.7425089009962218,1.3817847197067326,-0.26184058749168515,-1.966605070828896,2.109444029502731,1.7365403651407476,1.524463777383852,0.7313114111191261,-0.6134221596482099,-0.7612356706205338,-0.8408893381836859,0.446672704353771,-0.510344096122591,-0.6737848334121886,0.35700562529152136,0.8069421021192337,-0.8355563262016457,-0.7304631356164006,-0.6786565488426165,-0.8213351245825474,0.6535231101222102,0.575236471185394,1.6612375595599893,0.7170644431242558,-0.6287741178148727,-0.6945826729679325,-0.8533478673647563,0.9245953179945869,-0.9173793408338439,-0.8334952434158193,-0.9079726203526197
186569.0300029,-1.2120425171692542,1.1320748986904638,1.757266836432277,-0.11374695397191294,-1.4968933094747214,1.692682820179243,1.2191827695436825,1.1002620557740512,0.7455549565338074,-0.6344598999396264,-0.7629661833921977,-0.803897453651929,0.5752538584838195,-0.6366579022682427,-0.7165716340398391,0.0810293678091706,0.82401286953822,-0.8734278939208192,-0.7311811584256492,-0.6411705448120301,-1.1280215073788016,0.9525147182455853,0.7748724900695647,2.0690093538108436,0.745065588770593,-0.670933378481292,-0.7061451611808884,-0.8211803093822032,0.9470700606963345,-0.9617933625053128,-0.8344579590069502,-0.8703055155759895
186569.663374,-1.135568818032535,1.0610020227502472,1.6772567296737737,-0.14844712539905766,-1.5470886003151123,1.7350783548792184,1.3011740261180171,1.1007763007708882,0.767558367501374,-0.6671793753195506,-0.7769509788034756,-0.8117085242246469,0.5516930044048354,-0.6131900892678879,-0.7130416635718342,0.12947426105184487,0.8247161133789457,-0.8702778381150504,-0.7374982620005738,-0.6470890566048014,-1.1433189131560513,0.968445596070843,0.7956614653742268,2.061864579872817,0.7371352278907531,-0.6568146617985099,-0.7073229781422704,-0.8177705772457117,0.9448736183277892,-0.9570640091993096,-0.8392783386478642,-0.8670998582213327
186570.1797218,-0.9911466323049641,0.9125186087186137,1.5383591840032418,-0.19985315071553564,-1.6512358088401091,1.8323018426039954,1.4337423399454101,1.1585023663864267,0.7608015605313717,-0.6581572524847619,-0.7829126327734766,-0.8034392016160725,0.5607702100512907,-0.6191359388881881,-0.7225854527275478,0.09348156241085764,0.8093695144397017,-0.853587632144117,-0.7349482846415436,-0.6262706138602676,-1.1545264249605867,0.9766929440362694,0.8253943683296876,2.044674575336354,0.7280263076263077,-0.643852553414879,-0.7109764634156068,-0.8094141316839992,0.9379412734569859,-0.9467800184269332,-0.8460730587201643,-0.8576814062577639
186570.6477823,-0.7143062422878007,0.6828293700915777,1.2826748306317022,-0.3157749178506531,-1.2446954375057617,1.4479322614089367,1.1828117017530668,0.6243748499779891,0.750467248535635,-0.6496858353330793,-0.8024895424522954,-0.7329817255655654,0.4973381596510475,-0.5761524857544812,-0.7209146627721261,0.16022786450072038,0.7888064154325363,-0.8620395251958487,-0.7330604794649297,-0.5491902866639147,-1.7544650526953254,1.5951571391565202,1.397616434464559,2.340669600852832,0.7296406237649564,-0.6547563917472687,-0.7303750151168712,-0.7436439282206229,0.9472142851047127,-0.9832845326263562,-0.876263267043105,-0.7836814570307856
186571.2942107,-0.9922061248993398,0.9908573231730059,1.5977813143324076,-0.2355705440758689,-0.6876919835072279,0.8878145797659385,0.5932335453707483,0.2580848411453053,0.7349625967309011,-0.641748537965143,-0.7726471909303065,-0.7022153012903513,0.46194351883948925,-0.5488372569694526,-0.6857805916904607,0.20043938134672046,0.7546099278127915,-0.8438055394384698,-0.6883054051490878,-0.49986594931722256,-1.94827232380529,1.8319422332749649,1.522717116798203,2.4515700540966834,0.7427794375271001,-0.6897167559661546,-0.7213874787031169,-0.7202317149472655,0.9338749513015783,-0.9865060458746898,-0.8456113100283869,-0.7522107669580012
186571.7295735,-0.852816225761464,0.8418565704616143,1.471355276966967,-0.27248298824844586,-0.668550661859766,0.8839602283096654,0.5703272807622731,0.23769012832560482,0.7079174507881342,-0.6041309107198187,-0.7691140807773136,-0.6833223768605362,0.4899929384852745,-0.5790933902405178,-0.6997886939571155,0.1261486295800166,0.7108290178403814,-0.8093362343440367,-0.657665009404991,-0.4440544661051244,-2.0457493370805224,1.9300139345910303,1.658284725016103,2.4793476695714234,0.731645537749672,-0.6793923425209177,-0.7219878052912508,-0.7063595513456447,0.9267312798382875,-0.9838778555370196,-0.851411693314672,-0.7369670449172935
186572.362929,-0.976468594289459,0.9208013376308807,1.5850244738326116,-0.2855603307059694,-1.2202934718001266,1.4563732892827623,1.0307927584005738,0.6534727432682106,0.7584237392901793,-0.6327356966536802,-0.7988314182745891,-0.7750807602090919,0.5095714892681708,-0.5955460762487385,-0.7216681278517741,0.2334767109549161,0.7542513827334049,-0.8394364759825078,-0.6769831690648213,-0.477689522289772,-1.5990759557023337,1.421231045610672,1.212131130262387,2.29331439451191,0.7777751799029775,-0.7012075081099456,-0.7464942488457739,-0.8020385278233386,0.9958162305971868,-1.029479915529443,-0.8839713984586133,-0.8398947077068655
186572.8626131,-0.9398188301267075,0.8075406139193222,1.5167016966035993,-0.277576925170795,-1.9734800264383958,2.1386316584297083,1.6626117974035493,1.5368063836790509,0.7447372791305574,-0.6127012048724879,-0.7704315600826419,-0.8873448409213672,0.429409781845776,-0.49863381752973374,-0.668413045725236,0.4988595621568847,0.7437295581096179,-0.7804216433326552,-0.6669894141395145,-0.5686107332247109,-0.6937560072926671,0.5152971151303776,0.4817768939709924,1.5666454694430965,0.7397126437298986,-0.6373669318451642,-0.7120456143088029,-0.9112383349668032,0.9494656010419169,-0.9323457898993674,-0.8432107537219459,-0.9575405809953558
186573.346109,-0.6958969690319079,0.5532654231634784,1.262750225441377,-0.3212752047956741,-2.2965544737334587,2.398209178393441,2.0217372284603146,1.950768321367976,0.6879315161559237,-0.5663988145672793,-0.7223651915555986,-0.8622901985839438,0.2504774232118142,-0.3345584210265352,-0.5667109005369644,0.8776505318491301,0.6997275021123048,-0.7112701835414982,-0.6411832740467532,-0.6054925048569596,-0.17378368520865023,0.05181435712449591,0.09314280560442034,0.7640331115570786,0.668618470573888,-0.5658445157276822,-0.6610958796178374,-0.8794762504860758,0.8594802159200831,-0.8252170238184208,-0.7862750137489589,-0.9239178060515315
186573.983911,-1.659169089880981,1.4717446658055546,2.1221217374492536,0.22339634036931574,-1.7198035319586151,1.9129480019081668,1.2150363245695115,1.8703760409368364,0.699174765191222,-0.6047428505547257,-0.6636249824885349,-0.924277038296342,0.267323645463253,-0.35339206942241386,-0.5291501340861905,1.0737883786947713,0.7161106960480722,-0.7428314635192912,-0.6064691475915535,-0.670910421568567,0.16242527743210444,-0.23468118396104365,-0.20772493254384897,0.35879474509991527,0.6849730803743772,-0.6077792033094525,-0.6190922785780226,-0.9441534077594145,0.8489651573305664,-0.8412658969467942,-0.7110965867306154,-0.9870146374765156
186574.5464839,-1.3744891253884854,1.1742807312682448,1.9361054988963433,0.04194854967154663,-1.971098173481093,2.1359908933234233,1.470481306660796,2.0100578586687066,0.6923138932657416,-0.5899028605909044,-0.6792271556143599,-0.8714362539519825,0.22798687566421022,-0.31842361017670207,-0.5241807032886862,1.0577109970802483,0.705060430802175,-0.7233817118310643,-0.6132944539961102,-0.6296677822852529,0.21223799231089588,-0.2799472753143808,-0.23666642257155615,0.20316090346943236,0.6670864853420284,-0.5778306810266872,-0.625011410093602,-0.8867148950825844,0.8409016214845284,-0.8207854856519295,-0.7282066599928246,-0.9250593775701138
186575.0636583,-1.3936981239146384,1.2026072580716969,1.9069706792423096,0.07494033134036945,-1.9565491626013125,2.117910678795109,1.5129299936611629,1.8805031669741759,0.7024273166666971,-0.6078249431766443,-0.6785424015683262,-0.8834374270526751,0.1790956814533581,-0.27505673431406086,-0.5047123244649994,1.2611159121872921,0.7063694101900814,-0.7241085668689794,-0.6130439625360792,-0.6410993197868667,0.26587363643183787,-0.3251479549049457,-0.2831227313179399,0.129400530134796,0.6626049749396105,-0.5732989804851104,-0.6206027111960816,-0.8923718345240428,0.8338762668343594,-0.8150807571170653,-0.7198765418200462,-0.9290513592730483
186575.6788095,-1.295292733252051,1.1119504267185285,1.8263775246907081,-0.037894844071504626,-1.997721797982649,2.1557549500468323,1.5996812293484626,1.6388840734939343,0.7329932961853802,-0.6317837698693701,-0.6995104090789023,-0.8751640705583852,0.03554156179593875,-0.1576616408632722,-0.4668112075861965,1.5936605836720483,0.7298516982370583,-0.749431285674674,-0.6234462119630865,-0.6317470434171251,0.26592324982434357,-0.3282485548864185,-0.2747093537793891,0.09956261680280969,0.6620923177275306,-0.5552517758372587,-0.6214823147993358,-0.8747201321400248,0.8666124074644491,-0.8453283496343674,-0.7400992568322611,-0.9125811837817526
186576.1955283,-1.1309431589496868,0.9871047645663363,1.819403230324574,-0.24010279237990617,-1.801642845625828,2.027222383817975,1.5602984317054909,0.7468593602159322,0.8331252842783001,-0.7239431334100251,-0.7674968286090034,-0.7354607793841347,-0.7212070864620728,0.48808456738517464,-0.21410164072409366,2.325648248514007,0.8277873128185813,-0.8565285764990821,-0.6765815381574105,-0.5692370144171232,0.2779718166096485,-0.3468633054218596,-0.24268345428035873,-0.038266320600988134,0.7394349011183496,-0.6153687770554149,-0.667967203771155,-0.7325236478042586,0.975473776212709,-0.9597079233831028,-0.8108709964880438,-0.7569170541435291
186576.645705,-1.8057393033074187,1.6541139327992314,2.250396162584589,0.059441067018848895,-1.4052983951388227,1.6470432832187365,0.9925567067284162,0.8883365547112518,0.7993786053376833,-0.7093326404629784,-0.6931834754424896,-0.8520394808526371,-0.257044691040203,0.09592176216578975,-0.3672701992420709,2.1392060656763947,0.7923200943314366,-0.836586113062918,-0.6154006816716513,-0.6316096730997509,0.2294735809663335,-0.3056207195990173,-0.22627007789851114,0.12332820636167134,0.7167354412167751,-0.6128084891347755,-0.6141515647717107,-0.8505188255574366,0.9301746676342139,-0.9327310159240682,-0.7266768702865717,-0.8761439142583427
186577.2787809,-2.0188224048925765,1.8748933224824949,2.359185490161799,0.2519998844222957,-1.2185315983242473,1.4618235452384305,0.7872853107357373,1.0007098512486277,0.7664297846721979,-0.6830851290543319,-0.6626751309322472,-0.9336566140070686,-0.03573042614301892,-0.09899400632404899,-0.4251226006215126,1.947174941034745,0.7537699221211215,-0.8107142961783163,-0.5813108672311321,-0.6508516024487997,0.1895221214415875,-0.27255506993424133,-0.20632793971812896,0.2690431550638356,0.6705360759781249,-0.566221098155578,-0.5793899691686338,-0.9287886116217638,0.8928265251468136,-0.9051472680744094,-0.691644293225881,-0.9556310036918726
186577.8277802,-1.8829403077204967,1.724473731967487,2.277217770249893,0.12570457032211735,-1.363189006848432,1.6072633984304094,0.9393663582669893,0.9551839067073281,0.7993611973369379,-0.6997354551196038,-0.6976963630885726,-0.9244406714191391,-0.08937424945027819,-0.0637927062780382,-0.4291023676618146,2.0065788167354777,0.7799141860088551,-0.8446509852138103,-0.5971818355586179,-0.6177792747127182,0.15836900374394108,-0.253850334988701,-0.1797091433789418,0.3066465853060626,0.6586413220938474,-0.5211952960990267,-0.585055275755659,-0.9112154925239522,0.9392178548356335,-0.948512352698716,-0.7278391430732767,-0.940678440415177
186578.4121455,-0.5252996316096594,0.37038028546059043,1.1905793670304334,-0.3587703711040183,-2.3978484831495943,2.48589292744215,2.132906507769761,1.934466443454025,0.7015088240444495,-0.6040411984878936,-0.721331483875439,-0.7797574342476626,-0.08078666822956682,-0.06418144306259294,-0.3937635016098065,1.4006861012178136,0.6855376453022337,-0.6837395591429707,-0.6296129159592989,-0.6025983834456677,0.2700313745409601,-0.3295492643097934,-0.24559540694574597,-0.04921060352746606,0.5597376182331351,-0.4324055762038442,-0.5877103934420067,-0.75816287743112,0.7871193208680443,-0.7423561716956458,-0.745472172967898,-0.7866528749159041
186578.9452873,-0.5182704244456258,0.3623381710427709,1.1431571965773344,-0.38855004555786066,-2.334479439224871,2.4486957740037663,2.148953058822933,1.416443597007923,0.7476585546538049,-0.6315080043613904,-0.7476435895299166,-0.8001963523188333,-0.27669929743744104,0.08505151615170303,-0.3398686305898032,1.8953124839999034,0.7332536749783399,-0.7404549507695615,-0.6413975198105613,-0.5936683539432229,0.22178588875617034,-0.3000694607750743,-0.1971911812844523,0.05447497768898129,0.5695240386414815,-0.41315999459815167,-0.5896107140541891,-0.7753839334940171,0.8572270040781386,-0.8108930506940624,-0.7763986201313448,-0.8084323733828739
186579.4953008,-1.970816486405032,1.9041960335433394,2.426638174887462,-0.07812777255767014,-0.719947019878522,0.9950741807730895,0.47426861316197355,0.16676219975305856,0.9006724663132182,-0.7890910772894659,-0.7450236894350138,-0.7927632844396163,-0.6801926885395497,0.47019432582527093,-0.2725999306990322,2.385142314812155,0.8751561250255356,-1.0244703090822693,-0.598068863987583,-0.5142176211157056,-0.08710535253570786,-0.05324728880933811,0.031232367728326358,0.39827316816645336,0.5810720245076452,-0.3277978886265759,-0.531835669916356,-0.7607726105092378,1.1011609315124058,-1.1748579763340505,-0.7846110017397766,-0.8042963941094371
186580.0619511,-2.3701578101368908,2.3780273562296053,2.576048082493205,0.16227854036721978,-0.07064455363613684,0.18310617344063695,-0.05000456770308642,0.06095895491808582,0.764183658867852,-0.6471262298360791,-0.6310726537748769,-0.8573736927121992,-0.38177068802577185,0.21197112385519706,-0.3077057154922756,2.3079426478508447,0.7265404642696727,-0.8717125629313215,-0.4866677737201655,-0.4874070738787274,-0.07254815169427667,-0.04690152568303073,-0.00023969719049945104,0.49903951790159606,0.4488747166028328,-0.18130375704992793,-0.43550270044400824,-0.8171994856607634,0.9555223637527287,-1.0260605780250798,-0.6648549741682931,-0.8682394087860574
186580.5450149,-2.293270918332041,2.287706656742676,2.53558083115699,0.062440961478360556,-0.07986032584732333,0.18736600311963578,-0.04772717396342185,0.09391268286710705,0.8271211802293116,-0.693074291072414,-0.6794832665536119,-0.9124290882169702,-0.2803085458408144,0.08098127613052372,-0.36260911214310987,2.142121123368576,0.7774278409625319,-0.9565252883983851,-0.504561519240503,-0.4907262608054817,-0.37088667030283123,0.23351430319586303,0.19026792060388364,0.8722139698507149,0.37672694400614504,-0.01090094438376226,-0.41661086348825127,-0.8490163412710704,1.0430504951250257,-1.129067715334135,-0.7148568163719756,-0.9185170472712358
186581.0820523,-2.3036129576612927,2.282440234435998,2.535369618115728,0.04423434494488614,-0.052867988533165454,0.14244984655504034,-0.06508729553285421,0.1062822070865913,0.84409625554697,-0.6956004170889617,-0.6927712105562022,-0.9425953352986451,-0.22237956950093904,0.00197825287853157,-0.3841191126874109,2.108842149549468,0.7462010918712758,-0.9401335003790992,-0.4756704353590011,-0.42904968338200533,-0.3770082398240167,0.2234937198050803,0.19431506676951182,0.9154205978872872,0.2972489108603566,0.13990119554049663,-0.3859423642886973,-0.8608171819967426,1.0683224972408163,-1.1545293317470868,-0.726094266461074,-0.942317098790839
186581.678129,-2.126847472765025,2.017277308218824,2.4910373928897735,-0.08833637460900454,-0.24319080308459626,0.39776600876593204,0.08720546824708504,0.07394457022968466,0.9730754571126912,-0.8306751369999497,-0.7728143916144115,-0.8994381406328601,-0.4282120118710689,0.15706181052613027,-0.3555490231657165,2.2431320387415536,0.8359604584027283,-1.0548006855547565,-0.5156806026940759,-0.4154142956193769,-0.34139699950251806,0.14160851575520247,0.19940044019554615,0.7559787252937616,0.1237839512941974,0.47527371010241215,-0.3267371146104217,-0.7724888852274985,1.2068274204135938,-1.3035115308137937,-0.8068621692477789,-0.89737763817626
186582.194903,-2.5130525525174416,2.5248096877359836,2.597309681829328,0.5944566072591644,0.2684022989624698,-0.24937323840069953,-0.26902680838858295,-0.16950395544377725,0.6732481420606022,-0.571159277057316,-0.5797637705201755,-0.9922488940466404,0.02959840070609485,-0.1698562516863947,-0.38656189968986165,1.8871968378674386,0.5725549013190097,-0.6843237913907806,-0.41622874323700565,-0.424899206740159,-0.20679916113839777,0.10936518583185709,0.05488329256920336,1.0239570461231322,0.3686401602076421,-0.1139913590536124,-0.4023763634651399,-0.9312668733852149,0.8074078104000102,-0.8454709559790374,-0.5982353890977659,-0.9876915616339428
186582.7614903,-2.511659175505334,2.523486917347004,2.5922198778865004,0.6626041618971408,0.20462375623658158,-0.1686430775486435,-0.2366700152424275,-0.09081168530456098,0.6838844139556836,-0.5943441019876352,-0.5854584338203374,-1.0357916514471497,0.11437104956189757,-0.25045113731534563,-0.4120987166451293,1.7088115458337163,0.5583389299078997,-0.6645571058281634,-0.4139715138586676,-0.41989767872941736,-0.2457770613420466,0.15121915950691925,0.07438326449413976,1.175412625240799,0.39648923396720154,-0.16191576234876295,-0.41887679390390586,-0.975222434444355,0.7997288532181208,-0.8347948918253723,-0.5995276689101722,-1.0251048830461733
186583.2779527,-2.4125632297442667,2.4161309095121353,2.551872806064283,0.36632705191565273,0.11870459213034955,-0.05203448592371055,-0.1734540402629362,-0.0643702338810951,0.7847794056729307,-0.6945275980376,-0.6493039053595602,-1.0275039908863017,0.09223607965799892,-0.26619268974087834,-0.4371318380461117,1.6987795736117073,0.6071277522367609,-0.7459500119236251,-0.4294664673624597,-0.38731233876721216,-0.46120957065426044,0.3448927682046572,0.21778194390113415,1.3652682670340388,0.3596743817635693,-0.03820011451766359,-0.4181119044467561,-0.9401806316439034,0.9112505889369245,-0.9641187775733157,-0.6621865944875933,-1.0110076973828859
186583.8946843,-2.0490501421576015,2.031346296914976,2.4088360088045793,-0.06368409911609862,0.11843005591000386,-0.0421987211036086,-0.1501023805808321,-0.1287254231511403,0.9552966361599718,-0.859358285175707,-0.7721684711570119,-0.9457756912160937,-0.09137794017949745,-0.14216886734367012,-0.4398881857152314,1.7191050939249395,0.7066531580322911,-0.9075308641259453,-0.4661396428116844,-0.369477584023211,-1.030293459037253,0.902386950889961,0.6174817979861689,1.5573122041197274,0.28344403145310404,0.21324677530320926,-0.4132170135688339,-0.8420754115526823,1.106897659818972,-1.1957232853592152,-0.7848021129571546,-0.9266790889854402
186584.3615714,-1.988218588005266,1.9417451945703876,2.385269617727643,-0.09825108256860267,0.184007179603098,-0.13002183874549428,-0.1829257633659689,-0.17275552588913778,0.9784838019806273,-0.8767663992733288,-0.7908929085700819,-0.9386788277614758,-0.102678799631552,-0.14678951742829058,-0.44263115525591556,1.7160474605568237,0.705297782843463,-0.9131294663769767,-0.4596760235296761,-0.34926322775445956,-1.1027490807328706,0.9627263137644142,0.6733818912656719,1.5803554012934375,0.18716373427151614,0.390710829180108,-0.37717826747297456,-0.815417236063803,1.1386939696709841,-1.2284751156908191,-0.8053473907986975,-0.9220369618127822
186584.9779106,-2.366875355344311,2.3636820147474107,2.5286590952526717,0.4239505254345658,0.3312425463056085,-0.32230313341607364,-0.3024994371205193,-0.26205823930043765,0.7760980703233282,-0.6999826712089892,-0.6469256807356007,-1.0011237767391072,0.17995511425525107,-0.34649195013837053,-0.4551839387166301,1.3979489860308618,0.5838348862195094,-0.7096046711579033,-0.42416273907025037,-0.3837396433944035,-0.6712739390968784,0.5689628954678603,0.3498516449726854,1.6990124169145175,0.2826528965159839,0.07633467033466898,-0.3918546470182211,-0.8857009997834252,0.8843657808215115,-0.930597154628602,-0.6578842975641351,-0.9882892691625714
186585.5109068,-2.4294291002346045,2.418800518156279,2.5527748023369323,0.6223153667656453,0.3602192238336824,-0.36318249331892527,-0.32441438265376643,-0.2873598354110728,0.7414157199358685,-0.6763106968509814,-0.6221341960698451,-1.0313418824004432,0.26619925782862114,-0.41999329081661824,-0.4671218009046555,1.2343806574599256,0.5432234554130905,-0.6537550726987497,-0.40744904315965585,-0.3640558723832941,-0.5562045361040459,0.4566161178520514,0.2701228931549705,1.7296240601602484,0.24941209026427505,0.09711879750873065,-0.37423719583761095,-0.8931507472339207,0.8251638890631114,-0.8592938798317862,-0.6275410768663686,-1.010411746957089
186585.961013,-2.354742014340248,2.3243469196799755,2.5202359863887582,0.4778073725870704,0.36613472847478384,-0.3728631522040642,-0.3248806928233434,-0.27724145495375446,0.7907941024861437,-0.7283254456693313,-0.6560470270229187,-1.025840069565334,0.3301517770204887,-0.5051556248790332,-0.5030136643226818,1.0839326552615227,0.543484483806837,-0.6656407547459395,-0.4031819705411919,-0.31519338485695314,-0.7161893487162292,0.6030235143688192,0.37626116978267093,1.908754281731139,0.17572969788144868,0.24294914056939312,-0.3531996811594018,-0.8570759773336698,0.8646365733867674,-0.8983345971198192,-0.6561741203018915,-0.9951434228700197
186586.5779328,-2.3631154250493798,2.2800255116426076,2.5277955183105587,0.4827091609986403,0.3208930094828079,-0.32170413637244255,-0.28974574709431744,-0.22358561818220157,0.8304264290344252,-0.7685955834170061,-0.6759888057052204,-1.0830187330121206,0.38724241587588376,-0.5830535463866374,-0.5278858362430683,1.0916983161539473,0.5353731820608115,-0.6675014438680675,-0.38948606573068695,-0.2613127871590033,-0.6262439464786677,0.4826207395813213,0.32077823786869186,1.8711846750642658,0.02450226433050911,0.496163101835946,-0.29563572210082484,-0.839292647924228,0.8909220707436081,-0.9179546430157206,-0.6698315793051319,-1.0383823659393003
186587.094249,-2.375431787301152,2.264040598723183,2.53482900719954,0.5503277260532892,0.28826104790783824,-0.2830397234446695,-0.2671744951803774,-0.19496267434358122,0.8344826366240964,-0.773107470617425,-0.6779467412733811,-1.1136030395068754,0.43460440329484695,-0.6344619706101434,-0.5423997181653297,1.0332060057203507,0.5263069683910814,-0.6580685615614122,-0.3834978208068156,-0.2379960237643312,-0.5591405407899536,0.4046163391435775,0.2788620613893128,1.8613100904458062,-0.042152240129130554,0.5969151330556579,-0.27096112178863707,-0.8294586016400686,0.8930695120023749,-0.9168943446887685,-0.6717111713743125,-1.0688234829645897
186587.7108603,-2.5571175561701196,2.515097776614418,2.6069956224836566,1.4151385677019865,0.270566145293614,-0.25999153814224896,-0.27603030705962966,-0.18386423929947487,0.6641791616203776,-0.6335087216330578,-0.5673936125851322,-1.134986663942574,0.46513225795664637,-0.5939794173308567,-0.4971493541128631,0.6641650231364458,0.46162752533456763,-0.545981253398347,-0.37653091278586404,-0.28741671051225537,-0.12735656937009598,0.025521464142149057,-0.011434831587085222,1.4857336814680202,0.12643793870491218,0.20750168135632516,-0.31565885709439834,-0.8656644593738088,0.6965310966301007,-0.714659991608382,-0.5627977472586846,-1.0931051991783385
186588.2110167,-2.547298506120935,2.5053853248963294,2.6025948760657767,1.4387676122340367,0.22702318738670693,-0.20561286256001876,-0.25242279751966695,-0.10855410162983495,0.6734217080895537,-0.6528264784970329,-0.5724711820530901,-1.1231882152074917,0.5155934779840211,-0.6419808569065707,-0.5150736724464929,0.41866476571785094,0.4626351419780234,-0.5440048666895411,-0.38155560042200043,-0.28929603755983896,-0.16171021318562703,0.06252051979293546,0.007574969706351182,1.5875531512573346,0.1363418332147738,0.1885815609081563,-0.3233479691374687,-0.8468036238248716,0.6939933706534872,-0.7120623409442584,-0.565298624193409,-1.0771435509871847
186588.8105178,-2.4766771692854097,2.3938423194184293,2.574122188340057,1.0841825472456168,0.08945202785500947,-0.036265968279782804,-0.16076390459517,0.06134558904177445,0.773958557637651,-0.7587523724348822,-0.6332031313419718,-1.1814798264672528,0.5768018053406839,-0.7379529912048497,-0.5612338862092717,0.46239643348356235,0.487375613333997,-0.5891892108756643,-0.3859553456021083,-0.24592580270727016,-0.2807995077876517,0.1522967105253825,0.09003458936210251,1.7843091310039452,0.05051642484815918,0.3744009236227548,-0.3048357741011436,-0.8471982267946905,0.7793722480575586,-0.7983794107713865,-0.6181647358524933,-1.1176298448056852
186589.2613179,-2.2832335889058997,2.0972406722527377,2.496780763449276,0.5695685931124512,-0.17585655845445508,0.2792675725078479,0.015408457826431922,0.2929540531817859,0.9437021907175606,-0.9193784148003156,-0.7420865915606328,-1.2077757725437337,0.6713316648775046,-0.8838426667912617,-0.6416421226890636,0.5287877549669266,0.5302706455602566,-0.6607721797462838,-0.39373306741108527,-0.19417840324303057,-0.5128767532714862,0.3273430258632752,0.2525191751197137,1.9645524091910038,-0.10083994752924876,0.693894500158786,-0.2730199592677633,-0.8263225861744071,0.9275023470057762,-0.9337525094447863,-0.7142266554668768,-1.1275860484909968
186589.7945944,-2.2619781947307622,2.081347896609081,2.48731380469596,0.5288870718333936,5.029587952120198e-05,0.0657597483275801,-0.09148130359136994,0.10400597294691984,0.932045791550528,-0.9000025167287258,-0.7410188264499786,-1.1503033127875304,0.7045632044680843,-0.9283998434577918,-0.6535749496835274,0.42322517036722307,0.4945203291752802,-0.6266535993240921,-0.36933056923636526,-0.14079219078078908,-0.6548574970792611,0.4708031855397121,0.3428321615169845,2.100009924534514,-0.12501342164547982,0.7444431844605623,-0.26417317312407373,-0.7944828518547177,0.9106694923820859,-0.907298055426325,-0.7105671441276298,-1.0705497842590126
186590.4103075,-2.476797905413239,2.4115300630193626,2.5721730426508955,1.0779262570432024,0.11970688908457362,-0.07769797715018806,-0.18259880970679812,0.053422050111312396,0.778490599688603,-0.7710011409173851,-0.6337221320107249,-1.163234189477059,0.5701251007013279,-0.7330223656510273,-0.5550142796187912,0.4370510745844228,0.47640998229759485,-0.5717385708776102,-0.3800539863331657,-0.2607481775150956,-0.32722430479058917,0.20693776375094106,0.11926481424986515,1.8119814162584555,0.10038762950202053,0.30083319591339386,-0.32784826779497156,-0.8640064569501008,0.7589020089297107,-0.7658409680874876,-0.612200381436309,-1.0923919740551375
186590.877453,-2.469051195790688,2.4288705837908524,2.5669942615842616,1.083516770257766,0.23397306992805286,-0.21622194045704332,-0.257178299415548,-0.10088583721109745,0.7563240538226501,-0.7546488438745799,-0.6210143747972536,-1.0869623036787541,0.5687097247510552,-0.7167180535277919,-0.5486372674914031,0.28765411831349535,0.4604670322489383,-0.5421796353998642,-0.3786791638422606,-0.26699048169364076,-0.4361456974172092,0.3355120668821309,0.18631134327034998,1.935991870780747,0.1608327974647088,0.19161711551147617,-0.3504698280728201,-0.8348364965346853,0.7248902149924878,-0.7262312929251805,-0.5973266712353263,-1.017487640233831
186591.4935044,-2.520496695587481,2.4656735394667213,2.5934059603453727,0.9926533451816446,-0.030821415846552697,0.11222209352356274,-0.08725635769139993,0.2133522989932977,0.8381179912061,-0.8484892856183558,-0.6483172929625801,-1.2353876923434026,0.27811408815344585,-0.4476054147369093,-0.44858792603332825,1.47755357328187,0.46875311932826313,-0.5623809568318238,-0.36363921207380273,-0.285128203006812,0.0006866526711934247,-0.1352101391535124,-0.07165127262023821,0.9569897998924922,0.18249753466250482,0.19900140134116343,-0.35770024417330576,-0.9723380799804956,0.7831487254125313,-0.7832112379908461,-0.6162536547907177,-1.1476950420185938
186591.9945834,-2.210027142096274,2.0308225032825034,2.4782510499247214,0.5009547394444757,-0.8644476417382931,1.100731516281864,0.4061592381581008,1.1167315342147235,1.0160921592061685,-1.0315141607726783,-0.7635800915932626,-1.2312998105640804,0.2539805404010154,-0.4492809408421438,-0.48178012536964,1.43543010688454,0.5693697793021846,-0.6711723700735758,-0.42061235573548944,-0.3784688451215955,0.048080009484267175,-0.2123691558537107,-0.08053585558279408,0.6947523831712837,0.24660484142130867,0.1679305090902546,-0.4151187774988197,-0.9861626676237223,0.9403474540196178,-0.9351479011125139,-0.7227830823028166,-1.1519374404056224
186592.593446,-1.7290007885088758,1.471615553653303,2.2763427904655047,0.16007223526111827,-1.559321076687051,1.7998586487687263,0.901409081447009,1.7138647056043788,1.036193661785451,-1.018934714942895,-0.827144766395173,-1.088814478249329,0.15700054982788259,-0.3285723249380928,-0.4635416715967801,1.2744513074867794,0.6278540766774345,-0.6952030213224326,-0.48408599287170445,-0.4617692160048013,0.146726666053064,-0.2916195768250979,-0.1316403543712314,0.3447940480804116,0.3495677685191448,0.0011082448306467053,-0.48259137009357367,-0.906711615933379,0.9709791423329596,-0.9382528092241573,-0.7887477165840511,-1.0358869862451798
186593.0934658,-1.8806555148320816,1.659555927360908,2.3399369889458206,0.38302422259654284,-1.4507334817873154,1.6923049968564476,0.8119369163384093,1.8422293858368985,0.9456278987586204,-0.9420311347222851,-0.7602327773239418,-1.0709041545802247,0.23541962897916208,-0.37064700961580743,-0.46675172495723183,1.0514824924809967,0.6160647784030336,-0.6702041296499088,-0.49164983885079705,-0.5095210803820853,0.21417375903874614,-0.32832490341329174,-0.1988840684907945,0.24341982985095081,0.4232703540513388,-0.16065679606604125,-0.5019581713571134,-0.911172658691811,0.8968325773884944,-0.879996950750021,-0.7323973243043513,-1.028558037111268
186593.5769487,-1.8591949438202684,1.631658247040305,2.3299763191397505,0.3752785725846439,-1.46762160468988,1.708054931927853,0.8286910305462509,1.8312683476895488,0.963140140116097,-0.9642651778917076,-0.7702452952921167,-1.075947167241707,0.22385687858444736,-0.36002761748820283,-0.4641954277737389,1.0701511697380777,0.618742908141126,-0.6717757435797131,-0.49347737856563095,-0.512840286734755,0.20851883459031909,-0.3236297083249191,-0.19332494494201843,0.24636967445490124,0.40727759659001334,-0.1327950405876663,-0.49783533906741173,-0.9026689874384337,0.905280190488141,-0.8872198910959495,-0.7395889640450847,-1.0316113230522752
186594.1765833,-1.8998175368711798,1.6696946156166432,2.3544624389962348,0.3540928061250929,-1.3830891912047771,1.6211442759186354,0.7615651488206215,1.7036889236443205,1.0134506608741978,-1.0265628801531677,-0.7892165665917505,-1.1109934795924468,0.18825358979845586,-0.34030145047460825,-0.4522876402311094,1.2078527035105104,0.6287134630266327,-0.6911815997301399,-0.48783352318614526,-0.5099467232467765,0.18095057552736923,-0.3094118431663693,-0.16782966917880646,0.30975365551448386,0.33676484691431724,-0.006393586641961604,-0.4677617755983402,-0.8968454199895427,0.9347735919349841,-0.9169875313690312,-0.7510984130307049,-1.0576024659656404
186594.7103782,-1.975498000620224,1.7449855920748152,2.3978741471036362,0.3567559515939991,-1.2282073356252052,1.454587719437672,0.6528585133057829,1.4710441200808462,1.0627994831272345,-1.0902603744190222,-0.8009944739288268,-1.1294438446074142,0.07965347996679797,-0.2503742649723387,-0.4093018330774087,1.4825562226808615,0.6474356663322189,-0.722955613832579,-0.4821889979921312,-0.5142382641453666,0.21588772230770412,-0.3590178287957474,-0.1812396787308385,0.27071095320948,0.23172506394840264,0.1747441550533055,-0.41993988605798865,-0.8670017740948834,0.9662039205630713,-0.9517093845461053,-0.757067790622225,-1.0703833647175232
186595.1765207,-1.9876903783925073,1.7660019457082412,2.410919924214548,0.2868135872951746,-1.0907336683938407,1.3203734687765722,0.5648803243822864,1.1795676069565095,1.1284892208702875,-1.1690572161846666,-0.8319174377978488,-1.1259983889385117,-0.06448413183439862,-0.12033196022103328,-0.3584819944172893,1.702407842428474,0.6887239950880165,-0.7786979471584388,-0.4946046724008755,-0.5330369359338157,0.080823083495711,-0.23646811174457957,-0.08284335611292357,0.42592751229027215,0.21869419700942216,0.23708967883438709,-0.4213461636244463,-0.8645936473255932,1.0261776821573116,-1.0189098580104827,-0.78660662424345,-1.07108757677251
186595.7763417,-2.1940568949041404,2.029503612367647,2.486862352597491,0.6154877591662259,-0.9092834937272278,1.1244878963898621,0.4351881787492576,1.2326851603746247,0.9888119380418793,-1.0330304774040129,-0.7382133503566589,-1.1255789764870667,0.03540508028141006,-0.18438114017422827,-0.3685138301144744,1.5931798617920698,0.6425760259796518,-0.722609145558854,-0.4754360725483951,-0.5683018223417683,0.2534467375026475,-0.3840325114559768,-0.21469961240496205,0.20729799573534594,0.27271446745287475,0.08575535945023022,-0.42080795520728304,-0.8773606042096007,0.9103861393729,-0.9156935936146677,-0.7043797107149757,-1.0774093740298305
186596.3101996,-2.248123142621661,2.0982469015083196,2.5092591825265442,0.7061140483506556,-0.8235314525448598,1.02741812349199,0.3818561310973094,1.1647006466121266,0.9619574619517448,-1.0106547821420575,-0.7171240076736418,-1.1117561146568378,0.01139121608230359,-0.1531543284011377,-0.3514359771431877,1.648854795415272,0.6203485361908362,-0.697748099394712,-0.46145104259008723,-0.5576572091736084,0.3332837348248372,-0.46240802477670595,-0.26702855213035304,0.07487454137888981,0.26314664569201407,0.08641683591798999,-0.4104948457674645,-0.8613238642676978,0.8815270004247869,-0.8881166262036859,-0.6835808883191185,-1.0638068436588008
186596.8929571,-2.2244751614377773,2.053364798592119,2.4977153530856055,0.7022554988705977,-0.8792220104679658,1.0853156738491732,0.41278870592372985,1.2771983181664834,0.9882103179374593,-1.0383797282425,-0.7352302175163036,-1.152445040059908,0.09005372667649587,-0.2443044594604082,-0.37848880397556617,1.5162400819331268,0.5894865199910763,-0.665972861874196,-0.44182777309721316,-0.5076447173809523,0.3195818578907463,-0.45861746569775264,-0.2568799001783437,0.13812676297764068,0.22558084262643582,0.1570486801313403,-0.40220503711336064,-0.8775514309181668,0.890783906783525,-0.8884546372977742,-0.6958723271285466,-1.096179473588822
186597.4446838,-2.268092693565878,2.1008038249550802,2.517261764798802,0.7262972504306645,-0.753419901936607,0.9412470390990042,0.3355662981864525,1.1112300506230828,1.011002161690298,-1.0705347082067824,-0.7410210416726946,-1.1676188211139502,0.04957545661357889,-0.2121839235023676,-0.359199406536237,1.6284521509724021,0.5653144877618492,-0.6451282180855645,-0.4198754281632608,-0.4685116031979605,0.32446886236507866,-0.47423887008171284,-0.25437536407727634,0.14667907714008882,0.17157892404987132,0.2560990649320987,-0.38071209029348824,-0.8696883159934555,0.8995727030218136,-0.8960642091097547,-0.6976447322422977,-1.1068397888608719
186598.0225802,-2.342224071567372,2.2105774927649686,2.5413172739883834,0.8766305891467937,-0.5935604084397332,0.7649417474941946,0.23564862881154047,0.96254931794398,0.9806267619180755,-1.0453861774507687,-0.720922289420104,-1.1821205375400052,0.07157765576923462,-0.22365060367173736,-0.35727841609236094,1.5778529545968616,0.5726546009000772,-0.6542123349712072,-0.425596781223294,-0.5113836707403167,0.2302237332423024,-0.36830474941174546,-0.20172293902874436,0.2968874988811152,0.20121530034981025,0.20014872395018618,-0.38913325521237974,-0.893390806042373,0.8794864278276026,-0.8841140987038907,-0.6823122218230416,-1.1270253462460562
186598.5517577,-2.3961883815548335,2.2917268315144494,2.557646743467882,1.1022740501232213,-0.5489050043410137,0.711825485351476,0.2044286304655581,1.032596128896008,0.8956332521847439,-0.9518638698611839,-0.6749974308617447,-1.1640489668193044,0.14692805310599072,-0.2756969550652071,-0.37207140849466114,1.3804505787213162,0.5951000730080512,-0.6763135037189781,-0.44585185366299424,-0.6006077619027185,0.25020383619806447,-0.36546577773737043,-0.228061749820975,0.2536298888160118,0.24787755319951707,0.07940257066539164,-0.39835783421601445,-0.8916288679186638,0.8093506181994837,-0.813614781148577,-0.6427350968770503,-1.112665049915872
186599.0934984,-2.358311461465908,2.2330992740484117,2.538969833736049,1.0617947907714345,-0.6097201331331685,0.7810410171268668,0.23743620318453734,1.1515752215386317,0.9529059960391464,-1.0142615415581635,-0.7110790340365472,-1.2647196172512831,0.2877572659618341,-0.4299210021721559,-0.43694537876468087,1.0790328199506511,0.5804446379927872,-0.6524604015267694,-0.4422132716871383,-0.5835213694537817,0.09203409232464756,-0.20564060821206934,-0.12943798514713717,0.5948641033827983,0.23249392375149425,0.12797315842399223,-0.40577792513035577,-0.9507201902793266,0.8223956785291693,-0.8398298961301134,-0.6509524421547276,-1.088305758659125
186599.6947787,-2.293278980784935,2.1506383631580688,2.5082158444549036,0.8585673572682521,-0.543126651236895,0.6971081455548839,0.20178677151191757,0.9738886532668752,1.0549695117960494,-1.1422464841546163,-0.7655966875604979,-1.2866350710511198,0.35310000527614654,-0.524824236349583,-0.475375149111994,0.9680230676678488,0.5619623002728288,-0.6369294260327147,-0.43101179806777296,-0.4849197277158033,-0.20356096969298773,0.08091067106386547,0.06980988882910412,1.093157249849169,0.1617209884858763,0.27983004308509,-0.39309067628092137,-0.9193552064810134,0.9082137958839143,-0.9044870763249947,-0.7147381937747396,-1.2027263228042093
186600.2593584,-2.1869766218003743,1.9948504448817326,2.468315922201247,0.6213584490122824,-0.537309127062046,0.6815474123326094,0.2074429675978832,0.8327490941315716,1.1748193838973797,-1.2737612957885787,-0.8329282391791204,-1.2924906398420406,0.3022909027863251,-0.49998658044997857,-0.47050463147433824,1.119031992017692,0.5615819155524403,-0.6396458804002435,-0.42225071621123506,-0.4311972093476802,-0.3739355895594452,0.23231688962970412,0.19300290908945816,1.2485346328825673,0.060537163331526714,0.49322444091296463,-0.37106445190151616,-0.887538969454949,0.99899197285419,-0.9885454311182088,-0.772013760122378,-1.2104473493994434
186600.7257129,-2.0899327091754176,1.8688500650912248,2.4242437458268333,0.5041450685534923,-0.534879354406027,0.6718904869145209,0.21186408211971308,0.7778069206632297,1.2291299670375593,-1.3284292269361415,-0.8719607389700619,-1.2829058080695626,0.3599923757310706,-0.5742548408362356,-0.5044992912421774,1.0012572470166234,0.5465339451286642,-0.6231217878025217,-0.41336480584725793,-0.38540787740261284,-0.5667131047946389,0.4164414649692702,0.32686757727463644,1.460717814350231,0.01391220424711979,0.5926196645641377,-0.3658188558984032,-0.8702215234558973,1.0419566762316685,-1.0239958259642543,-0.8073317132632832,-1.2053918416555036
186601.309359,-2.1031100662157907,1.9599961142520292,2.4132506653514842,0.5491860627584718,-0.426468552186055,0.5649846268787307,0.14063397494124905,0.6604480962326632,1.1406895020484504,-1.2421302663075244,-0.8326143532444651,-1.2125774315109865,0.3863571216661608,-0.5675578278799136,-0.506848990787152,0.7872320579975011,0.5813529689222198,-0.6513445298762195,-0.45632866477995254,-0.4561706519878049,-0.7528325333542756,0.6447242439379239,0.4499079282143649,1.6952190567547811,0.16824057708438875,0.31018274778149635,-0.4223205062076606,-0.8644975496128773,1.005770982034904,-1.018855108786524,-0.7856800534878672,-1.1588396406317474
186601.8093167,-2.136523565152182,1.990327391534725,2.43308830271549,0.5813979916041221,-0.47215944308829266,0.619186327412034,0.1678587827767916,0.7161208082957009,1.1524309981383927,-1.2579715252538042,-0.8327056032945409,-1.237397758281118,0.3169350430488907,-0.49588219682015067,-0.4727744854176,0.9459804668536929,0.5887140799504604,-0.6591917468276878,-0.4569479116274826,-0.47512053272174004,-0.6272398800683057,0.5128275850905938,0.3667881956179624,1.5275272407408336,0.1705217171774738,0.3078237697494185,-0.42199843081606575,-0.8787415225325342,1.0073210499935628,-1.0171196048851292,-0.7833088499545553,-1.179766693958957
186602.3427145,-2.1065961755904854,1.9341395965922872,2.4236519277707917,0.5241133339132207,-0.4462124294016765,0.5786562842802121,0.15703939150032398,0.6716946650965836,1.205220486560138,-1.3181410322411176,-0.8590567292784053,-1.2561454306891633,0.3082256656382311,-0.5004198145385587,-0.4711755912744099,0.998628440557764,0.5678108291684435,-0.6361296333606039,-0.4401326289276629,-0.43172208870068973,-0.6505783236120459,0.5220260023303233,0.38676618742084234,1.5383139578702671,0.09184304503143781,0.448479108868959,-0.39674817336879564,-0.8560013635529813,1.0302869022059575,-1.0286105119315019,-0.8003443838426838,-1.1888815144950002
186603.0088838,-1.9084639760510271,1.7025787915532602,2.329407365537205,0.34404363076495625,-0.3691912871646116,0.48898254239451894,0.12462112629499632,0.4775007329771742,1.2950899545146428,-1.42270791375206,-0.9250210412978712,-1.212758196542858,0.24400419785110647,-0.44577420155270336,-0.46178133293573786,1.0391613492501894,0.5606737510232501,-0.622887791828745,-0.44099788465201206,-0.39772499042562753,-0.9739777664621851,0.8468953255270311,0.6307981439541671,1.7180892725604637,0.04759430619428187,0.5584530884436049,-0.39723209845964713,-0.8170530980596724,1.1042708200945444,-1.1055398407849066,-0.8597942784411002,-1.151258700524626
186603.5597746,-1.8031268492859283,1.571252368841965,2.267392517572773,0.3362289536228018,-0.40526603355549795,0.5215924945724112,0.14980319800264527,0.5273665668527711,1.280647995796208,-1.39492502348561,-0.9362442778641693,-1.1910108614906845,0.42873095623226315,-0.635916501624756,-0.5447019273366563,0.6916690202693215,0.5395448151899808,-0.5958547314406422,-0.4362016910909029,-0.3693702233566329,-1.1291423694140807,0.99394594039941,0.7534871276455939,1.9187575906434362,-0.004335718173244588,0.6243784853442251,-0.3822813417303015,-0.779555738182061,1.0929472032102958,-1.0844730326070025,-0.8712536051989821,-1.134085308358952
186603.9924686,-2.0754465313017194,1.9252584227414864,2.3925794007127164,0.6533342738704387,-0.4276574339669703,0.5654216975485175,0.1416174974335515,0.6709180707949091,1.1383954863460652,-1.2484064389108467,-0.8376672644180109,-1.2036797674410757,0.46208936259083255,-0.6342340861928097,-0.5313931156180899,0.5499824038012371,0.5745074470891477,-0.6332785710159129,-0.46379626955843734,-0.4666494975625756,-0.8144720918925361,0.7101085800713514,0.5077554002663802,1.7734708610916952,0.15058561029690248,0.31827983575062013,-0.4207482918327378,-0.8247851687810437,0.9919981508382795,-1.003149439992406,-0.7883473569853727,-1.1525911757735856
186604.4842653,-2.065419768936406,1.904864873167426,2.3878164720065813,0.6885050363256924,-0.5225275684959304,0.6754944900265266,0.1985659938910411,0.7950815365583551,1.1391859328305256,-1.248318837304479,-0.8407406657523645,-1.2121514423182642,0.5041047295279072,-0.6738309642259911,-0.5496374689915968,0.4528511797687405,0.5713679974333168,-0.6265374949317876,-0.4650296999397166,-0.4681021924402168,-0.7655524207031935,0.6535290444918586,0.48140296085052736,1.726164550017652,0.15221045258796106,0.3087247068481077,-0.42312230223395814,-0.8241353891634006,0.9866306457558193,-0.993925818071662,-0.7892552898305134,-1.1582132787485573
186605.1272784,-1.9596359486367214,1.7589567683497602,2.339422340395208,0.5880713043006419,-0.617106504843951,0.7759851927835992,0.26396200249169666,0.8613105582033206,1.1980967601874455,-1.3095401104896813,-0.8825882544961478,-1.220328190159078,0.5428515076858679,-0.7235144161872938,-0.5765231761454914,0.412733419530513,0.5568703990198199,-0.6085711986334017,-0.4554609161862634,-0.4317382820271202,-0.8316511430589861,0.7003499756944462,0.5432120185840005,1.7535486661304998,0.09136597249618132,0.4202724926837197,-0.41031727567157184,-0.8035038928585716,1.0192089571503389,-1.0139387042011494,-0.8217067389714308,-1.1600935831202066
186605.6084315,-1.4531718585477944,1.212423481688155,2.0445416479907252,0.1506988717873693,-0.6502096559247089,0.8047219830994635,0.32494202713826603,0.6823266592079495,1.3053989998563573,-1.4174513823067925,-1.00045664281846,-1.12542932808189,0.495202194865868,-0.6880665741764008,-0.5938823147007076,0.46653207177325434,0.5657704767212567,-0.6142444233259557,-0.4724535884264868,-0.40041768466978045,-1.4075363863209338,1.2500834356293886,1.0482775508857352,2.041140885955597,0.04313265906103034,0.5355822517338988,-0.42449028972164127,-0.7430428689874612,1.1014135702889278,-1.0830487723417577,-0.9264783903474315,-1.0718086069850383
186606.2217085,-1.1753492513471564,0.9388865674721304,1.8369839942090531,0.01896899607193563,-0.6121936536999454,0.7583230682435799,0.32545583258257993,0.5888103264770811,1.2816107472167504,-1.3874203224137336,-1.0238107974611217,-1.0582428750868047,0.5212020219976097,-0.7065541952002485,-0.6194006123161813,0.3473887120536772,0.521349987414467,-0.5559113552019541,-0.46338111308038243,-0.35769822441646976,-1.6836936879432105,1.5276386264653636,1.3311871344470836,2.180642369020992,0.041993892931651726,0.5222335925371819,-0.42988003571903144,-0.7014081499545918,1.1050799434298346,-1.097195981902321,-0.9571544026619995,-1.01846115416582
186606.7085194,-1.8503695141188279,1.6785119365966301,2.2635407001524515,0.5214882965297308,-0.6275497412303037,0.8030805912263009,0.273815260987703,0.8048312264760557,1.1753986684433537,-1.2863682783661103,-0.8898570530486598,-1.1541825835132589,0.5479742071552486,-0.7113437272800615,-0.5841787543142453,0.2925654637853803,0.5624905094322642,-0.6028820096227748,-0.47882188034787926,-0.44529063624487264,-1.036523578384799,0.9187480502661295,0.7189486356817547,1.8931494073957256,0.19298473424409854,0.2518720741564636,-0.4611272144735605,-0.7960914577923732,1.035594714458961,-1.0516186369765776,-0.8423196946375643,-1.116469716636388
186607.2250849,-1.8954134379938643,1.707391804701852,2.2958134395280285,0.5976625984899657,-0.7663708832800354,0.959052139270397,0.3594262893676346,0.9934316318457748,1.1803125364000993,-1.2883326753595552,-0.8876534324101288,-1.1923939018248968,0.5402531126289526,-0.7004944260760073,-0.5759338596456451,0.3200731032122755,0.5703155006664276,-0.6103672215687556,-0.4804232455026014,-0.46708945656953826,-0.8481148217808332,0.7182621529380888,0.5835687980943131,1.7118828983382026,0.19266879723096123,0.24660928923891096,-0.4592301702634835,-0.8157564038462115,1.0263491961282925,-1.0321210631449307,-0.8355678191681174,-1.1478104696455724
186607.7423813,-1.5986419865643784,1.355138656576522,2.138094007041471,0.2977797122990917,-0.9976082253918627,1.1978389463975176,0.5384891711879988,1.1061993679476874,1.3014534418954802,-1.414496762588051,-0.9837146099117231,-1.190246351408419,0.5567980348420899,-0.7383862827023411,-0.6069079314761477,0.36399652500468604,0.578583320662259,-0.6214247585828058,-0.48461471650112126,-0.43319667748087587,-1.0121002852623975,0.8391393884094459,0.7505549593290348,1.7581841881066838,0.13855188474311633,0.36251105479807005,-0.46317168869204367,-0.7941422722863271,1.0329638150756923,-0.9803202423083593,-0.8887291909774683,-1.1085744921825273
186608.3267478,-1.2800236424075506,0.8795379428522788,2.0174001461370623,0.06918179586921219,-1.4337152378145592,1.5640156736453075,0.8866810389881216,1.4308773779019894,1.5338509276730334,-1.6155865643092433,-1.1339958563985002,-1.2872131725959648,0.5162376635026236,-0.7408256104709726,-0.6024323920611,0.6458466355490782,0.6270998674476206,-0.6847031317342421,-0.4763666976472271,-0.4259443889969957,-0.7271179193773298,0.46858894764379005,0.5782523398189842,1.4017358945913252,-0.10460735644855249,0.7444181630489877,-0.38192853378376723,-0.7675590640059595,0.8682756974247179,-0.6154454206759045,-0.8876100450535725,-1.0669250783126867
186608.9288126,-1.0866085894158004,0.6914247010163841,1.868371675915363,-0.016662958069097157,-1.386501997851085,1.5129955074070698,0.8855936035781348,1.3123399059704433,1.533323758391789,-1.6123719279638913,-1.1649381226086604,-1.2366919127900717,0.6443216727161298,-0.8699795490176309,-0.6810186890365001,0.43274429236400624,0.6397771141790888,-0.7040967475458197,-0.48554216417732726,-0.42736561096162357,-1.0328034509459962,0.7395811263053994,0.8541891243737383,1.6795672301841615,-0.11273008733650693,0.7552763244437126,-0.38960178931378103,-0.7367308850853834,0.801221580262379,-0.5128294346452256,-0.8870536387309675,-1.007200061612436
186609.4047831,-1.4941371997220563,1.181771248654227,2.095524350095115,0.20439721199707026,-1.1522060417875248,1.3242612801305058,0.6522184877342759,1.2548249425842393,1.4215704335347696,-1.5403706391306156,-1.0492883431495659,-1.235393671452641,0.6306576871428948,-0.8479484616626016,-0.641037271047559,0.3787042923184049,0.6701549627504195,-0.7443651495066773,-0.5135872873597677,-0.48105353858928296,-0.9275194961192095,0.6882024168470596,0.720361348997972,1.679365041935768,0.0077238230507046335,0.5727120970533084,-0.42035080240323186,-0.7575547718600949,0.8437558311500027,-0.6342627923852057,-0.8438404828672388,-1.043289506933464
186610.0421551,-1.6640061764743044,1.3979289070207193,2.1746981867261614,0.362754410556379,-0.9364108756281139,1.116206260270163,0.4884905991637937,1.0905828068547656,1.3536345013454543,-1.4832226105005937,-0.9951495396040462,-1.2305796146474495,0.6045028809499707,-0.8094217116145284,-0.6146419016821745,0.3542808506906761,0.6458643774995216,-0.7135728843188934,-0.5082697342225776,-0.4815466836708519,-0.9480752233844274,0.7380587012306121,0.7182040998891619,1.7474448015895583,0.028145364850609953,0.5329828455612678,-0.4174245183332198,-0.7548262686953877,0.916345150841284,-0.7789595076487456,-0.8459071919370981,-1.0881103026776893
186610.7411539,-1.7596090390005574,1.5057542748397317,2.2183944956462973,0.5249117759599033,-0.7273186469418278,0.8973614946067385,0.3482246826486509,0.8747634937178032,1.2998014423395197,-1.4248254537780223,-0.9605698017837384,-1.2214217668506022,0.5938037371527888,-0.7848906542627146,-0.6022231663687498,0.31685258798354804,0.6040482399723438,-0.659789938742584,-0.48722567062161415,-0.4644344576966585,-0.987603257913372,0.7987366121087007,0.7350695974438826,1.828061012616362,-0.019162275938082615,0.593015714582642,-0.39020494223918106,-0.726832613358472,0.9960398003291884,-0.9253620493544923,-0.8614651947255485,-1.1319000323718837
186611.1831744,-1.787614973389999,1.513833814070934,2.234754637222689,0.6518167968994131,-0.6063226658910259,0.7641135456243069,0.26947698420106203,0.7363236222236877,1.2854762113462193,-1.4030328592571035,-0.9535243109813668,-1.2253464742341993,0.551761794663762,-0.7327647397310146,-0.5790958808834017,0.35577262947140975,0.5746247897537026,-0.6197780894579124,-0.4680349249962157,-0.4583115502943105,-1.00118036877357,0.8230268995212207,0.7440299763861151,1.821157991810577,-0.08455126264676742,0.6927035286175856,-0.3613199523599279,-0.7079073837857399,1.0678064749376803,-1.0381020993880166,-0.8862865285889546,-1.1735056320908368
186611.8253202,-2.0006176235263227,1.7609242012937436,2.344663878550313,0.9891321366427634,-0.4350707600657712,0.5768072924018673,0.14866903144725557,0.6274978947829297,1.1825207034939338,-1.2983940883262235,-0.8793552542751026,-1.2129374999142866,0.5888063089434779,-0.7572509086263096,-0.5780830675394777,0.20686958545667875,0.5473265933432905,-0.590931467650253,-0.4483456860051344,-0.471673821649237,-0.8385672164673261,0.6950555503764683,0.5949592513611207,1.7360719058068785,-0.07167398522061794,0.6436448623713266,-0.34748165423140015,-0.6928458121297648,1.0272759794993342,-1.0298554418406216,-0.8350264993075757,-1.1821143889959622
186612.383314,-2.241663511933367,2.0611426721450825,2.469640276761737,1.3853116486040264,-0.4076163468760449,0.5531487490916236,0.12000132373666819,0.7003658218458564,1.0830479856491386,-1.2024905799605288,-0.7999198399241446,-1.2306606958378838,0.4808951128670418,-0.6270576638948381,-0.502200561881283,0.3293032416429818,0.5643718736878495,-0.6167538979018884,-0.4517921962004576,-0.5581343156400592,-0.4481287201152164,0.33470451263668066,0.28637608904699896,1.3008967158141678,0.028677088785771684,0.45142242314467257,-0.36266900325101853,-0.7324963216348608,0.9404165179348275,-0.9541162152608041,-0.7594360882884996,-1.1945860947942288
186612.9629208,-2.2725786320777512,2.0900520271573004,2.488996286236155,1.4367128098801354,-0.4138802982198469,0.562547380594379,0.12506882622820867,0.7010390915840645,1.1103449108851184,-1.2471454988118216,-0.8052641512128353,-1.2585150811163692,0.4066393807708058,-0.5554460461222961,-0.460583342561498,0.5000204613797115,0.5760511039103773,-0.6381972432202045,-0.4487513353092945,-0.579092500606322,-0.345993349275566,0.2349590727596493,0.20757924657988072,1.1395281000892337,0.03781161427194012,0.4433338714499468,-0.36454379805615583,-0.7513937329762357,0.9016052697349234,-0.8901035638069544,-0.7425017319044608,-1.1882991482342193
186613.4081175,-2.286699877250855,2.1089666768981927,2.492435682656852,1.4343217602231175,-0.30167723020713366,0.4249669541630901,0.05777856120561775,0.5708585724461046,1.1428499234628986,-1.2992082528712627,-0.8159148424738883,-1.2738356639877975,0.42239519084054356,-0.5822434379250315,-0.46463349704668455,0.49034497472217164,0.5782411947588662,-0.6502096764142024,-0.44162718047928995,-0.57148166296138,-0.4066938784738348,0.29382537670689624,0.2492771490025974,1.2442295469059759,0.017680923311771287,0.4811452104442962,-0.3579008059781579,-0.7415480847657836,0.8339037535577447,-0.7772428510019779,-0.7194150668870463,-1.1528894425824086
186614.1079328,-2.312524807822212,2.1246268439236746,2.506722653806878,1.5055957675866154,-0.24429802049331134,0.3513889980162761,0.026780765058079747,0.5084222149410745,1.1682927660510607,-1.3428116526780731,-0.8209924348604557,-1.2923709824681637,0.4399786502130134,-0.6144068952503757,-0.46660164222055983,0.4808703840155645,0.5578118559580902,-0.6369985091039421,-0.4179246416376626,-0.5419370262747696,-0.37168223261745065,0.26128674624709386,0.21480422243105826,1.208133802461198,-0.002268603074371114,0.5190387189253942,-0.34909758333363566,-0.7421334838257947,0.7646903917851832,-0.6621242500800498,-0.6936913392437021,-1.126580676435725
186614.6076964,-2.327261434797737,2.132083093213871,2.514394534353642,1.5832398912745969,-0.20363365834312763,0.29692685797481966,0.003786070132241627,0.47849488522688466,1.1594009534420677,-1.3350823944172299,-0.8139694921986266,-1.2874178986974083,0.5156635510889391,-0.6997150776716812,-0.4975911352346757,0.3231873668995799,0.5271223235029641,-0.6037103825028296,-0.3970777116145169,-0.5019331935796392,-0.36393217329115074,0.2564354017768005,0.20182598380080863,1.2293492703641495,-0.02923811141370415,0.5521539698044384,-0.33564704835543024,-0.7199822110635667,0.7218785498117519,-0.599091468178189,-0.6757212008834428,-1.1049381104245959
186615.2074508,-2.37358301070961,2.203473826333687,2.5386084320391786,1.6457478481901529,-0.2704741484263927,0.37887726448953307,0.04169988597803549,0.586416545653934,1.1228945503457355,-1.2910165168909222,-0.789568074479164,-1.2927020800685665,0.43688655817320415,-0.6050682575246733,-0.45277244136471395,0.4611514768505275,0.5364471268745478,-0.6143395246174438,-0.40224474314370695,-0.5341752322650105,-0.19005605427365677,0.08583420865423824,0.07250729073915141,0.9907662501183925,0.018905743575448164,0.4554878383108193,-0.3460244403387105,-0.7384386441706986,0.7189792344407236,-0.6132488387552382,-0.6622059094300701,-1.11876616430873
186615.7249618,-2.3438502975027897,2.158892268392115,2.5300000121901274,1.527234525175728,-0.36067696516739944,0.48335123008457126,0.09609462218816082,0.6950315785095965,1.1720705166495498,-1.347166826431216,-0.8141717423613346,-1.328388361540455,0.3853818317273171,-0.5568285401080088,-0.42775531323830407,0.6125085759148104,0.5546168196171853,-0.6375303187247123,-0.40717819900854396,-0.5480444973402779,-0.1517704196462855,0.038441785470911316,0.04761747501140507,0.9366356837577564,0.02108908725034804,0.46100191228258325,-0.35254671433267337,-0.7582873133568349,0.7231394270720756,-0.6001615109662439,-0.6720601404488372,-1.1366901911203235
186616.3254093,-2.244558779091278,2.001168913451568,2.49699990311862,1.2891806996400883,-0.5599413086228965,0.7051201806052476,0.21945427605202816,0.9098060692810519,1.2844507607930267,-1.4686676406176877,-0.8753960232073786,-1.3837672751543943,0.3723484541334637,-0.5625961621964318,-0.42453886084750814,0.7264458905051425,0.5786062497796677,-0.673281787561911,-0.4047902759833118,-0.5413294068949193,-0.13222064223439028,0.00013144588255318884,0.035416884064684906,0.9241797068698987,-0.01112645268148658,0.5335338948744145,-0.3548823053962331,-0.7769141484899628,0.7124417179238902,-0.5354088444377523,-0.692263597800901,-1.1476015357569052
186616.8070309,-2.074813327725711,1.7291730647388253,2.4365380143213886,1.0768037213880683,-0.8179788194548182,0.9801846340260979,0.38850586370095075,1.11060561489628,1.4324688629831808,-1.6197519795491835,-0.9628779244156325,-1.4217028629880688,0.3836253149822067,-0.5989620942475802,-0.4353179959466462,0.7711001877330026,0.5969211710239457,-0.6983823141949222,-0.39743248274774245,-0.518920366802547,-0.12887235151777257,-0.027695459832377412,0.040103556126143504,0.9038726654056591,-0.06226444515327967,0.642420331263667,-0.35557568354620056,-0.7900411179041101,0.6709135948622422,-0.40698618220452654,-0.7139433474922613,-1.1317178417282843
186617.3403946,-1.9686024450662003,1.5698307915670153,2.3933301990573446,1.0024855928207475,-0.9786739075460897,1.129609494659506,0.49797748684441445,1.3024913744941953,1.4789950360921218,-1.6498915618125578,-0.9983890134983365,-1.4354828816835796,0.5475478597310589,-0.773130610491695,-0.5184070703375477,0.5188880094003785,0.6096274354769233,-0.7141344776833249,-0.39857915330472504,-0.5049948320008653,-0.1568096259461459,-0.016986947165300737,0.06837347651564414,0.9749360056448017,-0.06088062801554885,0.6311377434664072,-0.36461763088381044,-0.7941055260938484,0.5287962752738876,-0.17643443254005145,-0.679688294392983,-1.06421774258183
186618.0399045,-1.9701024307615362,1.6324361501727593,2.389212543345208,0.9166053906697011,-1.0657437544572688,1.2397839802651969,0.55066394304469,1.4063847957914875,1.4068666640438179,-1.5648245247927577,-0.9704124187009728,-1.3872235575989906,0.4160412366533797,-0.6170521278047876,-0.4536476594192766,0.6765012941199846,0.6519604207368177,-0.7575810833284166,-0.4361828350704865,-0.5619230044898389,-0.07592820804756117,-0.0838527273194309,0.014315579263798353,0.8237174381390876,0.004701234331021382,0.5092986989747712,-0.3855536857313053,-0.7796297407152569,0.6322048375013279,-0.35820836616733476,-0.7083954667316554,-1.0944326159161735
186618.4735967,-1.997512685337519,1.600846360048432,2.418402502555203,0.9864914436549568,-1.0438692541358763,1.177631279399551,0.5436788727863048,1.440768769362443,1.4701237359842259,-1.6290307454587096,-0.9834384680522472,-1.4607044394306163,0.4101851048830742,-0.625822751175383,-0.435695117258484,0.7703215742602133,0.717666284841891,-0.8339891176249099,-0.4596862801503577,-0.6252770541763666,0.13749116165727937,-0.3178801195573117,-0.12082602551716853,0.6026593770059914,0.08216402767141946,0.3887839419457681,-0.4115408884524386,-0.8420571903238679,0.22375162443550534,0.23946115242256438,-0.550894595910812,-0.8722024803527535
186619.0408566,-1.9616225850155202,1.4945861385245152,2.4221779044090854,1.0056466657080678,-1.0350430801168848,1.1279638505392426,0.5481056083876304,1.4433076056696623,1.5245074223317976,-1.6562060301210109,-1.011836062985065,-1.5077090640913864,0.3801551743069786,-0.5991265169918979,-0.41542566801126096,0.8836665729760375,0.718506071698073,-0.8273870325922487,-0.44701829363801665,-0.6152335999956419,0.30499210007594485,-0.4957946397491736,-0.2167861742641553,0.4059683598981875,0.04948731542611821,0.4299019870960406,-0.4014602970997758,-0.8465862798491354,0.01901758129349098,0.5260622432945349,-0.4777570167984415,-0.769060260315791
186619.6241097,-1.828789502798807,1.285243418306263,2.3687225711180955,0.8942582584083648,-0.9699895286901051,1.0419158136202946,0.5136585324060766,1.2350506365630187,1.697831662239338,-1.8214983467933428,-1.1154677678887985,-1.5580372708342627,0.47891680108699575,-0.7138654564028326,-0.47438653463067665,0.7566148460431581,0.7623508967977852,-0.8583662369127589,-0.4718913811962395,-0.6309071291534499,-0.13085427582187062,-0.09268864601926881,0.09782716541280045,0.9536033625172264,0.041683988746500936,0.48535445738049354,-0.42793450716279424,-0.8772101373506633,-0.05115004155983489,0.6739049968211531,-0.49052807805846366,-0.7733725661933917
186620.1569013,-1.8963571869712432,1.3451525653086758,2.4028514042858475,1.053331544824538,-0.8827416341258761,0.9449300700805883,0.45338129342541517,1.2311944207000398,1.64913529268308,-1.7651022609243687,-1.0828030731565432,-1.5880263347070283,0.6101040230218236,-0.8362906054661158,-0.5329578305248326,0.5430317046779166,0.7122358705619547,-0.8027331293178767,-0.4428347961412531,-0.599833219019458,-0.08043241184844897,-0.13685162824906,0.056168986053485,0.9556133023552629,0.02373831686994481,0.4890184117568848,-0.41118601765965157,-0.8765098383560608,-0.13568227019122997,0.7618765768112739,-0.4426199662824672,-0.7188015804752107
186620.6400602,-2.1928555063864312,1.8578128489724939,2.4883470266842407,1.386182243175524,-0.7249092567949509,0.8693259501839035,0.323160704409082,1.123880058499163,1.393624100370871,-1.5894151317399028,-0.9249578724081227,-1.4584481251398815,0.4790662064303042,-0.6963933946752449,-0.4528000931819395,0.566495440733328,0.6510976902156462,-0.7616449969940364,-0.4334067704501538,-0.5996796002612939,0.04719926459660424,-0.2191895554309407,-0.058101836739810016,0.7126422020046881,0.11047832372219785,0.33268064222307875,-0.4078956177575832,-0.8370375134638375,0.23629917784575924,0.20682363746064847,-0.5343455405557138,-0.8940347055476912
186621.2234491,-2.2322583813523416,1.9444355398930078,2.500375229633051,1.427390840872324,-0.7039150980149231,0.8730163596002357,0.3033856558149643,1.0537302010985992,1.3469917824716005,-1.5524131103641117,-0.9002468323331017,-1.4085950769812101,0.3549936450888711,-0.5595487998984057,-0.3873155139415817,0.7281559642090415,0.6093371305917159,-0.715227895666308,-0.4125317400769624,-0.5681577994009809,0.10781432618826096,-0.2651808432573271,-0.1135671284192162,0.5840857412104371,0.07888030651244156,0.37648820212147316,-0.38923258662230786,-0.7990765011340609,0.43815628851437355,-0.10156945242856398,-0.600867084054846,-1.0175333698741487
186621.7566136,-2.2325840115211286,1.9590569534977615,2.49348508300997,1.420843867141722,-0.5933241940380108,0.7609030602959063,0.2295003412368004,0.8752469298162152,1.3729586063941122,-1.5912556140450764,-0.9191965611166752,-1.4050751024037047,0.3483326655309389,-0.5513534601524208,-0.3884115972630979,0.7113217199895773,0.5941111868296618,-0.6961659444975773,-0.4065272446222969,-0.5505263797335542,-0.08025809231623378,-0.07300758846206677,0.024436846008070945,0.8094843747036704,0.047114290763167775,0.44135466007056934,-0.385545355379185,-0.7816907715201996,0.5436495483574961,-0.24953206670709824,-0.6477415118735869,-1.0796046379937252
186622.3230773,-2.186925960419284,1.8773961607556702,2.482851170894362,1.3005667508486043,-0.513492621580391,0.6742088504271253,0.18505472176518112,0.6829562650304989,1.4804729212655825,-1.7271136656290749,-0.9722716276494904,-1.4129850673738729,0.14466095880303156,-0.35047644108964715,-0.28306400287556294,1.045589821844654,0.5831693614514049,-0.6842602895750584,-0.3901361073446396,-0.5218087027692021,-0.11317678554524035,-0.04259816846424252,0.04504247816980374,0.7960515694407757,-0.01740747921788411,0.5808879761280675,-0.3728357412461819,-0.7725889768276598,0.6226996052427807,-0.32804442255284283,-0.6946408917134718,-1.1177816601937978
186622.8730665,-2.2872735598678036,2.005180535348465,2.5197081720044294,1.601053578445433,-0.3912072433907078,0.5324435181799294,0.11005080449054466,0.6004428904306474,1.3736626091128885,-1.6119432043558473,-0.9104684257636064,-1.3856208960587506,0.3020005229466869,-0.5066562020562854,-0.3537743501233404,0.7404917648023085,0.5225556144636433,-0.6139607022366712,-0.3590807017249133,-0.483873701677383,-0.07361298212745905,-0.06255605565800969,-0.00024021034590442734,0.7748812180129598,-0.043461649442882555,0.5906342571814446,-0.34546354919726063,-0.7408611894918129,0.5973366883056337,-0.33314214640302614,-0.6607317393399492,-1.1065136644634024
186623.4796739,-2.3350687632623,2.0965809068458987,2.544187000338586,1.5898438312275849,-0.3987231355939382,0.5374494602551775,0.1112708002198436,0.650591695822837,1.2982546806099473,-1.5113479145709763,-0.8679246429268579,-1.3604859952860804,0.1373131419240105,-0.31122009635326775,-0.26341888041497863,1.020822399085609,0.5275824815183666,-0.6200708575495476,-0.36065259331022015,-0.5033030340502066,0.1962155593597654,-0.34550024022908077,-0.18185544339400078,0.4209989795987782,-0.030849210206794514,0.5346202540181891,-0.3372916827214557,-0.7192869322535597,0.6052752456509388,-0.38051151241639514,-0.6443145577909157,-1.0991809441449625
186624.0564729,-2.323868738841592,2.103956985450726,2.536760646458764,1.5631705683707602,-0.3422654982687483,0.4838690667060008,0.07556859906239523,0.5344898677571241,1.3036156877625018,-1.5261554750953006,-0.8755625947435275,-1.3376483828903873,0.08276031812207255,-0.24512177452392173,-0.23549943980851942,1.0435230642085713,0.5439974356769286,-0.6322656440144881,-0.3809566281311022,-0.5254993372979271,0.04840662488225208,-0.17375708937522882,-0.09031457355741895,0.572002946659465,-0.00397287682083086,0.5046358482322865,-0.35169705291485515,-0.7276412949308018,0.691327047487416,-0.5151619173800747,-0.6782989563657358,-1.1223974318768053
186624.7088186,-2.2965587356097625,2.050562679487986,2.528900152197202,1.5330573260399052,-0.3272036274831068,0.46582182403633704,0.067493292927728,0.4939323044706245,1.3493317649380943,-1.5798783245536325,-0.9002956178805704,-1.3507566043238948,0.05997441660801496,-0.2279891338669073,-0.22082944341963875,1.072392469931846,0.5309233119248303,-0.6158055192244523,-0.3697884752943112,-0.5045441229532281,0.01954712841192503,-0.14724820356181328,-0.0703336179382892,0.609308746068918,-0.04995112522323204,0.5875462005406554,-0.3395891892288588,-0.7171148686347024,0.7139368664332377,-0.5330095228581733,-0.6955571013632615,-1.1362752505994682
186625.1568645,-2.235546560728977,1.9204680308812079,2.5107469480439075,1.5322412145354527,-0.38336061057430043,0.5313272499223696,0.10276774777672763,0.5184338564356602,1.4224452966437509,-1.657065400719231,-0.9425938303158201,-1.3755275599814352,0.09137756369849756,-0.2756755488808142,-0.23352443655689362,1.0128487624345888,0.5021285577898862,-0.5808509560631364,-0.34360866648595145,-0.4679830772417436,0.0014388277719554548,-0.1376335128656377,-0.05719844147190408,0.6402138360910177,-0.141180034965631,0.7444685637744027,-0.31338678619532506,-0.699440272306056,0.7426969603648141,-0.5450384260491616,-0.72320253479474,-1.1607867599674848
186625.6564555,-2.1961659485922254,1.8698816867361343,2.485305433771904,1.5614584890681802,-0.4370401202106978,0.5932956211722166,0.12779693141728202,0.6041168925430922,1.4157703264808776,-1.6365749646215995,-0.9504388658333345,-1.3887512772623443,0.35395201774467805,-0.5552284451583854,-0.374389677427208,0.5964593659370168,0.4879507014911794,-0.5595261617112776,-0.34437918128115497,-0.4447194549040642,-0.21745535556161086,0.08973478214224183,0.10316744051548979,0.9317859625869389,-0.14789476418816683,0.7411121357617606,-0.3161507923097464,-0.6892966090489339,0.7408831428359647,-0.5426946543210911,-0.7309112888532332,-1.1710533689198868
186626.3525355,-2.2776958452123046,2.0225436250541033,2.5199257942296653,1.6279651797512342,-0.5110028582997647,0.6872389322087804,0.1674754200020391,0.7303708295943507,1.2993214133405437,-1.5012798066512862,-0.8831930254559262,-1.350166719373345,0.2451880206750361,-0.4193919585971301,-0.309990967832253,0.7406471576610327,0.5096200253105165,-0.5845142271589908,-0.3647915543368428,-0.4873026986962586,0.04584419982379364,-0.16952691042379547,-0.09137591614330227,0.6035235196331816,-0.045277735392131625,0.5465033215713628,-0.33790947481733674,-0.7046010208197535,0.734002779754308,-0.5815729760030454,-0.7001402756460432,-1.160436247750441
186626.9735099,-2.2340709546590882,1.9668674429371062,2.504103567215712,1.544014990325162,-0.6045815447383341,0.7991074095830493,0.22231111364655798,0.8102634880743809,1.3288197062248277,-1.5305483190947724,-0.9040594826401585,-1.3548365771755453,0.194516261643399,-0.36719313777576645,-0.28186576453446327,0.8211193662543494,0.5287229726447986,-0.6063051101180116,-0.374029385217464,-0.5047241636506462,0.06351588761591728,-0.19084865274116067,-0.10038232882921141,0.5679821298122609,-0.022392687224825705,0.5162280697865157,-0.35271166978275625,-0.7206247423039066,0.7454703584933061,-0.5873077025769625,-0.7133660498582167,-1.163194491336056
186627.5565952,-2.2131079263844136,1.9294714488347537,2.4971603538658647,1.5499576594136515,-0.6362032605741355,0.840659753471073,0.24171850688132826,0.8093504981169055,1.3485086642050559,-1.5536175283196891,-0.9181870618828984,-1.3473197166187456,0.1616115117458358,-0.33379520392814427,-0.2618614545438803,0.8498236134142371,0.5222984478316527,-0.6032102453712098,-0.3603274838154984,-0.5021536830079792,0.087153504695998,-0.21559374915925347,-0.11972542231665705,0.526893575920889,-0.026380947130727275,0.5305810496752069,-0.3548989150223825,-0.7244174051373478,0.7561200056107337,-0.5944955252027372,-0.7238785231658763,-1.1621345421016096
186628.1560741,-2.1337351619606695,1.8029098085616357,2.4619098152139753,1.5211332825359127,-0.6921594316785763,0.9136073385392349,0.2747534957329443,0.8059937568941226,1.4210404780941424,-1.6362152630460713,-0.9685779585171078,-1.362350909866905,0.22116071497460302,-0.4065723252641125,-0.29566843450019004,0.7367540791869911,0.5062735447122887,-0.5786571296946696,-0.35363610629571746,-0.4763644356662772,-0.07348899130309633,-0.054677329510932786,0.005966026597667272,0.6896494384023822,-0.04655025366244807,0.5854784544868687,-0.3619667335420027,-0.7316611159924783,0.7974591008237526,-0.6258735540719522,-0.762780104689568,-1.1831540954937494
186628.6227318,-2.148573158208785,1.8330367962767018,2.455599894883738,1.601979035133937,-0.6701343665902016,0.8914396275946339,0.25332408741256285,0.8187277921622851,1.3852834944163228,-1.59604084077031,-0.9536072573669842,-1.3464058841565185,0.44243968936025885,-0.639380992942167,-0.41845486192620523,0.3739932625722326,0.4836477840328009,-0.5500431697775711,-0.35099912346654827,-0.44392211149659905,-0.2082955160864821,0.07224294222545001,0.12382588182684248,0.8720433243370259,-0.02061707702815939,0.5335050903368508,-0.37161339307400687,-0.7229469419440913,0.7362491501042423,-0.544759452943588,-0.7380752282893991,-1.153468476608272
186629.2732217,-2.245957933505898,1.9930522192314328,2.5015834543293085,1.6557820846564426,-0.6315860277435013,0.848393723639755,0.22473097431006006,0.8349470262246829,1.3048920393927457,-1.5072877248971899,-0.8976999436898359,-1.3317608624682933,0.31551707591537403,-0.49315391917722107,-0.34029480839103576,0.5640531251319962,0.505943021970777,-0.5796419601629627,-0.3661849870318095,-0.47849910574095655,-0.0020544569573946077,-0.12420305398681733,-0.04193208987508905,0.6308652819067991,0.04889974438411815,0.396197902420264,-0.3809757335941999,-0.7327369503279237,0.704346536543775,-0.533357187067262,-0.699226866057399,-1.1426505993827478
186629.7557819,-2.256866332420868,2.0161144817870897,2.5038103191086782,1.6396167916310829,-0.5763422058557233,0.7960494366121158,0.1854147931489359,0.7387731618815606,1.3273046619804365,-1.5428332900871955,-0.9086226981096647,-1.332115094407551,0.21993721821557646,-0.3920457958086413,-0.28650423203249487,0.710884827582994,0.52847756509958,-0.6080979561268506,-0.3796318965486585,-0.49937061054534665,-0.015682374800203017,-0.11804023751997254,-0.019720839912039895,0.6249723180584015,0.08175591196145678,0.35594374202304463,-0.397152427728919,-0.7495129167335483,0.6914155558197438,-0.507090380879589,-0.6975930179258372,-1.133248477467593
186630.2564789,-2.2830626061984947,2.0474808520790253,2.515796070078261,1.6858931113136921,-0.4916215440096852,0.7031082253809628,0.13434488293009478,0.6182928657829698,1.3365688113483236,-1.5677135291781872,-0.9078240701154356,-1.3210976450591123,0.1511534637005278,-0.3209838226810491,-0.24292995053192626,0.7989719586657101,0.5207288243274296,-0.6045932403001147,-0.3690912832681309,-0.4913564840501609,0.008173876612139766,-0.1362084015662136,-0.04592407935561625,0.5784696363741656,0.0806023262637394,0.36447704033375794,-0.3950568686310395,-0.7490332573208647,0.6774568479560232,-0.48556712406818003,-0.6893147011062067,-1.1201401857063995
186630.8438135,-2.27638760151785,2.010174552339344,2.5160660814837006,1.7488043352792397,-0.4517665948736126,0.6605738607169919,0.11073777004795858,0.542570097287123,1.3697103120796903,-1.6161148091132354,-0.9234027902840987,-1.3176523728066092,0.1648186217056647,-0.34359064967696,-0.24421921825872395,0.7505316237691173,0.4915166257303031,-0.5739807913939893,-0.3428140820463475,-0.46088533065876547,-0.007208562208358491,-0.11536843409987026,-0.0452963661258559,0.5882303076722507,0.024894355621519534,0.463473543921509,-0.37481441974106317,-0.731948085941628,0.6844228434626424,-0.48516727269379145,-0.6962569750755705,-1.119650574600728
186631.430438,-2.3090584677599093,2.0492772990560395,2.5281148035131475,1.9076404178576687,-0.4553963403221927,0.6607695848982706,0.11175090594067916,0.5768559878070554,1.2906285417085872,-1.5135234918874445,-0.8835140483493858,-1.2783889317455839,0.35964594007508555,-0.5442316289149707,-0.34964277244072006,0.40721058100953617,0.4517240425352252,-0.5236966099998278,-0.32394609766419236,-0.4259973559881185,-0.009327555767844935,-0.10184137582190786,-0.05188509470048758,0.6019476458104721,-0.007624858116999445,0.48256514090340696,-0.35064718616230184,-0.6903168125874356,0.6794086976480471,-0.5093189182335662,-0.6802305101367386,-1.0989515321635943
186631.9555943,-2.2998997301251056,2.0581438337636677,2.527555212785833,1.819534365776147,-0.49786781805381924,0.7066982313790632,0.13264233460920627,0.6466295298022562,1.2730607676060028,-1.4762286035617835,-0.8770474545751318,-1.293946709234957,0.2554989894091168,-0.4215664546845143,-0.2908199824515439,0.5815792581282536,0.47366238855260484,-0.5445149444698977,-0.34067480739541256,-0.4558766538073071,0.05663628487415849,-0.1683237217382811,-0.09983769166968429,0.5296831400355267,-0.0020749462040594185,0.457186432884704,-0.3514165066481224,-0.6899952605137062,0.7409840639411054,-0.6113947735729601,-0.700401104655144,-1.1376076701862134
186632.5303869,-2.3026606379881196,2.059423164068141,2.5320277686099177,1.826974761204024,-0.4792927714590529,0.6862140667158407,0.12129861777940729,0.609221826750251,1.2676435362341838,-1.4680124136921373,-0.8735502659769117,-1.2840303709958216,0.16908546669083163,-0.3250995009492721,-0.23777706267957918,0.696989628943219,0.4654226204989846,-0.5342055106694926,-0.33183155854552704,-0.4563953257951231,0.13317797420981062,-0.24462983364375449,-0.16179451630431838,0.4275285322556496,-0.026340598661200407,0.49057728910333875,-0.33890100736916406,-0.6770351153185463,0.7729644104745594,-0.6642672609326655,-0.7094719755138247,-1.1432539370436512
186633.0555847,-2.3154765358455345,2.0772345958816993,2.5354409964210842,1.882508122610512,-0.4200686845323361,0.6226067176140051,0.08476988140599082,0.5202683944795394,1.2600550850453824,-1.46421144083203,-0.8709184437151087,-1.2648933300207488,0.16235017325505077,-0.3133310688634462,-0.2322982924151324,0.6673544731302508,0.452236112586078,-0.5173519439458202,-0.3252261552353014,-0.44744802476673295,0.09641567906146822,-0.1990727767136839,-0.13872339611036144,0.4480051355390886,-0.031265134791026425,0.4999272604446336,-0.3362279162516652,-0.6696581058808609,0.7957533052209157,-0.7058013435853581,-0.7168166740995058,-1.1361366650910467
186633.639036,-2.302769496386697,2.0408229876681827,2.528510296693938,1.9544263359862648,-0.4085083283133123,0.6187405456815098,0.0751347864857628,0.47129155449250276,1.2781176547632176,-1.4914029900672348,-0.8852912150762409,-1.2485083603428644,0.2384760139394769,-0.3975414399039632,-0.27426827634983064,0.511698695989138,0.4331892158544884,-0.49410139094659594,-0.3138160521145335,-0.4255339879706572,0.012936379001535374,-0.11018869071720501,-0.07271905722587184,0.5151377714921074,-0.056956059588571924,0.5491997793594716,-0.3299641082253263,-0.6552744844206012,0.8055146207298637,-0.7155288010741648,-0.7275863741878978,-1.1232375252258895
186634.155498,-2.3260479398893783,2.067546275539011,2.5376027649250736,2.061686829289943,-0.4163631404025305,0.625646582373796,0.07938274611423143,0.494953367238143,1.228106800381883,-1.430924887002495,-0.857687907184947,-1.2107760785505814,0.3963828380011096,-0.5640078507538393,-0.36230619347878035,0.23779442264404768,0.4067986429184523,-0.46355223285967384,-0.2997921460935551,-0.3947792781473205,0.016480825799067383,-0.10860367413913426,-0.08003954114173223,0.515718256332913,-0.06726106818088727,0.5425638185750231,-0.3165022042220906,-0.6206726237563308,0.7619030413722839,-0.6686680317326857,-0.700657518918199,-1.0839248950508145
186634.7382838,-2.3010120920843966,2.047554625246562,2.5297737774326063,1.9543370976562113,-0.4838793435894375,0.7067622123782439,0.11373880107680456,0.5719401118932392,1.255042859104536,-1.4528486082335257,-0.8746634596357358,-1.2508484663723949,0.26732635667591964,-0.42371875021482425,-0.2860715320074361,0.46325761291817014,0.45135731101681215,-0.5149067112812706,-0.32749589389500866,-0.4412099434188809,0.06557038637805941,-0.1665673152927459,-0.1077390805768384,0.46366814697306924,-0.03868158389224284,0.4958172196174261,-0.33285116752100424,-0.6420853087980528,0.784276106390745,-0.6920926722198656,-0.7146914448733873,-1.1190592508513608
186635.288858,-2.283190510349021,2.0320848589252476,2.522389566804193,1.8803809559243299,-0.4738227007265734,0.7023497278709645,0.10309421935743557,0.5343848637666989,1.291261692672787,-1.4975285185821876,-0.8966096417081223,-1.2657829209259124,0.13109669707695032,-0.27904174372367613,-0.20477578620032927,0.6703965214820952,0.48137572167656206,-0.5504693314390549,-0.34495308717447437,-0.4706683343381581,0.06994187446897551,-0.17587801132728734,-0.1029109215663006,0.4407638200046516,-0.01733443347381049,0.4742120215546475,-0.3479107009829765,-0.6601625889688892,0.8006716586541279,-0.7057290032786538,-0.7283236485294254,-1.1293123169448147
186635.7623056,-2.292606566005884,2.058995559210353,2.522956491727775,1.8462591297053486,-0.3845544059400055,0.601542745483518,0.04631367259757956,0.42730658885670975,1.3131872312297606,-1.5332080861290376,-0.9076135010038247,-1.2673313666826167,0.026693394255584073,-0.16646268908540346,-0.14209057724275992,0.8127451510724775,0.49385658760558976,-0.5673201624885179,-0.35218356030663184,-0.48016678120561695,0.04760145643190386,-0.1564048195587443,-0.08001197189324147,0.45326593636660373,0.005436308371738941,0.44967771309809285,-0.36069477347594964,-0.6721311712614463,0.790385994051311,-0.6868202605302599,-0.7266757804029478,-1.1199474868514587
186636.3545653,-2.280096999908207,2.022272692693645,2.5145966569667824,1.8936382898450057,-0.36024975493041833,0.5852386692716237,0.027497847058163587,0.36529030319093975,1.3571228294832887,-1.598441415357249,-0.9339537750702437,-1.2606664621348618,0.043135472682904054,-0.18925181212985842,-0.1486988761619631,0.7515391387724176,0.4951184744523563,-0.5724396154784693,-0.3493257725112683,-0.4740261893171049,-0.011037627180861181,-0.10602515545132993,-0.0206795948699814,0.4945841556970868,-0.00715646206214916,0.4897511976180818,-0.3633699003071886,-0.6728051984229365,0.7631640674630885,-0.6311045611664433,-0.7260665851043006,-1.0975540376305466
186637.0096211,-2.3089222113871672,2.0462388547986,2.527807127750066,1.9829901865072008,-0.34918112653021033,0.5631121297122421,0.01958472783842208,0.3864868725659335,1.3386639259485518,-1.5745728655068039,-0.9184782496245991,-1.2603448591688549,0.2192635980400005,-0.38538235689958195,-0.24648072488509803,0.5114480722703684,0.4692925407405237,-0.5456518259557553,-0.3292996199917447,-0.44448250814779655,-0.025047296928847617,-0.08994182791260943,-0.017808606891231003,0.5456269843868334,-0.040048178208331876,0.5232363393992756,-0.3433801355820399,-0.6476864350188131,0.6959787483254819,-0.5370384476353673,-0.6919445186137753,-1.0740383133948714
186637.573818,-2.2794586634390868,2.023836124789002,2.52129936226395,1.8418099024106855,-0.41696606623444626,0.6384474799500558,0.05506979552111916,0.47372006571846953,1.356447048627352,-1.578783327444784,-0.9292711211541939,-1.2986219565590422,0.08847659593654285,-0.24628972440558647,-0.16517260204922926,0.7441325487229852,0.5083046629848259,-0.5905247250295976,-0.35182902697323143,-0.48063253299134245,0.04745722172830168,-0.1676658382070259,-0.07405670724738775,0.49124562977151354,-0.026148087707422732,0.49119866744725466,-0.3515091509138462,-0.6605879489647483,0.7218872881039313,-0.5702186570993171,-0.7045305494471804,-1.1110657081085216
186638.1647737,-2.2839560384916124,2.027363650839737,2.5283623820059824,1.82990996567445,-0.371985516696237,0.5815982633905539,0.03161781008057426,0.41971689281500046,1.3544611835596436,-1.5785487344873872,-0.9225466191351213,-1.289141234914318,-0.02302799986341396,-0.12831939651310237,-0.08984638109497582,0.889280350312544,0.49819616359777724,-0.5822701908003881,-0.3364090160958167,-0.47614687254177723,0.15302551834853323,-0.26628617418576633,-0.17721772697471427,0.38247828208825363,-0.058199974285430334,0.5353158411765886,-0.332446909002768,-0.6460809225658368,0.7314866638307416,-0.5888532594202367,-0.7015135397831609,-1.1100164608683152
186638.6719791,-2.3025542623723823,2.0591444638295355,2.530451688740982,1.8723551451777245,-0.2892605952631809,0.48931302788889486,-0.02079481849946688,0.3235756202041915,1.3588166785056768,-1.5950368493504183,-0.9267600611229293,-1.274170522645601,-0.036002463611991366,-0.11064209337635347,-0.08222008966701772,0.8765764943435821,0.4979288379792628,-0.5845339208810933,-0.33638897083271857,-0.4755013773344555,0.09591454150477943,-0.20667483066915657,-0.12520509094326804,0.4125822674242827,-0.037815722123957625,0.5119829424101789,-0.3433919132881262,-0.6491621371794528,0.7129729853817914,-0.5635527398515878,-0.6956907443874552,-1.0862554899902717
186639.2568675,-2.274545887274091,1.9777934763977623,2.525262042099772,1.8800531705885,-0.28134081744088224,0.48174892902168687,-0.025874851695023137,0.29445253439572744,1.441809232634473,-1.6998556234574091,-0.9658996962857874,-1.3041076959103786,-0.0028518536427046513,-0.1654429908329492,-0.09014186294512234,0.8300086345326553,0.4717248112228129,-0.5621847215862686,-0.30213788327002333,-0.44205843905550807,0.08654791149292777,-0.20162386840278945,-0.13304293768666783,0.46420547327245165,-0.09643952322192373,0.6178351427342642,-0.32504544525896417,-0.6438043195342372,0.6550961262293855,-0.44827034387429554,-0.6831193649581827,-1.0787493582892118
186639.7880906,-2.3443130609216944,2.0890020151414497,2.545381333382032,2.072544148423603,-0.2752572759544609,0.4782083284375237,-0.033231502800850396,0.30499378749683403,1.3312485406702133,-1.5720342792202309,-0.9096457117401399,-1.2404949659751432,0.23464408784923643,-0.4054797269530774,-0.23676186050059822,0.4500767059201872,0.4429097654870849,-0.5238403744261365,-0.2990845616153675,-0.41939690812901465,0.028938699713186078,-0.13210240361502348,-0.07971381939702016,0.4875414566442024,-0.051780604990531165,0.5218090667294891,-0.3297907563005836,-0.6195426172012984,0.6336098481469605,-0.4555626260939944,-0.6571531210274719,-1.03572160717937
186640.3705452,-2.32072957836759,2.0820759432794924,2.536203379851334,1.947016388797157,-0.3307998745774295,0.5461189328729967,-0.009083578947491868,0.37386491281982775,1.3530223393420344,-1.5858811457286703,-0.9246715121483021,-1.281812923656744,0.10955136889410313,-0.2699872815662431,-0.1601923205816926,0.6603042513414813,0.478393239298491,-0.5639671040664463,-0.3223925329975139,-0.45371950764230984,0.061016996008353246,-0.1718998316886805,-0.09735890825486639,0.4705484934419445,-0.005815254975389887,0.4457361055214816,-0.35197661633346783,-0.6455509722290506,0.6553607643774275,-0.4821956186239306,-0.6705279105879999,-1.0706506428723057
186641.1710981,-2.304672065017304,2.0665086340605705,2.530943649768389,1.8999868627101322,-0.3324809171973839,0.5531616714609434,-0.010312642711318157,0.3565452454144441,1.3727132420203678,-1.6114901126628893,-0.9357617917408967,-1.2856168344310714,0.010281406978342593,-0.16434956691030048,-0.09465700083943963,0.7858689003033851,0.4874734996066158,-0.5760953316955482,-0.3244501281651426,-0.46379369050905533,0.08756134250723331,-0.19279585368004085,-0.12973670815129598,0.43758900391112193,0.009717842562716074,0.4250121901444623,-0.3585855565039819,-0.6549525961699867,0.669405648539414,-0.49995163071719545,-0.6774398216563146,-1.0756268912289706
186641.6538183,-2.307213154608086,2.0760531052921105,2.5290939840982416,1.9100591443940915,-0.29782985709983023,0.5186101946462943,-0.03335936123513319,0.3035702894076175,1.37541791445736,-1.6222537632431846,-0.9387933406210475,-1.2702118746351554,-0.035959814191614536,-0.11188235316636462,-0.06385886576140586,0.8185135094408177,0.49194767470271933,-0.582267519753878,-0.3280747517201202,-0.4674466368167477,0.07304088640115586,-0.1756934556931566,-0.11776131169789555,0.43224031634131493,0.03231061331254081,0.39685664439439733,-0.369843057148507,-0.6633756926889026,0.6682857370257556,-0.4994228524762175,-0.6774032959141314,-1.0633490554430358
186642.2311069,-2.320648124794264,2.074211534043171,2.5338386726029527,2.018610725418764,-0.28637619526003266,0.5146339241387462,-0.041485782488066336,0.265308302311216,1.3702623155071338,-1.627626221554919,-0.9363419783545924,-1.2380438669540712,0.04613973724195172,-0.20020190054505266,-0.10908793222761327,0.6553239470107792,0.473165284177505,-0.5623223193887681,-0.3139649003128271,-0.45042504364116387,0.04443497313288534,-0.14047127223036932,-0.09942084648150798,0.43710037323000633,0.019892858748106885,0.4213972545787066,-0.3638863665580683,-0.651296831527055,0.6531291512467133,-0.4796209990415157,-0.6696508661802775,-1.0365776058484761
186642.8102171,-2.3428395530458967,2.0901567599187345,2.546645357850264,2.1165328035827624,-0.3409942852896844,0.5765877461496931,-0.01017554278293563,0.3322608968417543,1.325244208240552,-1.5663675835249946,-0.9102302966359958,-1.213936469700237,0.23129479998508898,-0.39970356394375156,-0.21881329112798176,0.3927656926843094,0.4500044284201596,-0.5349731131761389,-0.2988249724949196,-0.427926771349885,0.059732507957811605,-0.15226581971913578,-0.11781302456989734,0.435158805335537,0.0019439782361089972,0.42690104704678433,-0.3469210555327501,-0.6262141520006106,0.6156139154958599,-0.4403354727511932,-0.6438671747057847,-1.0086408053936298
186643.3881921,-2.2817144848880204,2.0190734342965375,2.5268163341514853,1.9232054840760138,-0.40733082879372334,0.651829234813126,0.019525763795491865,0.40986216195303216,1.3955671758747503,-1.6294378545408892,-0.951474766745697,-1.292067985189815,0.040916863119833176,-0.2033988492166592,-0.09431803406803121,0.7124629170061589,0.4761970522334176,-0.5656963796946307,-0.30682575154098135,-0.4522920007713077,0.1223440612691604,-0.22717560511861443,-0.16766861259088717,0.42106889676324677,-0.00688794710347486,0.4407494807370624,-0.3518308994092386,-0.6474270658313418,0.6609081082880536,-0.4859434612759306,-0.6742240335921427,-1.0748124080059875
186644.1047302,-2.2562746524513,1.997831732159413,2.51439273301141,1.865990269931334,-0.4130411309051254,0.6676197193766497,0.01769315968484007,0.39035996687655566,1.4082323803602776,-1.6448746305598074,-0.9639733029993199,-1.2853006540871508,-0.08968853633715182,-0.06147819620935753,-0.009642741838482887,0.8641116886071971,0.490064829355252,-0.5812825746885043,-0.31527443455176113,-0.4671977795405522,0.14488394599901838,-0.24944621006292866,-0.1838563307014664,0.37478789996383344,0.018719195269826135,0.40762431588315634,-0.3655387100645062,-0.6596191315086984,0.6971039687092005,-0.5359941558986226,-0.6938003725407137,-1.0831322602425197
186644.5886773,-2.2968864560666344,2.072086189776707,2.5245225750236884,1.9375656900571645,-0.36013922213272864,0.6117510589436461,-0.013406958585253535,0.3278912995202787,1.3553761184841888,-1.5936142078857107,-0.9351800821702251,-1.2393584970943206,-0.11658562517529344,-0.01907902771246198,0.00637572130319729,0.851472446320638,0.4911078528050774,-0.5822228538236698,-0.3225608966923735,-0.4736206226694973,0.16033981103466366,-0.2579574284401592,-0.19531904757224133,0.31674063189752166,0.08082278640895449,0.30881260911431857,-0.3850736917502471,-0.6702377547918786,0.6859647346417725,-0.5397763399726696,-0.6793576195565446,-1.0504531932399084
186645.3306302,-2.31844047026451,2.0816990142074783,2.532298587161309,2.070623760959858,-0.38179854960013365,0.654032297048626,-0.0031081492980086873,0.3125161059810938,1.3366472514097525,-1.5847177961654042,-0.9267511789314619,-1.1929929558615628,-0.02326292799917281,-0.1145812264279302,-0.049009535870927344,0.6624709008450557,0.480970513484578,-0.5725576089708689,-0.3159818072637309,-0.46418533376937193,0.14901241057131986,-0.24240881276399737,-0.18270775910909454,0.28425814075594197,0.10281672724047172,0.27862795602592355,-0.39187193114985036,-0.6667378672838408,0.6540550451576961,-0.5000938229538288,-0.6628682255382352,-1.0059527516271753
186645.7699397,-2.352101461424661,2.1189193125650383,2.548324892564831,2.1483899351391704,-0.38622054768867015,0.6511570320166794,-0.0024084797462307307,0.34554132181343594,1.3074544242383621,-1.5450595797597257,-0.9068744835429198,-1.1854162359822435,0.16732302575115568,-0.3246093879924025,-0.1664806244097468,0.4240036283021117,0.4459625626625163,-0.5331478879070444,-0.29095297073369747,-0.4291004060213894,0.12951399697982993,-0.2208873294644726,-0.17160961044007578,0.32897209103749514,0.09041709510440175,0.2802575646360425,-0.3790130263755147,-0.6498637881146937,0.5976509043770628,-0.42662972409411215,-0.630985697316646,-0.9825265461738873
186646.2532887,-2.288956411388755,2.041964582274196,2.524592861211515,1.9671668651147411,-0.4228696403891294,0.6936187327025183,0.007043105076356514,0.38908171015114357,1.3946560011860039,-1.6341907635482396,-0.958832866296592,-1.2636282504979592,-0.00905545822755409,-0.14749914031282826,-0.047329839677181046,0.7169285896336453,0.4733884203482329,-0.5678587276849881,-0.298630545331096,-0.4496353950373829,0.1452113352945689,-0.24853731667286758,-0.18004166593608306,0.35654178935899006,0.08814163300481347,0.2940537111852078,-0.3905673992201732,-0.6769494978201015,0.6194841201718191,-0.43155107794299663,-0.656233649826746,-1.0395058109030764
186646.8701104,-2.3070104836142615,2.077569979401736,2.528016263340248,1.9937375044004733,-0.3735959935077359,0.6380037227080101,-0.022078702748189044,0.3322378972456675,1.3739443098845594,-1.6159276384298957,-0.9481654908300146,-1.2386295256463307,-0.06653018635349942,-0.07935177138922189,-0.009419246740968536,0.7624851823218546,0.48965951372526395,-0.5870401268161959,-0.31250328296823854,-0.46564687489545925,0.1674533306989984,-0.27077748326398754,-0.19260088066859246,0.30691949646295724,0.11127322453881348,0.2564001506051818,-0.39792610980129356,-0.6751118642329167,0.6048062846278576,-0.4188768328156272,-0.6453225495829517,-1.0159918156562466
186647.4048511,-2.3430969405025084,2.134251876902457,2.5373137241858945,2.056491410994407,-0.2550960479977094,0.4953981804712351,-0.08732644151409423,0.21001910903773274,1.3517205187368109,-1.6038812737511057,-0.933255694150938,-1.2050213763875612,-0.08954336125481877,-0.0479304255717653,0.006686692834104798,0.7528741931378213,0.48581809461865794,-0.5850866315998334,-0.3116403866953278,-0.46197773352589067,0.15715138139834942,-0.2547259315782041,-0.18810152047168346,0.294688353397673,0.1133022987608788,0.25353932780691085,-0.39576992488264945,-0.6636182163647288,0.5797440562403376,-0.39156512267969334,-0.6279064493053055,-0.9834557402894542
186647.8773041,-2.344954699418416,2.110251238021486,2.537499711196657,2.118784676641688,-0.19798676559770914,0.43266752798816943,-0.1233241530587093,0.13734837763711796,1.3864629928152643,-1.657744881625903,-0.9532218689834043,-1.193364188727571,-0.027615763627090117,-0.12049833310763389,-0.02699945439658663,0.6407924645706882,0.47423605027196825,-0.5760345677910985,-0.29793357173292484,-0.4450552320475705,0.09626989559906705,-0.19564697750949414,-0.1349616493072562,0.34673366595984817,0.06540916355423716,0.340313386355991,-0.38118372251518334,-0.6437833262440709,0.5481791264026755,-0.33330739233151574,-0.619875291202593,-0.961456437790131
186648.505613,-2.40047657791178,2.17817435985333,2.562930155779639,2.246505281897886,-0.14578516959917845,0.3563941430050954,-0.14584558025022445,0.10511164007296232,1.3144911422942134,-1.5705708895641826,-0.9082077590290302,-1.1458210114808147,0.1881197045483764,-0.35235015148623716,-0.16363415720710725,0.35093171142012114,0.44208189904682643,-0.5379207454222326,-0.27970295790488053,-0.414674630603164,0.07277810115011363,-0.15689715629022488,-0.13189385268330575,0.3717614307263695,0.027077171198868925,0.3734451433128803,-0.3505826690342877,-0.5985910048418004,0.5017137292725588,-0.2902747034084276,-0.5830631796708031,-0.91522341719156
186649.0700092,-2.375310332897458,2.147552747652478,2.5548207291548337,2.1484324038151787,-0.09389753700019163,0.2822988957388064,-0.1783295611169772,0.07977130885918617,1.3610920770128023,-1.6099178530260754,-0.9321068664852011,-1.2088486609717466,0.0966095748205621,-0.2616057403256818,-0.09747105188951226,0.5210349516287677,0.46315490197493187,-0.564548114728002,-0.28601757615055273,-0.4297719302727772,0.06633795901500991,-0.15366931242842394,-0.13585723682999445,0.4380384948511939,-0.03476260609502802,0.46265889966703,-0.3308862139862511,-0.5881401789631022,0.5167759631693668,-0.3027695225501328,-0.5941522226963458,-0.9605163889467011
186649.6378893,-2.395344703520379,2.1822848604372447,2.5572331983272534,2.170325888922517,0.14643105532260794,-0.026183410514175314,-0.3065411103765006,-0.13879545218026768,1.3407522958023295,-1.5887175914039973,-0.9214939775095868,-1.1823748745781657,0.06625584533343268,-0.22522228945670267,-0.07787032163765926,0.5447958649755795,0.4332697192217304,-0.52897337228383,-0.2683640285072487,-0.4002166938236011,0.010350871720315869,-0.08871654120497002,-0.09794195840476504,0.4902129925542804,-0.09388477128033414,0.5479818976077419,-0.3044306606517685,-0.5495214361428027,0.4921696874002944,-0.27245355318131087,-0.5805911412397242,-0.9344262897275387
186650.0885439,-2.4010832111567733,2.1952855918599763,2.5548231471527423,2.198403577016409,0.17936124449375612,-0.06298534105250009,-0.3283275507009532,-0.17829777934431573,1.3344365558067859,-1.590788242586725,-0.9219478233216187,-1.1539604894421631,0.03794363344088657,-0.18985822636205393,-0.05888058219208386,0.5419837448194134,0.4305286124383286,-0.5257814564934012,-0.2684623368230259,-0.39932763530654086,0.0030120462473450763,-0.08060873406286519,-0.08387880862930878,0.45911929717807426,-0.06473387771480575,0.5112375904408373,-0.3172381377026298,-0.5575918205943716,0.4805349964444752,-0.2565011817432689,-0.576087907783122,-0.9103288943265071
186650.6693354,-2.4154864440916493,2.195450748374088,2.562873261173442,2.2875200672626192,0.12085970727730452,0.018266828525417632,-0.2980472010936029,-0.14119545352770443,1.3159788383451536,-1.5807454067555082,-0.912829549786245,-1.105365697698278,0.12494481282691366,-0.2826860787759236,-0.11119389690600992,0.3829584051851601,0.41985558019470876,-0.5152220393415313,-0.258820849798713,-0.3916857358340183,0.025502248177780594,-0.09898384712830474,-0.10167461173547966,0.3940102466921533,-0.06332004686444533,0.51334978558417,-0.31281476871112646,-0.5502089028513149,0.4716653041342367,-0.24942999048240833,-0.5674923831422652,-0.8760329292286168
186651.3030544,-2.433528374096494,2.2130050603115476,2.575833104787463,2.343527253328799,0.03174449382675303,0.12802325202384846,-0.24925890956650112,-0.05512862516503396,1.2739787786030892,-1.5191693831430548,-0.8886262166791993,-1.0860454012576874,0.27727000968921883,-0.44661665682467494,-0.20985421505238788,0.1954471176360354,0.4111671082439275,-0.5050027624876361,-0.25274611752589493,-0.38076751798951963,0.06403051697140195,-0.14225154812095794,-0.12853713414578646,0.36604063844742424,-0.07062755771880526,0.5011210897538716,-0.3002954441622649,-0.53070933796956,0.4459650244809064,-0.22910905151294425,-0.5465150676554293,-0.852364127030458
186651.7700938,-2.4043830429765602,2.1736732940092085,2.5671367132586487,2.263252193402653,-0.02233462706983224,0.19496436092862843,-0.22814688855978332,0.009203327760439951,1.3240512741225565,-1.5592836560327599,-0.9167044063593263,-1.159254622361492,0.19750378234394886,-0.3668594016886183,-0.15044773478031281,0.3473609478409533,0.4315431167863941,-0.5309052245679435,-0.25728723896688555,-0.39792460359222104,0.10365296840728536,-0.19500541796816542,-0.1557019349359629,0.38051243150975056,-0.09866511934386059,0.5361266900792523,-0.29614558813046676,-0.5363726396745114,0.46863164773007154,-0.2527106447596039,-0.5627029215259104,-0.9067770348855723
186652.4051209,-2.4003424001837286,2.16722072838119,2.5652668498730278,2.2649815339599098,-0.03587325745418791,0.2151025782677953,-0.2251286172003147,0.01689309712021645,1.325540260502082,-1.5585742312428221,-0.9204839089747684,-1.1549217586798046,0.163285149456596,-0.3287622827069244,-0.1255719856327174,0.3813880117858231,0.44859194550409304,-0.5505489442529784,-0.26808301102673743,-0.4134242346667948,0.1303592544435852,-0.22841536269864554,-0.16609379499653565,0.3421679271470613,-0.10495906653982826,0.5445105517145883,-0.29487920671516077,-0.5319040534238993,0.4733981142713889,-0.26053303746220313,-0.5650263253267933,-0.9051805232425126
186652.9698924,-2.4206424191944507,2.201253417305038,2.570862703650546,2.311458207926631,0.012433634485203827,0.15560676291214895,-0.24970829482132936,-0.036648815353077666,1.2885512949231317,-1.522068502272184,-0.9010885349895015,-1.1095915080542997,0.1648958057984713,-0.3237522913920673,-0.12706043811097703,0.34009209776410027,0.45109507010528427,-0.5524543461760929,-0.2746267355095793,-0.4165731597626076,0.12847656862158985,-0.21813413279713237,-0.1681640611408983,0.30949629838039733,-0.09736448389857838,0.5312036720593301,-0.2926792974176544,-0.5228883259139707,0.47255452915934837,-0.271654579639039,-0.5575353416606066,-0.8753447949871735
186653.4912717,-2.418720469582331,2.176001756033554,2.572732137623015,2.363337638435743,0.017184079204994537,0.15491297834795134,-0.252895035502719,-0.05704990372878442,1.2884820171886477,-1.5308989433434566,-0.9029312631665047,-1.0715457673152777,0.24111319009691545,-0.4072336701499485,-0.1730694635144135,0.21120699436537035,0.43451897842631776,-0.5347450879453158,-0.26010999725574646,-0.3996030283033885,0.10505774867059646,-0.18538615535352723,-0.15709875564457698,0.3022167142200054,-0.13054793512666402,0.5865388600025172,-0.2757243840132508,-0.5036447811739576,0.46291239112152505,-0.2591897375917753,-0.5509032385258031,-0.8449178664997103
186654.0856306,-2.4176109202329807,2.1645905315280007,2.577697206016727,2.3915632716701034,-0.030676581716909894,0.21078194299446726,-0.22709335936477001,-0.008234320731450655,1.2661195061967934,-1.4938406598220404,-0.8914671489820215,-1.0585753867541314,0.3732466718998884,-0.5478093008071262,-0.26087444945714666,0.05168277412046828,0.41771551832351045,-0.5138660600115604,-0.24843939366619916,-0.3808539185992238,0.10550456209635085,-0.18740815061744617,-0.15526020106131602,0.31116826951434484,-0.16162814316435214,0.6149003019205125,-0.25649106320024884,-0.47811799979295105,0.4473293865976979,-0.24734860518480656,-0.538071590285025,-0.8286326894271601
186654.588061,-2.363804876627313,2.081447603389727,2.559693941419587,2.28067455259816,-0.044823865807293,0.22853095482783595,-0.23273056684105553,0.020271548786937675,1.3746333889477702,-1.6004055124988397,-0.9532803780067488,-1.1726486904260007,0.253943649982875,-0.4338722280672296,-0.16635400304546646,0.26371414314804703,0.43181094805037457,-0.5341875589309873,-0.241616047302228,-0.390664293358304,0.10408993805725777,-0.19625143475831255,-0.15772002554881037,0.3870217335354322,-0.2164602423282799,0.695633000876548,-0.2495521736320284,-0.4852899011038915,0.46061105972460287,-0.24089482483874106,-0.5584407470432483,-0.903079093180382
186655.2302937,-2.378287673511578,2.110548383215856,2.5644415269552945,2.306101954813321,-0.0794013906119695,0.27363497919421287,-0.21478677607789634,0.04542727749109302,1.3418637834256137,-1.5644348886072805,-0.9358617135373303,-1.1456942920692386,0.23935243004704912,-0.41306159156601885,-0.15678118394613752,0.2586236078796462,0.44558206267675876,-0.548562312059881,-0.2553718731639854,-0.4051056530783766,0.14611359162053358,-0.2375194598754264,-0.18738170720668842,0.3203312425540375,-0.18860504234821945,0.6497662853236654,-0.2567066585498934,-0.4875530426945374,0.47338223870181273,-0.2703713956251287,-0.5575516144733634,-0.8921310948959444
186655.8006723,-2.4042231139086567,2.160853984064539,2.570120202401951,2.345046281334431,-0.07355162262953888,0.2714916425567257,-0.21689005251024315,0.025016860574723486,1.2988181846007467,-1.5243085060705677,-0.9126371732159264,-1.09885833814501,0.19829057489211943,-0.36152568247321654,-0.13095320836321764,0.26767808561487444,0.4522640993678641,-0.5551225542086552,-0.2665542387598415,-0.41431499095182284,0.18951827056142048,-0.2782769675139034,-0.22011497077722306,0.23637225885688717,-0.13891878777596342,0.5770530821450405,-0.2714076852754952,-0.4969175276946953,0.4778023948920059,-0.29016499849996097,-0.5515628735000045,-0.8640226295893885
186656.3857464,-2.4182363801139606,2.169317838839511,2.5766346818254773,2.4045327305496826,-0.08913856058938247,0.2979739471183383,-0.20740292581373035,0.01761763790617891,1.269194659142194,-1.49988750095719,-0.8975960887958836,-1.0432094757460322,0.26222093437414307,-0.42618382074098426,-0.1738794924771635,0.14831353493618188,0.43777459171352295,-0.5388745870050127,-0.2572475837645076,-0.40177941165177483,0.20839986734698507,-0.2948960466754562,-0.23550181479954224,0.1831468449857566,-0.13100964414480848,0.5668902155983021,-0.2676524569037852,-0.4863615308997305,0.46079453227130335,-0.2743400461775084,-0.537354319270865,-0.8222603300802632
186656.9033261,-2.432798092654223,2.190127236555292,2.584604754443237,2.436247639175794,-0.06324159010824627,0.2580225365922926,-0.21840075839806564,0.004481308756654905,1.2340294205760647,-1.4535593318030675,-0.8765538041594467,-1.0207994788857069,0.3644900428477285,-0.532842330130932,-0.24509604729277867,0.021945348186168154,0.40624432025233376,-0.5017660105123534,-0.2355834877456574,-0.37316672263026424,0.2100175967912735,-0.2929523790507429,-0.24279885266162773,0.18811154423935975,-0.1535794351240969,0.5830103782833643,-0.24940671758967686,-0.4585171682590854,0.43483773741916765,-0.2500400999338528,-0.5167650865959846,-0.7983024705829213
186657.3884128,-2.3919989666660255,2.1190938208383585,2.571824476043481,2.3705284955822723,-0.056943206793404734,0.24685853617465278,-0.23372161917962392,0.019635742696657143,1.3230094540992174,-1.5383627749709186,-0.9270791217370159,-1.1164551407403909,0.2853735444268351,-0.4603397654523619,-0.17673379400408162,0.17469614946044448,0.40281366363296034,-0.5024293885191434,-0.21716759888582515,-0.36576045955004516,0.24648263620239036,-0.3432478867675287,-0.266792992376451,0.21569442583869983,-0.222175939583771,0.6781492005134996,-0.23278278733576482,-0.44908074159765915,0.4134388146817952,-0.19972174181656008,-0.5175465625247192,-0.8492584716899786
186657.9363687,-2.4197582789776924,2.179058408336359,2.5738708402338784,2.3949192972760946,0.13200702078065826,0.0072265447644816565,-0.33047826975099154,-0.15163023315821414,1.2675533468399451,-1.476659643510257,-0.8975361511773404,-1.073709617052167,0.19665140871332729,-0.3558446994419513,-0.12047359088233132,0.2501180160475603,0.37235900364608515,-0.4636055745668123,-0.20339314658996838,-0.34564749946125894,0.2599397213859421,-0.3489090043835551,-0.2839026705554114,0.17628341587762436,-0.2631748093371368,0.7306737906787039,-0.20852518003551948,-0.40866766939200666,0.45442258694886883,-0.27193982187696636,-0.5295618312423155,-0.8416657101376326
186658.6276583,-2.446257581368006,2.235631186226099,2.5794088308849794,2.4242246696132588,0.1626856765827071,-0.03102189099248738,-0.3448223693578413,-0.1878477387998426,1.2139567824370552,-1.4222420767569737,-0.8697669849039078,-1.0196416382354083,0.18779316720434627,-0.33571652515688627,-0.11952058684811012,0.21532718838605208,0.38366220983311355,-0.4726864322587032,-0.22111196492904114,-0.3607734961309205,0.23118905216755603,-0.31025781312408435,-0.26427204438946494,0.1644809946186314,-0.2158841772609364,0.6627545402576496,-0.22263244096974702,-0.4165918258749174,0.4828548704041615,-0.3264609881946147,-0.5372824394868673,-0.8191781535768539
186659.1690272,-2.4577675899661746,2.2378098646970064,2.5843508455530113,2.477620548117857,0.15718360474566628,-0.017213848863652566,-0.341397116581388,-0.20046792232709762,1.187030417807462,-1.4081633625418186,-0.8579719433144408,-0.9494037731292603,0.25963773602996704,-0.408449802175646,-0.1699158371634351,0.07588838908117576,0.37836334721820625,-0.4665394863238687,-0.21792796242624474,-0.35945492574817095,0.20245875663522508,-0.27221924703705824,-0.24439657981237817,0.13979320132918893,-0.20753187626108535,0.6645577008356508,-0.21975114612888128,-0.4124975583176772,0.4806256037907309,-0.329781818590612,-0.5329902601262432,-0.7714779590060143
186659.6181847,-2.457361599553918,2.237124625590431,2.587717789699724,2.4840075961970345,0.11447688810748774,0.035435712076624756,-0.31885934699287355,-0.1628775701587492,1.1755911730513546,-1.3880654741657885,-0.8511968834108571,-0.9478412613898454,0.36351273525264366,-0.5205335929027302,-0.2424856012158767,-0.03755850083863798,0.3645492667010338,-0.4505392005572037,-0.20677303141390693,-0.346190945945173,0.17198198140837892,-0.2366342939751793,-0.2262592631589184,0.18076941489216394,-0.20983392754555913,0.654111090013433,-0.21395243884788792,-0.4034589564226145,0.4770834825785794,-0.3308988660795885,-0.5281912246594043,-0.7668497763341782
186660.2147925,-2.407284638508499,2.163546663046216,2.570205394343022,2.3937176821040165,0.04635808180266396,0.12656036362199677,-0.29902933264737924,-0.09573807481612603,1.2809392226926088,-1.4903410770442849,-0.9124457375076626,-1.0681376054904368,0.26605627772041057,-0.4297184527662583,-0.15733685221441737,0.13598308029193604,0.3883125702481736,-0.4843587334162958,-0.2054441397052918,-0.36463095304615983,0.1658849856166339,-0.24006961868942114,-0.22513880746905612,0.26574524820014145,-0.2437675201746541,0.6978842613068396,-0.21607663161409177,-0.41507031206656153,0.5035010206026629,-0.34350340605879126,-0.5547338931851231,-0.8518690651768104
186660.7444876,-2.4081285534831656,2.174625236156516,2.56750095448848,2.3873947799833752,-0.0033840623112612704,0.19508661182563833,-0.2768239570844837,-0.06220714625717382,1.281515808140403,-1.4953968208940358,-0.9144161056877803,-1.0639073318459384,0.20983531764907665,-0.3690235129974111,-0.11489417416891667,0.18683827192751473,0.40825348787899235,-0.5064010177893242,-0.22191840977124846,-0.38428223261174255,0.17866526323194779,-0.2506723763220547,-0.2344309099940691,0.23271058924327703,-0.1942624365147072,0.6306585114975957,-0.23862196610919284,-0.4393176555523401,0.5275051754087118,-0.37887663147692247,-0.5663954316727887,-0.8572292748869714
186661.3035174,-2.435524286272079,2.2292995650146974,2.5728719690274318,2.4190178990290803,0.0005387757551348345,0.19530925213618439,-0.2773913189578807,-0.07935921710623765,1.2391731766946505,-1.45822552525416,-0.8915773362216404,-1.0150151442026765,0.18373389301252066,-0.33311924621089534,-0.09994478301859455,0.1764725415466081,0.4154688856011827,-0.5128670755186886,-0.23528853798949784,-0.3933138354092177,0.19057449776023033,-0.2573062663450262,-0.24331851277437017,0.178955348505436,-0.1191218722971145,0.5245666963922798,-0.26550635895785063,-0.461633263469397,0.5251569297454759,-0.3876574002143923,-0.5598451211075978,-0.8251243288935944
186661.9184412,-2.4373906522258797,2.2223212642931136,2.573481705099838,2.4480305980281334,-0.053356666767808515,0.2767725324417207,-0.25077128522525927,-0.059235282255355015,1.2328560292523323,-1.4649240023119057,-0.8908323865057859,-0.9752061891764445,0.19465959317953208,-0.3425298972879361,-0.10457768267610458,0.1246670708006147,0.4190336088213865,-0.5177492010168796,-0.23782802180726967,-0.39690686713839524,0.20037284368437486,-0.26335459252852245,-0.2521148708944571,0.13209768725842191,-0.08158751226677845,0.48058417633469985,-0.27889494747564086,-0.47664560720424637,0.5254127563228375,-0.39112027992429055,-0.5584625105153211,-0.7968014103127293
186662.5681065,-2.4372337064584895,2.22598722836828,2.575929090472697,2.4455215558306724,-0.10305400462513835,0.3369266247426101,-0.22628722051684258,-0.012976943590497995,1.2275073895420567,-1.4499615662159973,-0.8878240090857237,-0.9846835679039322,0.23516164721995036,-0.38653622679903,-0.13186626334737883,0.08850227902848526,0.41429318132024884,-0.5119493449553143,-0.23311565387561886,-0.3926126808349207,0.20950610866257835,-0.27338270661648645,-0.26093288839517736,0.13620800370696193,-0.06351127304624199,0.44243301159628495,-0.2838482223886824,-0.48190160308014957,0.5173306573850388,-0.3835170201203463,-0.5520548328632726,-0.7980570431566181
186663.1849365,-2.3568049576549908,2.1064983999272675,2.5418992098962163,2.3237209409851114,-0.17361277269318717,0.4322476077210408,-0.21239984769532047,0.05082607265693876,1.3666498864544225,-1.594433871727977,-0.9722038079520064,-1.1101995251307661,0.07165608518670442,-0.2329275038567516,0.008993365897922212,0.33046241520394787,0.43463008695907773,-0.5417057203863702,-0.22494021247785764,-0.4094683816175738,0.20543265057535096,-0.27714955162519556,-0.26529600597699404,0.21027045581577478,-0.09738115174540947,0.5028010015096228,-0.2902776646358812,-0.5103961590099885,0.5494301729180325,-0.3953303615616354,-0.5857750370560784,-0.885215818903445
186663.8298502,-2.3553001006441234,2.1213709174647124,2.530793417583754,2.302937577302748,-0.10289937256665488,0.34809938247828065,-0.254193465180143,-0.012797239081789945,1.3733748335619032,-1.6092224921255833,-0.9780522906100776,-1.1076684097852145,-0.04732948015284245,-0.10490935047554013,0.09808983850380568,0.44827302350386267,0.44981117431755646,-0.5601795001495682,-0.23645465387430872,-0.4233741149187019,0.21002037260712977,-0.279833642574682,-0.2718463399845968,0.19651521719648804,-0.07656198260528049,0.47955376987362963,-0.3029585687926975,-0.5214924276425066,0.5488845554823142,-0.39487908449124837,-0.5853779376457354,-0.8823936265748866
186664.3848606,-2.3978279900307182,2.1937158632482676,2.5463711591761062,2.3618373889894984,-0.09490636345220185,0.3364314919611136,-0.25221573963983035,-0.023231852177089972,1.295677780378838,-1.5227143733808288,-0.9347290989663087,-1.0456239429415861,-0.017482916284419333,-0.12211000180454358,0.06835430435720817,0.3775877538404654,0.45762998679481975,-0.5652667238441145,-0.2540952787147873,-0.43215000701356954,0.24401585954956256,-0.31651188157995824,-0.2859909890996588,0.12595163232626722,-0.02800727003685422,0.39894100536160004,-0.3141659372774008,-0.5210784276194541,0.5409009130809697,-0.4024853799615376,-0.573528419835328,-0.8432925454045311
186665.1851546,-2.3698847423246616,2.1205054151596157,2.54338662516493,2.3842615444433024,-0.24880748669647587,0.5490712878652836,-0.17970317322210647,0.06929234429766833,1.328886060594256,-1.5657426394384093,-0.9598864204996675,-1.0341767478947517,0.06531076433313873,-0.21486081514900804,0.01899095022965122,0.2595117348345391,0.44253414860868723,-0.5495772359326986,-0.2338091173938319,-0.4190284828419377,0.24282258135208734,-0.3162692621768185,-0.2833364141167783,0.11250356682317801,-0.005569674170402822,0.37698103319559667,-0.3261162581168273,-0.5383742813893484,0.5447083483033686,-0.400107783523563,-0.5795261920453696,-0.8339896782726522
186665.6855261,-2.382481214372934,2.1400406622600747,2.5564637550111495,2.4008421785428293,-0.30459717897542266,0.6104616092296024,-0.14766721141041736,0.12516399910874526,1.2972974286270593,-1.5186685035868088,-0.9414425958768436,-1.0247709872566417,0.18893671943417967,-0.3450480691182419,-0.07381281470626969,0.1339525010754728,0.43790246589976695,-0.5433499080969557,-0.23077350728383422,-0.4144263691949946,0.21938253806179875,-0.2853831981569751,-0.2708713433463597,0.13769456440122407,0.022069261061280543,0.32011024548615674,-0.33071406319641083,-0.5399768183580985,0.5214899802642716,-0.37816283801685224,-0.5611822191910127,-0.8184790683185362
186666.3508207,-2.301311140838104,2.0134761817382754,2.523534020459167,2.3073333477523787,-0.4211304630036589,0.766549301194935,-0.11102022268617134,0.20764959092318283,1.4160111659615227,-1.643122644882543,-1.0190942852654565,-1.108717515612904,0.08780351647015507,-0.2554864034102422,0.023604350543111302,0.27452341693535093,0.44620922177746236,-0.5591646361924146,-0.21237005090515446,-0.42256511448496725,0.19823845021470682,-0.26702891011995267,-0.26455166273333836,0.20456086939373122,0.05195452675602527,0.29464326336653224,-0.36198724247363595,-0.5931876972198423,0.5222247226618919,-0.3498661516945919,-0.5781149069385209,-0.8695968976869297
186666.8010266,-2.288381041033084,1.9910426986717067,2.5129382208914115,2.3041717018302412,-0.43560157694191093,0.79942268644229,-0.11209388089826139,0.1957150902589544,1.4328699695922926,-1.6711054287791494,-1.0337458989381336,-1.092412609385532,0.027481613987171725,-0.19263279982867723,0.07525855048725963,0.3153450866628655,0.45838106050953403,-0.5769843584976374,-0.21413353539169452,-0.43145456559574524,0.19261924196951577,-0.25907003859951316,-0.26473568319692864,0.19810926272838247,0.100380531017324,0.2399990205722449,-0.3863774101795033,-0.6329025777404491,0.5122502008991557,-0.33067177998126535,-0.5771103627741495,-0.8565713887587177
186667.3172705,-2.3171027864655116,2.0382402441449186,2.5212434005573647,2.3429439435088137,-0.43259720715318134,0.8032858771381732,-0.11005003907253014,0.18116007521222946,1.3781416588990285,-1.618090941213595,-1.0042185086507334,-1.0349661432876456,0.018176063934643633,-0.1721086136760303,0.07711576694094367,0.28921403553101743,0.46687605810200894,-0.5859208442085487,-0.2286801067274075,-0.4357725888848129,0.2198924114276037,-0.28379265927928915,-0.2859790019474052,0.141877896400581,0.1663089578567004,0.14597995079605267,-0.40458542017785165,-0.6675247767907371,0.5003048433987078,-0.3275930137016816,-0.5648460909223807,-0.8169324416894442
186667.834356,-2.371112508215957,2.1141343860709934,2.5515183093449916,2.4176524127194705,-0.4432124630857132,0.8111458833080724,-0.08995923543611423,0.18891863798873734,1.2757403065646382,-1.500614362941772,-0.9439372783132715,-0.9539693472719503,0.174844766283098,-0.32510783307277324,-0.054825262310112165,0.10142263555378506,0.44811587265424707,-0.5604261035389381,-0.22745296213873858,-0.41824247233825274,0.2486503745919918,-0.30984939491721036,-0.30795970446835047,0.0871810319033788,0.19520740912217327,0.08356349250264519,-0.38938240968789123,-0.66685248093055,0.47176624208551976,-0.3128460674110163,-0.5380014569905136,-0.7561104176246188
186668.3414839,-2.35821114962218,2.0791518300614635,2.5534172690088357,2.4256641930154204,-0.4999233678559006,0.8802121874569137,-0.06380254046989986,0.229965415920005,1.2831828387867805,-1.5026518682734455,-0.953266079162847,-0.9481699989676391,0.24815770988724306,-0.4053337367794998,-0.10742330701442754,0.03269617868790511,0.4346000979757909,-0.5463732149842793,-0.21088795041412972,-0.40265172980194,0.27567082050830244,-0.3391590073496688,-0.33425990897959995,0.07282275787764642,0.1945637435025001,0.07954397159368488,-0.3748112955608635,-0.6803510265045875,0.4219593068174621,-0.2453901617251686,-0.5089661874070678,-0.729975790226811
186668.9170958,-2.292421389349925,1.9815342120014194,2.526894553116835,2.3502721775893574,-0.5717855734092898,0.9665466743518779,-0.04649776617246347,0.2903726388953749,1.3806929670821997,-1.5985383637223085,-1.017902056938965,-1.0254238470410804,0.17165186038856803,-0.33820167575572446,-0.028461470363548815,0.14140556522555367,0.4394456231188066,-0.5563401123185444,-0.19370715669506258,-0.4074064133326132,0.2347549558587119,-0.29575578610396525,-0.31412650180280527,0.15355250913086552,0.19521943969915248,0.09349473577716015,-0.39034524716048946,-0.7222858534928911,0.44244211661177946,-0.2527396842299148,-0.5358543539834996,-0.7804867769745664
186669.4074726,-2.3002764631983483,1.9923121493072582,2.5296202199546802,2.3683651321182904,-0.5811505342395843,0.9797770692868683,-0.04143139002947985,0.29148681725647824,1.3572628985256223,-1.5714435504990343,-1.006366742188262,-1.0028217315801071,0.16901511641210848,-0.331484470420844,-0.026735658434145305,0.13061228095957217,0.4402610984717549,-0.5563133486893758,-0.19600008150406853,-0.40786412944621964,0.2755384436799305,-0.34015690919473496,-0.34244051003174275,0.10654232707033406,0.20537589710797538,0.07382641050444197,-0.38755980457253203,-0.7220413842299764,0.4339735432405399,-0.24651735029457753,-0.5290860331944506,-0.7642793121483723
186670.0010059,-2.3509674266728204,2.0846753605031405,2.54652538871602,2.40936042103665,-0.5210977532869631,0.902106071675554,-0.06294437484484583,0.2529392844242967,1.279674966614043,-1.4876142110533743,-0.957968125327328,-0.9536902551249851,0.17154624300661991,-0.32208996044355526,-0.04060374544247651,0.10420311794251913,0.4538048883520833,-0.5673827497978258,-0.22339097128632984,-0.4178144861795936,0.3106903676355116,-0.3747337996289039,-0.3639254703122143,0.04303201773113325,0.23721019410829883,0.012218179332450094,-0.3912985886182687,-0.7081821369268154,0.4191385202432309,-0.24717889058748413,-0.5063941128845573,-0.7298479629032051
186670.5675933,-2.3719848825109766,2.107557900802196,2.5563913093717914,2.445366383396081,-0.4885165929750376,0.8726775908920233,-0.07754766426403918,0.20601980094437425,1.2563150008909405,-1.4716334405992002,-0.9464761078072399,-0.9160758890310322,0.22744080579316087,-0.3766453889229851,-0.08720844525622638,0.022940582052746024,0.46142953268642617,-0.5752944109245386,-0.2352600774938035,-0.4214974740263467,0.2710303523791496,-0.32873330519258215,-0.3296235536445868,0.04747266875804133,0.2477930337121126,-0.004279156722935737,-0.39549434995034793,-0.686495937841778,0.39649275002422396,-0.22364978933197815,-0.4847811109555476,-0.6977301342520849
186671.0606583,-2.3902279975672505,2.1472319656403602,2.5629640996460403,2.4490035088254536,-0.4382211939668479,0.801430762915036,-0.1042566332783705,0.18330185854795494,1.2461991088340494,-1.457272505056912,-0.9401465324291058,-0.9202891042420608,0.27779097974797273,-0.4289923111641934,-0.1293367893087633,-0.0232347806912792,0.4486447948782472,-0.558874289863834,-0.23043974459739833,-0.4116996343279738,0.21720215460609674,-0.2697671194101844,-0.2848816394296215,0.09582560271030126,0.24113770621042088,-0.0007097553582875417,-0.3943542620476443,-0.6766103852602975,0.39747444725731157,-0.23304674770198502,-0.47954849855513676,-0.696297065562098
186671.6318117,-2.374149516930282,2.1275852964942414,2.548998844413186,2.413768687413847,-0.3933616623798907,0.7422936504464249,-0.14426233373424643,0.16527620533130957,1.3196076535639714,-1.538498484068936,-0.9824006937006855,-0.9799485675817993,0.18215135038613067,-0.340583694011245,-0.037835528802938875,0.09928627867342138,0.44143760492797385,-0.5589019956484943,-0.2055133215088115,-0.40562992974051093,0.24653857946771754,-0.30436410170669,-0.3235264115744664,0.11943004661582321,0.21280835970690964,0.050832049262858,-0.39280768414732103,-0.6934749999769844,0.3649676312574637,-0.17836272076815998,-0.46265287094471574,-0.7187077207351066
186672.1341155,-2.397079269846245,2.1683882661481526,2.5536568932551145,2.4349151753745386,-0.34018959375994834,0.6737942930240749,-0.16873628334826266,0.12620897600276587,1.2926099030664253,-1.5115548918529325,-0.9635700634478128,-0.960423507473645,0.16057953011591758,-0.314424399288481,-0.021819751315912322,0.10891517359576477,0.43888583322661046,-0.5557027764111733,-0.2070891267528313,-0.4043153293543951,0.2860719363139394,-0.34599992055463186,-0.35437213109697563,0.07418704413064584,0.20577253805959206,0.055346279345689475,-0.38924063243533535,-0.6736809917833285,0.35334912282370534,-0.16984685041070074,-0.4488289048579847,-0.705806540492346
186672.8217737,-2.4296929816418467,2.2244599979481547,2.5651788419147588,2.475021421482763,-0.30951579472470014,0.6310842083288729,-0.1718373359007479,0.09952254538642981,1.2201586602576033,-1.431549556613653,-0.917680638371809,-0.9073659637963563,0.1656108588837542,-0.30849715781549264,-0.03379358185413934,0.07517949239281278,0.4387174974752875,-0.5499844319359977,-0.22184357373246724,-0.4048860148370884,0.3499121455103612,-0.41367263778672697,-0.3962217612506284,-0.018031596260548996,0.21112587383969408,0.03332750420980118,-0.3843456093516775,-0.64127204089657,0.3536837403998469,-0.18516792633495877,-0.43945634145328993,-0.6781678434714415
186673.1886066,-2.438558673666602,2.2258182022023054,2.570976879185569,2.508169959566997,-0.32275018190609844,0.6558807961172473,-0.15850512646522885,0.08775701482805462,1.1844037389978108,-1.3981374793037191,-0.8978413802784746,-0.8603738658044872,0.19925649289673267,-0.3378332931597405,-0.06240107831924958,0.012255797830267447,0.43523508384293785,-0.5441060348592701,-0.2243804200981956,-0.40090112890048296,0.39263073541355564,-0.4607086913030979,-0.42145825563275563,-0.08878484122207494,0.19733655183565862,0.04871074659854699,-0.37290980125706763,-0.6072940368590237,0.3524462525860048,-0.18962424629227045,-0.4334808171345969,-0.6508288994392494
186673.737181,-2.441960974578586,2.2280740774336447,2.575510257406731,2.5188984555403633,-0.32356399775373956,0.6487666127143875,-0.1557944714546614,0.09609876767122254,1.1743660450244395,-1.3811837447493718,-0.8914936579760906,-0.856438155040165,0.2552954047943997,-0.3976672889781794,-0.10649490616741895,-0.03817256691728633,0.4200779291323999,-0.5263600732133993,-0.21173240574174249,-0.3872776001314697,0.4159365573564984,-0.48726605165575665,-0.43522559525039195,-0.11051122235418716,0.1679843847434157,0.08219315877677831,-0.3558625051391424,-0.5848136797665631,0.3318646512811739,-0.16655669032810272,-0.41890671567728394,-0.637783999001915
186674.3168585,-2.407735397397075,2.174415481864817,2.553233079574038,2.4854222670252395,-0.30659051865934467,0.6287011294839981,-0.18521913203583582,0.09215493993394633,1.2641847173928107,-1.4795679850337307,-0.94839296518013,-0.9224777318743521,0.14563044532216965,-0.29511241522262466,0.0010247964147650896,0.09358354476959085,0.417815369511543,-0.531110797202848,-0.18984145586252665,-0.38466576282787074,0.44913253317555263,-0.5282291018361125,-0.46280531126733215,-0.10503528721232949,0.12545151532524756,0.15483846485283612,-0.35155977368356983,-0.5911333575376903,0.3121113353290995,-0.12393477690633364,-0.41643923795940907,-0.6678486122765337
186674.8172662,-2.421962915337281,2.2025696762230362,2.5552639356768343,2.498289994465494,-0.2659646725818365,0.574708611690844,-0.2036538780504528,0.06381312195693949,1.2378328666465508,-1.4505650849528535,-0.9325977406291641,-0.9027458527479251,0.126998419825041,-0.271282325741944,0.013990837176901805,0.1011568439302035,0.41661998869636313,-0.528293262931256,-0.19380005990470037,-0.3834046748709928,0.48076463138582565,-0.5632253125838078,-0.48283660197791833,-0.14629045351406667,0.11366521188502407,0.16585450794677814,-0.3429536784965899,-0.5739698589027536,0.3120464694803107,-0.12976680965079765,-0.413412813794911,-0.6568491203168988
186675.3738972,-2.446742281522539,2.243145861075957,2.566078704625402,2.52298658520525,-0.23629514926455478,0.5365535869364472,-0.21083999725256175,0.03588194739495266,1.18701046773999,-1.3968851548995347,-0.9020377658564059,-0.8588001877453441,0.1580347951995143,-0.29580772109297243,-0.017670640913141935,0.04800048617173657,0.42122005829769765,-0.5306723480905002,-0.20660356704509106,-0.38678407265191533,0.479576944225031,-0.5599767922392982,-0.4812044515982371,-0.16716928909055676,0.11696645064667271,0.15417411054828548,-0.3350337600379455,-0.5589394941444388,0.32022871467818864,-0.15053154223838539,-0.41268852192201827,-0.6351759751396849
186675.9182351,-2.4531254772306363,2.2457607716438184,2.569421140461329,2.5375376457620633,-0.23572910784503256,0.544318357468689,-0.20929814401055258,0.019389537469269035,1.1702589636221676,-1.3858590717064285,-0.8948234357319006,-0.8289055068526061,0.1762199008809324,-0.31071288018129617,-0.03324770301020201,0.008186325373291819,0.4265611381349904,-0.5368510912731148,-0.21250082726181221,-0.3901603205941229,0.469569701673466,-0.5475279341666622,-0.47663935004070335,-0.1719393165085555,0.1135087341879445,0.16140373311776446,-0.32587983260306147,-0.5529810501964866,0.3327361465761661,-0.17053188490276844,-0.41703184780309577,-0.6211273144528529
186676.4557498,-2.455478451336689,2.244654005348093,2.5745185393728196,2.54723916831475,-0.24171913111970691,0.5457504919525327,-0.20482268868691272,0.02918508958671375,1.159780244913676,-1.3683302759205143,-0.8902873539708616,-0.8213737211631282,0.24507668625827855,-0.38403661725856836,-0.09039524257950542,-0.05195526750056359,0.4103435420906507,-0.5190239756962808,-0.19614084658651293,-0.3763370312785899,0.47895029778132764,-0.5569631194502992,-0.48340307595398097,-0.1806448159662422,0.08310452702267794,0.19724286338880725,-0.30327617609534496,-0.5390228188642597,0.31994228438978495,-0.15929337236376864,-0.406193155499701,-0.6070906031286804
186677.0498259,-2.416133356073049,2.1808248717972103,2.552514907735847,2.5156920521993094,-0.24931659071093465,0.5537240592727464,-0.22330897787047185,0.04792990144119994,1.250006198858519,-1.4601724197547867,-0.95023477044305,-0.8898056209583577,0.17294158282104174,-0.321531941181284,-0.01139791933782578,0.046846630090825674,0.4050782068340562,-0.522021626393463,-0.16603252817934563,-0.37063604115297827,0.49985109708943554,-0.5809661198409886,-0.5054784966931906,-0.15966404826275485,0.03314100346934444,0.2758283595805168,-0.29147096303052455,-0.552158159454272,0.30443185771158904,-0.12568518347994953,-0.40459125218143815,-0.6382047139029728
186677.5093769,-2.405932690734378,2.1668084715659965,2.545634118256584,2.5104408015610096,-0.26550483321256785,0.5750289623662912,-0.21895909697853402,0.057396109904113715,1.2544324641800837,-1.461938121657349,-0.9559611789058053,-0.8915254938916538,0.1357496511950873,-0.28235885718921705,0.02385534060748582,0.07819394694480104,0.41323105388391956,-0.5319670710817266,-0.16845089968421476,-0.37707337645906136,0.5247063593017571,-0.6075459587446513,-0.5240098322455752,-0.18304658444359834,0.02340919863043134,0.2890619411124239,-0.28807467108241863,-0.5498005118799899,0.31990879675566475,-0.14708936637176714,-0.41403377996752155,-0.6445848917356221
186678.1660696,-2.4140494790882516,2.184031019612986,2.5502358339039297,2.5164207215725023,-0.28374729098762014,0.5986597593878575,-0.20448750366978913,0.06330717224219465,1.2220888155618366,-1.4251743742697354,-0.9371074174756796,-0.868766144888209,0.13434934637155163,-0.2748575759919625,0.022997316387736787,0.06217151201882715,0.43028362478956705,-0.5470874979132594,-0.18997812598872238,-0.3923413849962141,0.5154224611819064,-0.5945154571069697,-0.5180711536443017,-0.1895056510518868,0.03778408386941656,0.26447817963434844,-0.2928634536378679,-0.5428536551852431,0.3578684383015912,-0.20553405335326638,-0.4307254958753058,-0.6484325697119705
186678.6504342,-2.4172112301344795,2.179954749679387,2.5578441011486297,2.5375945944075746,-0.3251121087069285,0.6506222494362885,-0.1729820269734344,0.08133542956006093,1.17319664644548,-1.368649674580701,-0.908666032067382,-0.825542290223901,0.1861343302846999,-0.3216521355532501,-0.02449569835169578,-0.006248794280502589,0.42771802658395147,-0.540176469459467,-0.1949104315345199,-0.38972205311106645,0.5685133992155373,-0.6534395100826997,-0.5489296796047336,-0.2611099506018001,0.021024123245683653,0.2792862285026268,-0.27846538427957884,-0.5099267950693277,0.3657368130660551,-0.22594543794218477,-0.4293948483372845,-0.6263801406810381
186679.1676551,-2.3841710750810523,2.1145711763331136,2.5479405345311115,2.530829771911575,-0.3655068271718683,0.6992968989350942,-0.15941239070134736,0.10759618338960367,1.2085125367168081,-1.399784966022662,-0.9360659851272338,-0.8454393767060935,0.19345604531988797,-0.3340123266630439,-0.019020626509051477,-0.006571640608643425,0.43558208459501063,-0.5527747278618912,-0.1857558357174415,-0.39270180775200153,0.5947624213161582,-0.6804238563159034,-0.5700015963491756,-0.2737873158798395,-0.05388634437938714,0.38344320612608784,-0.24672666233393903,-0.4817910394650684,0.3712511586844417,-0.2303154045307928,-0.43095743779292295,-0.6381347748895311
186679.7013709,-2.308700341400731,1.984499912926162,2.5177544180272537,2.479496442939665,-0.4061477300815406,0.7479648257275893,-0.17220046117815782,0.14288672660984164,1.371297530757486,-1.563409084240274,-1.03963389201589,-0.9694134067123641,0.17740503565771712,-0.3434650714891645,0.037134327660538896,0.05244410884886537,0.43287705081424754,-0.5608809336973005,-0.13560254367995897,-0.3987481831419103,0.5103912324012457,-0.5828116208154577,-0.5284418353928462,-0.13090097298897158,-0.13381473888173545,0.5020096245142277,-0.23733852114259568,-0.4834277655352869,0.35669196073331305,-0.1839076529257839,-0.44167149227834435,-0.6923369500198395
186680.2779098,-2.286275787846995,1.954022720713955,2.5084768569994638,2.4779984709839384,-0.4672664602638202,0.8161800068264191,-0.13890966989929046,0.1903583879192637,1.347756477689591,-1.5277632325555721,-1.0309161124395048,-0.9523813292519461,0.1549962162214771,-0.3175487560252084,0.05802543433017105,0.07023000265261171,0.40989801263856296,-0.5282997500774177,-0.12660120348589193,-0.38111000502170106,0.6149795842601221,-0.6953416337736863,-0.5959568207288986,-0.23968373896641393,-0.1538766943603838,0.5191868343583663,-0.2282412362166509,-0.46117531458110617,0.3797886516614484,-0.22043618946685575,-0.44587724855939787,-0.7042364737346462
186680.8156885,0.5396858916756654,-0.5767789886322923,-0.4830171999241118,-0.5143135749901586,0.4614853321459338,-0.45850300515645687,-0.4613861169376658,-0.46901579426234696,0.30662366317425027,-0.31280904251921104,-0.34312718312186175,-0.2172907176082314,0.06538016049142796,-0.0564415816470146,-0.08962614946105302,-0.0510173097636717,-2.6153057411195335,2.6054608762996994,2.625180311217772,2.6150670871875454,0.5477133093744188,-0.5787513304490524,-0.5014949549904265,-0.5237232444753771,0.25622504041694627,-0.17120583799590894,-0.3170206253022454,-0.43152250672033626,0.43819234384089956,-0.45097108989976337,-0.42950808148040714,-0.4081839393674234
186681.3574987,0.4242779105358928,-0.43766829143849284,-0.40536090682076065,-0.412299789751696,0.39605888590557187,-0.3984054973008752,-0.39349481359626004,-0.3921912315878761,0.42499649809516254,-0.43739910488490574,-0.40782923109289365,-0.4132196792877303,0.4224887548778124,-0.43494049346003183,-0.40479615560582227,-0.41149890841203546,-2.6419376050815973,2.6393911778564165,2.644202226388349,2.643174598143074,0.39704564379330226,-0.4041799648207078,-0.3914926659749403,-0.38224950076032116,0.28518472157178093,-0.2443843374865191,-0.31995416654056724,-0.3611026336872495,0.2918851903020747,-0.2824134884648838,-0.3212742867571043,-0.27061285465616497
186681.9152655,0.4245518200483842,-0.4380774810259487,-0.4054605196381167,-0.4124212733398018,0.39594085294566006,-0.39821359838999154,-0.3934929043039648,-0.3921114414444607,0.4251511308154718,-0.4376025041203043,-0.40790611155683676,-0.4133425375541401,0.42266579535023907,-0.4351881098619599,-0.4048609504615956,-0.41163239165467136,-2.641921209722313,2.6393649740316945,2.6441945334362393,2.6431580839354276,0.3968501287272092,-0.4038109036507731,-0.3915283304159264,-0.38222143231395667,0.2850544852396942,-0.2441035699804001,-0.320000660420282,-0.36118348083953794,0.2917069965956663,-0.2823688070023165,-0.320945056639517,-0.27024552678885905
186682.4486635,0.42490170847754843,-0.43858076834951104,-0.40561374072345785,-0.41259848481243316,0.39589945315978126,-0.39811424829949016,-0.39354662371994426,-0.3920905687976237,0.42538494892789747,-0.4379040623093612,-0.4080382485606608,-0.41352399913120086,0.4229143251916905,-0.43552261349557847,-0.4049756791130344,-0.4118247569192768,-2.641889708623994,2.6393142436087,2.6441799905509256,2.6431309855640532,0.39669911241858785,-0.40349777026467026,-0.3915983189508399,-0.38221679263986685,0.28473410725073167,-0.24355475156438014,-0.31991763879435814,-0.36122115252742215,0.2913560531977569,-0.2821400293257085,-0.3204897406886304,-0.2696552307362297
186683.0321081,0.4253606761658743,-0.4392237887106161,-0.40583990269261466,-0.4128471279048141,0.39592550901877216,-0.3980931470809923,-0.3936541352658492,-0.3921230898599715,0.42572106937569987,-0.43833101328229696,-0.40824441978204573,-0.41378129225521676,0.4232657331074199,-0.4359861207280251,-0.405158604493398,-0.4120948919525953,-2.6418384080410497,2.639230913272269,2.6441565143886985,2.6430909897971366,0.39661151645382314,-0.4032621646298175,-0.3917184845774882,-0.38225049426997026,0.28415191468200973,-0.2426388948586912,-0.31965702984099936,-0.3611916022591322,0.29080198923745876,-0.2816957839818298,-0.3198839377363033,-0.2688024912954367
186683.6650687,0.4712335099743606,-0.5049691591700592,-0.43084249780437456,-0.41458033138441697,0.4726097840432619,-0.4951508245145685,-0.44610461879650903,-0.42954388973107005,0.5004376914998703,-0.5324289762379599,-0.4596860924005941,-0.44968475836188115,0.4982379446504012,-0.5303911338268821,-0.4567779463147723,-0.4482693281593344,-2.5805544332922716,2.5240870490898777,2.6193172119518504,2.6350980378589597,0.47089621129787357,-0.4970950107951284,-0.44298399814811223,-0.41774654801848066,-0.2000919853531484,0.4156368416812889,-0.0111337094785608,-0.1696024938346353,0.36723127717964577,-0.37968878622656893,-0.3717883490089275,-0.30567068836914046
186684.1483419,0.6090769282257288,-0.663759346952706,-0.5131891755428075,-0.5436706454368514,-0.5579377373661712,0.853443159354698,0.0658845358879593,0.3514905106252602,0.6112725222328914,-0.6647798685307976,-0.5172452340538373,-0.5465468293832642,0.6104167529374847,-0.6641654604897282,-0.5153495312327332,-0.5467625543022998,-2.449384970523045,2.3017384908629084,2.5950946915672186,2.5389644651892813,0.5749932671695589,-0.6223047637624837,-0.49642577245477265,-0.5070946510728773,0.12696431132727684,-0.02836936734052008,-0.19367938782393887,-0.3488323025678909,0.4745989259962721,-0.5118028431413707,-0.4250901263470892,-0.39754799305135813
186684.6662026,0.5998933297022903,-0.6547973118858597,-0.5132962408715408,-0.5652848047316819,0.415396864932858,-0.4022775688368159,-0.4279856670865481,-0.4300086423356135,0.577035267709953,-0.6277310154158753,-0.5015757774813825,-0.5365193030041897,0.5906038714005374,-0.6435118445564406,-0.506597121067715,-0.5580821724457683,-2.588659722718515,2.5581938372599624,2.6222427774406483,2.590116123220489,0.25259266696754307,-0.23445121488267792,-0.32047447178566935,-0.18556994717855124,0.144033696683496,-0.028744433604164673,-0.2220526235640881,-0.3849179603583385,0.009104025321837609,0.033319551921871735,-0.13026087558370456,0.07026670683365391
186685.2321939,0.9635281383694664,-1.0202532218230678,-0.8443921421791709,-0.8494661112457303,0.45446020833619505,-0.3762906034251419,-0.5725833907616914,-0.4966244897063149,0.8915025061248443,-0.9489533305738855,-0.7924898019925524,-0.7523955151306102,0.3584180634048436,-0.40474067447887013,-0.2684323214847996,-0.2985385408365599,-1.6621652870086057,1.4223800243961253,2.1350182095842896,1.5990854558272554,0.6636018395559252,-0.6868955486143893,-0.6526025891808576,-0.5325996805411382,-0.014513838464299947,0.2236179963928305,-0.12650614325722578,-0.4859567745720715,-1.6548316303183719,1.7911353581263987,1.1219881792720088,1.8164956562051684
186685.7480632,1.1487954270865637,-1.2375756257540844,-0.9486142001705608,-0.9980050014854474,0.12597135204805496,0.06381288260692988,-0.42900052550085704,-0.2717308377805972,1.104821532250292,-1.1940676466701146,-0.9212783888539114,-0.9321889295889721,-0.1531207116376779,0.09245062350728721,0.22958451963825213,0.2159553996981878,-1.7859446961703473,1.512537237044552,2.206705053584459,1.7871033469281663,0.8877476113236131,-0.9438006100826367,-0.7942266912867276,-0.7161678755671033,-0.13475913636759068,0.4088297607725909,-0.05795939052405364,-0.5144030884632789,-1.1935113785329237,1.297813378575475,0.7147896231134006,1.4294369862590435
186686.2647134,1.203805303301377,-1.2544609437602192,-1.0156057621124404,-1.0480945586144046,-0.5423712547493834,0.8492906215198749,-0.06530729778273686,0.2272298265979725,1.1582308926799307,-1.2116773103903185,-0.9865031700102617,-0.9767019302529701,0.2299583808779482,-0.31031269046580934,-0.07690505836202048,-0.11933676830051228,-1.5371760490654174,1.1810041459314014,2.1308150777430193,1.610130488015907,0.9265520587335033,-0.9576282158067582,-0.8427309462143271,-0.7421884163030252,-0.16925513194132244,0.41754550942811497,-0.0008555600376054334,-0.5215003618333476,-1.269744199836632,1.286238883543715,0.857092716776372,1.5704617206903815
186686.8813353,1.1549169709139304,-1.1269836242344489,-1.0820977781283958,-1.070507058816826,-1.4629382286196966,1.7578831111845252,0.5898437354830601,1.0244555919603147,1.116532203169316,-1.09394881545595,-1.0549113814774815,-1.0030136061397996,0.4529962205867156,-0.5034786029521217,-0.29168043764960344,-0.3403889234946819,-1.0902399640684894,0.7002569788040125,1.9345290140129705,1.2990968579698972,0.9148564329201253,-0.8906478292066602,-0.9095591895010148,-0.7822625668720872,-0.06415105034272083,0.2344417767691496,-0.030289461364822703,-0.5642611139890176,-1.0219725845591991,0.9224770050914926,0.8441654986252862,1.4368808193822005
186687.3311813,1.0702750425264964,-1.0125006173781845,-1.102207038199628,-1.0436959445952765,-1.8791030628460754,2.0986108247637345,1.0348548187481488,1.4788082769847954,1.0381148982634365,-0.9860637370586246,-1.0771732511620293,-0.9821222803206122,0.46914830990841755,-0.5015230754036494,-0.3351387464465654,-0.37536127076217934,-0.7752548987612332,0.42635713285409205,1.710469734280597,1.026327149977343,0.8691037480176418,-0.8222513467104607,-0.9400423960712945,-0.7869141022178797,0.02545130045152491,0.1062386417094262,-0.0816727839597521,-0.5838769118102687,-0.8177353375602021,0.6911321772236659,0.790909662810523,1.2668350827440777
186687.9037917,1.0483718545388954,-0.9753625494867185,-1.1557923086718678,-1.0548831014187312,-2.0626834952113553,2.2391941393792165,1.287869934072114,1.6982543706088096,1.018446152205032,-0.9514019256848432,-1.1300525813354994,-0.995766004217373,0.2314024735993991,-0.2981012442837784,-0.02059285268965454,-0.10909757870066937,-0.5361982784365515,0.23591920572412098,1.461183668558042,0.7728574796249792,0.8687866786275112,-0.8087702038154385,-0.9992208545497004,-0.819020919074841,0.1353365622145395,-0.016463817913980393,-0.1905725822807755,-0.6413649480735016,-0.7034619475374583,0.5749863960814214,0.7471775768973428,1.149020701251328
186688.447655,0.8513005474357986,-0.7889389634364123,-1.014731542239691,-0.8905166444744269,-2.3453137602736267,2.438873880402945,1.8456605225199596,2.1175235168726174,0.8352454904564148,-0.7765264039752575,-0.999880201919458,-0.8551144565925176,0.4679685187507405,-0.47915395908806624,-0.4060977004685694,-0.4189493994893758,-0.26513740302151806,0.04643119151124147,1.0813411441287937,0.4682132237644046,0.718853293468474,-0.6688381348998041,-0.8827789307092867,-0.7068365138114328,0.21245348237170594,-0.132257595290591,-0.2474818692081694,-0.584032217346505,-0.47537016918799135,0.3604099847759451,0.6239685778964214,0.869712491077236
186689.064567,0.718713024792097,-0.6714573721591914,-0.8686033476468864,-0.7594409958830056,-2.469425072943508,2.5248137835481783,2.155363630766355,2.3272144220458113,0.7162648040116696,-0.6697569126775677,-0.8684158440512844,-0.750391414983504,0.5603289995056382,-0.5445600032622709,-0.6016326489301724,-0.5594492555324292,-0.10795115709088257,-0.05608818708700014,0.7720081637122248,0.26728240136118586,0.6160898397764691,-0.5792653877992827,-0.7588670438150372,-0.6139727678034841,0.2715973881709638,-0.21472716508260964,-0.30059283288169225,-0.5382489762857318,-0.30561782622244915,0.2110412445197442,0.47073992284649185,0.6270065870811576
186689.5318532,0.7634030682583544,-0.709878537452806,-0.9271550286376602,-0.8071441598506888,-2.4421499874042785,2.5060849348915677,2.081687052664761,2.2843080388972075,0.7526370246043612,-0.7018080255258534,-0.9157608662281455,-0.783081352895568,0.4940651764371635,-0.4942615138697001,-0.4795523736597594,-0.46629626217953946,-0.14382163095371328,-0.0326491239094055,0.8510628664824436,0.3050234641367754,0.6488084465118636,-0.6068476449235617,-0.8053167859924514,-0.6466677271934325,0.27837730241699515,-0.21342643840215303,-0.3187225336510017,-0.5684133843671002,-0.35131939987073485,0.2527863491919125,0.5137576690218136,0.6822713834523471
186690.0654283,1.0337962274645787,-0.9893321153617863,-1.0730949409369814,-0.9828897640455683,-1.7618076951833173,1.9739062350970138,1.0030546473798059,1.3932650519650858,1.0264402165251745,-0.9838343722870657,-1.0694690217150813,-0.963787253982652,0.6746729742820868,-0.6863241186779836,-0.5983151681133573,-0.5832280400682843,-0.6232038719775546,0.31931895979918123,1.4990380159894845,0.7916123027246665,0.7848076488890379,-0.75269355044238,-0.8626315086175808,-0.6783161999080808,0.011634066464016043,0.11710039325064889,-0.05871480596491732,-0.5403071621887783,-1.1463395664640221,1.0018585686223713,1.160132781978628,1.5636510655036122
186690.5303706,1.0648133112824028,-1.0975688702962096,-0.9388142550503509,-0.9245352679947101,-0.12498254772247407,0.2989839653778917,-0.2528635403612838,-0.005429686287968433,1.0684427652999502,-1.1014002881291778,-0.9470832497825228,-0.9199797336611796,0.8085708789692908,-0.8590539766246255,-0.6698839785856381,-0.6679932427511888,-1.2591800710974317,0.9305699339478898,1.8977895119343273,1.3337433652339625,0.6683607259101697,-0.6809149812995063,-0.6757910196922596,-0.484767725691081,-0.5908244116272182,0.8826809219138122,0.3506301125798437,-0.27142090641834205,-1.6352006510146937,1.626703295109926,1.2360164189578848,1.9403831975705073
186691.1811353,0.9781478308835699,-1.0055884185149278,-0.8560410168655015,-0.8671739797177618,0.43427855670048654,-0.358364299238869,-0.5652269724929152,-0.43931485172882895,0.996635197882478,-1.022370062477963,-0.8779568241160409,-0.8832702411754251,0.8081253530738597,-0.8466304226387875,-0.6812343650971783,-0.6952728021409621,-1.4656106334156545,1.1333018403384407,2.0232787406420907,1.5989155390172987,0.5443368651833705,-0.5468937442142137,-0.5809330078234554,-0.36831891637011455,-0.894623940383343,1.2433444150413673,0.5468099074966641,-0.10301713861689653,-1.4012892299247854,1.4032006917049527,0.9913035382563367,1.7574523907326904
186691.6472518,0.9431447590508232,-0.9643596587455874,-0.8409750814505883,-0.836432714658405,0.5348034137080905,-0.4775909761350604,-0.6242448431400479,-0.5198048755026796,0.9406572695136908,-0.9628409022315977,-0.8458419413117925,-0.8192818588663299,0.8340088493943715,-0.8624969721489809,-0.7237604949334082,-0.7320122343193546,-1.3877052614350425,1.06547993538262,1.9590599117710712,1.5101088009794983,0.5292679343594634,-0.5283657368576629,-0.5743305309720801,-0.3620740443900274,-0.9036908811140113,1.2434114592905838,0.5655983002142799,-0.08556951732544324,-1.4904860834774036,1.4867628514456852,1.084494679822566,1.8450664440827418
186692.2642975,0.9620422276408421,-0.9818111702338853,-0.8954712455555424,-0.83158306002986,0.16331653119822312,-0.059000604617217005,-0.40797916896739767,-0.1988596526003867,0.9536890894417842,-0.9752624571119725,-0.8928122861493282,-0.8099054035903112,0.8198416965741372,-0.8516667070859253,-0.7320805893431803,-0.6943920571930027,-0.9912831589829796,0.7075950568495746,1.6291117724892819,1.042162326323973,0.6519310300425788,-0.6581697395995771,-0.6785432448674631,-0.49266826922027435,-0.6541222761915727,0.9344141580680839,0.4283493045773014,-0.1972029694462309,-1.9054151397230132,1.883901463730917,1.5494254578163276,2.182449085756093
186692.7644306,0.5502516841829802,-0.5268844705276213,-0.6451077668516163,-0.5597494175327324,-2.6019885056352576,2.616579489034145,2.4946973123269296,2.5839599753537206,0.5456627567578138,-0.523433902497365,-0.6395891272400127,-0.5503756121757785,0.4908587157618498,-0.479370920612838,-0.5402767370075922,-0.487964180283874,0.03259268417737962,-0.13290311231895557,0.3984435211385224,0.0339134814073838,0.5095237170695746,-0.4894286721370588,-0.600260581149161,-0.5073595633517406,0.3248692597771215,-0.2914994786382908,-0.35806974157785204,-0.45490267966010917,0.14822968790854799,-0.17305893230201597,-0.10983687963921804,-0.05752200375686961
186693.2816836,0.7831591979655735,-0.8660833988009705,-0.6327586371658929,-0.7205318667306588,-0.1970112741125451,0.38825059721907207,-0.1433105795228591,0.143503954818125,0.7653544679322563,-0.8467693301230435,-0.6216565478843091,-0.6969319667126284,0.6501836640275654,-0.7260794240662956,-0.5153316330209671,-0.5920567630262846,-2.40976103382608,2.279568926377195,2.563015431168208,2.4254535354030997,0.6448476669542925,-0.7011397092585313,-0.5544594144443263,-0.5739580717435173,0.09201156797775038,0.06967967055581929,-0.19944257502048007,-0.4464116022843069,-0.3287842569187826,0.40257266809675457,0.10394395589062588,0.46093278027617085
186693.73047,0.6139506495495259,-0.6701045958177032,-0.5266049614008207,-0.5720548348153022,0.2683367900448126,-0.22815844555114864,-0.35077449426670837,-0.24784152574160367,0.6056690984874494,-0.6575607068225319,-0.5212129463602553,-0.5730982583145212,0.5565828364837869,-0.6049604103866555,-0.4753501970812607,-0.5309711283784274,-2.565639407488535,2.5242434517639003,2.6135090843987534,2.5683330826003017,0.5085499743368158,-0.5417657121480981,-0.4641037773524842,-0.46764674869138945,0.13518014682890375,-0.009154198535023887,-0.23328715275009576,-0.380175734672647,-0.12263008824282401,0.18746061749726153,-0.04217555518712837,0.20345514801358877
186694.2473541,0.5715697107816035,-0.6188700758168658,-0.5015700230151584,-0.5309165401934219,0.3392611950959993,-0.3284793399479833,-0.3787060879571592,-0.2985391692424603,0.5700909136922059,-0.6103623325653381,-0.501007542096825,-0.5518871869015494,0.5388648497306787,-0.5766732971603358,-0.471061619159746,-0.5271767459244988,-2.5876339259251266,2.5578751371865494,2.62168384220169,2.59091956320726,0.4743509427636465,-0.5003592588637641,-0.43990413978050774,-0.44229687685561775,0.14056179990727574,-0.024683733943838947,-0.23920299265787143,-0.3537091316903728,-0.04706548604622837,0.101552901111577,-0.09023143753442216,0.11360608760066138
186694.88021,0.5703620528708903,-0.6185854354912266,-0.5014487147272515,-0.522667739639074,0.35105654222557475,-0.3499223834788962,-0.3823468883889698,-0.2913507635857227,0.5728245863614114,-0.6113468547128307,-0.5036621496350061,-0.559192299315516,0.5466324873956451,-0.5826702274933955,-0.47859451743209863,-0.5399241518904432,-2.5866045188641507,2.554298302602367,2.6213836810210895,2.594129966865957,0.4748817853975099,-0.5009190829201665,-0.4387805066453662,-0.4445039638699685,0.09004060562679583,0.041521450806202266,-0.20999003774902972,-0.32154454318873676,-0.019193541013707415,0.06762423068794696,-0.10656086644336715,0.08505349462350394
186695.3800313,0.5854523492272112,-0.6418204993051251,-0.5086991508012131,-0.5168250249850525,0.32271770596631544,-0.32355049181227097,-0.36551064276608,-0.2316949294910263,0.6001005231895636,-0.6418331982873222,-0.5219927828096087,-0.5851317927498874,0.5750940753197962,-0.6138885615014888,-0.49835112450670227,-0.5685102347076691,-2.571051006762204,2.521754024906571,2.616550049238248,2.5964804361782794,0.49547891455819537,-0.5260888640969074,-0.4504008770266969,-0.4602559211069338,-0.06051782915544136,0.2414593800328137,-0.11682835008590133,-0.2448738421517154,0.052725267656624594,-0.016031789936269775,-0.15476712124204514,0.010811309014005397
186695.9971747,0.640088897338117,-0.7093246377498086,-0.5414790676406837,-0.5330144564419149,0.2248237605699568,-0.2179104310778121,-0.31365395632527443,-0.068272786464973,0.6864846726331076,-0.7324702309344437,-0.5838445545213162,-0.6694130032760119,0.6613540052372113,-0.7043645583398829,-0.5601939320797817,-0.6539497634622018,-2.4744493608763327,2.354875027565568,2.579959263029526,2.560095619980235,0.5678101528209264,-0.6059053565561952,-0.49901296728538874,-0.5230296434688463,-0.4166180372442457,0.7044126109386495,0.10941665168351886,-0.08361316152583836,0.11050590952120526,-0.08931242384607495,-0.19119143686060014,-0.028802805340448233
186696.4467557,0.7156601711163709,-0.7736499229919037,-0.6017617053445548,-0.5367269587775061,-0.21589282475256402,0.23799109123124393,-0.05422161479544,0.5868152177164326,0.8585551894021362,-0.8643241219930725,-0.7414369827707579,-0.8865424905395378,0.8369362128910668,-0.8414289998582126,-0.7195739846396298,-0.8752013232875322,-1.9837579495287683,1.6652070021162149,2.36301035809069,2.2755252983310594,0.7285485706760948,-0.7388572700126464,-0.6383778321561017,-0.7111896996129953,-1.2101991707542603,1.581178321252063,0.6957353136068098,0.31960648775565287,0.270149800949774,-0.26611609974368533,-0.3033735519910165,-0.17228653158557336
186697.0068355,0.5775899874613099,-0.622366174653274,-0.5828375837741594,-0.3563524127956886,-2.2342432407586688,2.1660433639112693,2.0280873873908445,2.5166427832157807,0.7566745099151975,-0.7371958074241569,-0.8404744037160127,-0.682375053470087,0.7508547982521945,-0.7308656946672919,-0.8318370912804158,-0.6818208399253638,-0.1855671972574685,0.04877230095412991,0.6984379249504408,0.1627485771371288,0.6963015395245651,-0.6826605371678006,-0.7693627687543749,-0.6159471220044316,-0.8712962003903841,1.0598589853248321,0.8647722620394859,0.09719670780959204,0.5096858032532458,-0.5015864362777084,-0.5667857268558075,-0.4400926399669312
186697.5968435,0.5033438952377544,-0.5738721961862019,-0.4445459428219977,-0.08983262573639696,-1.0778626945843877,0.9461189319409024,0.8408245445117966,1.9741791943717015,0.8625838712519737,-0.7861126473314449,-0.9337959589879613,-1.01746141865695,0.8588410523009659,-0.781178253174771,-0.9288066063050776,-1.0231617149130843,-0.23500772968066477,0.06386288893202961,0.7566348838991678,0.36968626777751906,0.7300678113225808,-0.6764470440715674,-0.7839725682151609,-0.8075320163306356,-2.079343920411665,2.2175679359796456,1.983381366931768,1.0206606381110452,0.43737771456344277,-0.40993961608859203,-0.4897197190125358,-0.42653832462320074
186698.0466839,0.5076651516732779,-0.5696471839319054,-0.4581978607048821,-0.03483127734434813,0.04205390942996704,-0.05595466312806953,-0.20957139095979724,0.4293096132081048,0.8793128738621753,-0.7805366130888679,-0.9392307603204967,-1.338913322311922,0.8821247025522089,-0.7790420744025743,-0.9435619210674137,-1.3711146866711006,-0.48101917347664025,0.25278402853964843,1.0520201215175484,0.9307400756601995,0.4964392762418293,-0.4761294390525156,-0.5153532879953898,-0.5144652173850424,-2.3890251642830895,2.4819815607998925,2.141286332720775,1.7265742484736857,0.06244842400027797,-0.07345561573560827,-0.1273912331903432,0.172700566370423
186698.6634855,0.6177956217844187,-0.6718859384617527,-0.568847983629465,-0.1767262079770582,0.0779582555706638,-0.08755231952699523,-0.2657633357929101,0.3878004841128216,1.0236098658631168,-0.8994749198287677,-1.0816115527685963,-1.5264097307275875,1.039289193868314,-0.9053650358245464,-1.1038886868766145,-1.5941511256750225,-0.5615200675575359,0.31468897751162156,1.1868632164343182,0.9081669134769588,0.14335993214926848,-0.20884705449052857,-0.0970109620534759,0.2633909825062905,-2.267866954659778,2.4013022197886102,1.9490814102624314,1.3899221840816967,-0.072625847018455,0.057134070832358344,-0.018822105575688697,0.3480065002019009
186699.1795753,0.6951101659972657,-0.7494632503625307,-0.6451981502818062,-0.254312222978405,-0.34787168081244246,0.264747455348704,0.11604334636871914,1.1439528744553429,1.1403992269158636,-1.0002844447249166,-1.2033043434964683,-1.536314529289272,1.162891979161008,-1.010099556002372,-1.2357307119624625,-1.610797784729322,-0.5394718985440462,0.30491654092606624,1.18786869656791,0.6619572873024107,-0.005071197619981016,-0.10441110494410429,0.10885242487895559,0.4780345507603989,-2.109954409212627,2.2898570523069184,1.7779383785733502,0.9950197634145783,0.003967814114965261,0.004737307452234785,-0.10646964064819756,0.12246006106426978
186699.6681523,0.7012093345294272,-0.7715463194281273,-0.6631300651636998,-0.25513180031837207,-1.130258541527764,0.9281147381583806,0.900173874950069,2.0270008353478586,1.1539994156312205,-1.0349738526127372,-1.2409339776528812,-1.2643542462501538,1.1769589081460803,-1.0451979614369846,-1.275921035498414,-1.3219976277301133,-0.4246151593151288,0.23847308684616325,1.0535395159460597,0.31883875572174225,0.1305539701532978,-0.21558480191218116,-0.01395107880478287,0.12842611789733455,-1.8098922346591835,2.0616640993597257,1.5428349296367905,0.5672299240200743,0.20204430704205587,-0.16094898897423815,-0.30261216341314245,-0.20001195868837185
186700.1631919,0.6360996821593397,-0.7321232518866968,-0.6097062394910032,-0.22806046445151001,-1.7676227304619592,1.5260556442195012,1.6209064462206284,2.3916913064879814,1.0597968693683477,-0.9941906201313878,-1.1572107229361477,-0.982733011741607,1.0784286488912656,-1.0022924497489982,-1.1871906768288782,-1.021232783424801,-0.25699005770787403,0.1375201101131151,0.7858777251608939,0.06621690821363851,0.27544171017184826,-0.33447111790710976,-0.17918954106129692,-0.12743195318173142,-1.3835899225441015,1.707733823126078,1.1814065417752542,0.2619427718447706,0.35843580012314935,-0.3082321377845024,-0.4548935328394509,-0.36039277374674034
186700.7463224,0.527070241871263,-0.649706438834261,-0.4876528884553101,-0.13932278939013443,-2.019707453554623,1.780117993782657,1.940611345058316,2.4871951633931846,0.962740444671617,-0.9307241616948526,-1.0440240983702984,-0.84150040708555,0.9824289460576162,-0.9398334236367906,-1.0760639648222836,-0.8770720247845295,-0.1744111130882706,0.0941099512035049,0.6173850933616848,-0.03172504469986623,0.4500773601436149,-0.48152826204396243,-0.4029789591996242,-0.33999558719532463,-1.1555591374815912,1.5080015096265875,0.9687520066035767,0.16042832449210695,0.4273607113803878,-0.3804371684028823,-0.5160285341760613,-0.41800763472988717
186701.2644823,0.45090949928022217,-0.5894581076854731,-0.40198822803669887,-0.08298726796277806,-2.1303795563760475,1.8932899781431196,2.087601500385767,2.517338060973514,0.901539130547709,-0.8891435374064542,-0.9648420096149971,-0.767456719013809,0.9248810225262812,-0.9013908981371284,-1.0018988449413153,-0.804355248883038,-0.1357292498066266,0.08160223425295565,0.5202142351641758,-0.08109843226434743,0.5506532813846409,-0.57159226875557,-0.52971000292242,-0.44810119711154783,-1.0260857490532596,1.397898264557375,0.8352962899047952,0.11370146865614066,0.4642116214970768,-0.4212056649688244,-0.5446729399393065,-0.447040664394134
186701.7628674,0.43166178776601466,-0.5754082613425439,-0.3872771496940455,-0.07095417489446461,-2.149565076716824,1.892616368057796,2.130940173587541,2.524816640840458,0.8816680068909171,-0.8782986161243793,-0.9327936775643288,-0.7389369349100944,0.922610666319305,-0.9041277745489313,-0.994833615879173,-0.7931919587153101,-0.1187807084899362,0.08303073714553372,0.4729972921519856,-0.11452701854341098,0.5328976283816067,-0.5598299580803429,-0.4977572097151205,-0.4336592737907289,-1.0056116773874773,1.4021507795572838,0.7957523040668247,0.10830225629569049,0.5051193732363868,-0.46013327466441495,-0.5870281169536834,-0.48184953628213983
186702.3000266,0.43289681054667545,-0.5769210177672188,-0.39773044394807605,-0.0747324557348419,-2.127515074714502,1.8356674332376746,2.1320436227752513,2.5237704030648365,0.8657210933027686,-0.867721751296329,-0.9042973607559569,-0.7170638228608076,0.9349628062037293,-0.9160543170824581,-1.005469324545163,-0.7985402069975011,-0.11504786580215201,0.09427624248277025,0.450652110974334,-0.13686560800230024,0.5122173328356376,-0.5445323899894501,-0.4599712273192892,-0.41617923763841885,-1.0454771440281376,1.468559801479219,0.812020555004705,0.1329662204791313,0.5422420416559877,-0.4932740010642079,-0.6272479321858051,-0.5133552923100981
186702.8632306,0.5220546530337753,-0.6571565872782104,-0.5175278113709357,-0.15806311025989728,-2.094927165906354,1.777225407041666,2.085296025975789,2.502291865372099,0.9197760302888559,-0.9225568412704083,-0.9601034907942086,-0.7511195357951482,1.022604171738841,-0.9985946741494118,-1.1055421319817709,-0.8623368611498142,-0.05778625536442962,0.06128602284855839,0.35894329920687545,-0.20974404278442707,0.06319001723085814,-0.16181610191542778,0.15392201066895056,-0.02078347252716237,-1.0149278831093027,1.481563244855244,0.7297437088858522,0.09353371986829707,0.6400164320877542,-0.5799504701320103,-0.7447316105905516,-0.5937785627239457
186703.4792152,0.4728895893254838,-0.607870879206409,-0.46345323122781285,-0.13635706941936676,-2.124030401532459,1.77488003859019,2.1633430998771193,2.532067486513679,0.8274419149920709,-0.8430771645241051,-0.8439615597057347,-0.6700532847603718,0.9480649318367664,-0.9356652127506019,-1.0118510147090218,-0.7938799438419122,-0.11282112131891103,0.12598505558041528,0.40859549012646895,-0.17296311294611447,0.4363235704700482,-0.48627986106269605,-0.3400029049756981,-0.35296700637295414,-1.0539893903757673,1.5274759098175699,0.7794227036665674,0.1534234563514416,0.6061209066027734,-0.5554478864443624,-0.6920925830518895,-0.5592705255244015
186703.9980839,0.4941341674700784,-0.6231756065015169,-0.4953352519582371,-0.17871292282637877,-2.1597867299330984,1.7962587377725066,2.211911761730591,2.54571500524184,0.7635287687077585,-0.7941433688035404,-0.7580218139828472,-0.6100485897741078,0.9311412283469827,-0.9296384772900603,-0.9861433464083589,-0.7696635006361808,-0.11715941721678291,0.15053068153836938,0.38887123941361873,-0.18191986054984868,0.46731283602729007,-0.518404573865879,-0.37581250142612527,-0.38158086217767617,-1.0072527350173688,1.502580297656263,0.7222657045999866,0.1447271221177539,0.6280818816151404,-0.5840076905061429,-0.7077357919686277,-0.568516391395401
186704.4456663,0.5140342236791372,-0.639056300467576,-0.5243207753040859,-0.20907639984899676,-2.1637953867154964,1.7759316836502992,2.2260422972557565,2.5479167052706306,0.7561363810310815,-0.7910886388390009,-0.746040665501614,-0.6018552627123861,0.9284483081265738,-0.9331562982870119,-0.9773675398055083,-0.7605295008387247,-0.12328547307747514,0.17630651698079816,0.3755540555914635,-0.1911664867677966,0.435699322088096,-0.49436530662078354,-0.3266463096226692,-0.35807500794891445,-0.9966252942372661,1.5147147606108504,0.6969843883131742,0.1522853001365829,0.6493879191053422,-0.6092864170275748,-0.7242054509265162,-0.5794993472903953
186705.0792874,0.5433335215762142,-0.6634424048498353,-0.5653913846549028,-0.24012912850273857,-2.1488700415710014,1.7237369359291617,2.224920712903231,2.546650866220695,0.7149564040714013,-0.7547642686558309,-0.6901517196771911,-0.5669556972060998,0.937419039624055,-0.94266856885461,-0.9849849443989669,-0.7631555930952783,-0.1254116726906581,0.1982256131024674,0.36122364216120706,-0.2057197888127749,0.40743819500889966,-0.472137131042808,-0.28024766625938513,-0.33795455637441707,-1.0192481715145831,1.5630151522718037,0.6995717359070862,0.17279641577886704,0.6903827254956761,-0.6519653279003479,-0.7649403759810791,-0.6055325180082537
186705.5621821,0.5713500554036485,-0.6865902469832006,-0.6030642745460314,-0.27334538457313523,-2.144555780997038,1.6892597308486537,2.22980998036199,2.5458206604141655,0.6970561483747724,-0.7391697741305775,-0.6667392298056155,-0.552851530391309,0.9401602456976416,-0.94914411750957,-0.9842450583254317,-0.7599745374100436,-0.1196420352217753,0.2127725530591688,0.3355983314928009,-0.2217161815619096,0.36098914947749633,-0.43367127351808515,-0.2112755341393997,-0.30501875560245806,-1.022564511559559,1.589822427300127,0.6877618570838913,0.1866380544207141,0.7172067288248036,-0.6832792990665157,-0.7878460721222061,-0.6195523252960248
186706.1970198,0.597660848655093,-0.7090818128329738,-0.6374574483428097,-0.30251643344651674,-2.137596702952418,1.6494726672913866,2.232645221636869,2.544129696928023,0.6711842268891759,-0.7141885563717487,-0.634722064976136,-0.5342948022099069,0.9401181365789797,-0.9520231884614954,-0.980363587446881,-0.7557610555966053,-0.1160800992567371,0.22974001165574465,0.31397185857552745,-0.23567995960015836,0.3352594569510337,-0.41359505672055896,-0.16968308334504095,-0.28896109059797803,-1.0315825647317864,1.6215497914983266,0.6827378470259572,0.2043155896017296,0.7410366978666487,-0.711873856058681,-0.8071287431274846,-0.6312319450785882
186706.7621144,0.6328964463425373,-0.7476456870250188,-0.6779758980323922,-0.3406728958088021,-2.179100392060214,1.6831356380744924,2.270648101525975,2.5531386197183945,0.6334341570001182,-0.6829762568795605,-0.5894482168612042,-0.5060354995292021,0.9329586795816414,-0.9588644024698856,-0.9661750382615899,-0.7414815758812019,-0.0930334096467879,0.23198711186439883,0.2654961320229955,-0.25796255750673197,0.2877927097654566,-0.3747350226773706,-0.1029838797863298,-0.25836712681496504,-0.9632578353932287,1.579424681826001,0.6082293797791994,0.1791942797306331,0.7483096444104791,-0.7303260627130572,-0.8077905803866545,-0.6278132439081242
186707.2787607,0.654925944083429,-0.7757856773886784,-0.7037139904795244,-0.3611123073003798,-2.2052448157400213,1.693644214521362,2.297765635638855,2.558030765507418,0.6032176964523744,-0.6552483408020771,-0.5538672288208835,-0.48607679723143865,0.9284020296292277,-0.9648548180331682,-0.9558238032157166,-0.732232296433469,-0.060793713031029144,0.22104487922012425,0.21115615486938247,-0.2842907455625679,0.25964116539008175,-0.35289688340664677,-0.059707156166578075,-0.2430549879991861,-0.9251877013474609,1.5677383254509234,0.5635409735054093,0.16928927027260104,0.7450393945633971,-0.7336416995618404,-0.7993505853309445,-0.6205529012529778
186707.8954108,0.6703399805291778,-0.7983282032858808,-0.722400822524776,-0.3716490557549589,-2.2171469983487433,1.6810291692630348,2.31334798430233,2.55912735323258,0.5865609141801088,-0.638332224270548,-0.534330584620215,-0.4771413438754924,0.9295305931627087,-0.9734214975450624,-0.9524037396042635,-0.7290278823799504,-0.02363804838491456,0.20179769863673058,0.15497127499027735,-0.31278798144377745,0.2330741244675907,-0.3320367941317392,-0.016729068569891353,-0.22947865878782361,-0.91275868073529,1.5832562551939307,0.542205939743114,0.172092592797246,0.7340381151293636,-0.7239644038604658,-0.784660983716576,-0.6111350237878233
186708.4019708,0.6766252227453009,-0.8141073466957846,-0.7297651172214588,-0.3761764882947057,-2.2391402794364397,1.6864461095249172,2.3376318266290266,2.5623432468331697,0.5752054503147128,-0.6274144159636578,-0.5218667991500388,-0.4723185558596651,0.9226290405317897,-0.9761791389943629,-0.9399838144304619,-0.7206078294747394,0.01828300009224628,0.1751570375405782,0.09466710153502472,-0.340058117531266,0.22374819815262922,-0.32720269592807105,0.0017966510625343198,-0.22847680352528252,-0.8887375990164352,1.5859191516897386,0.5146226642678339,0.17007330557361375,0.7113869666161958,-0.7026187011733582,-0.7571025126924599,-0.5947787577211237
186709.0699996,0.6887996330211645,-0.8420875443408572,-0.741948078063509,-0.38590762446338844,-2.279061252672163,1.7284385012406314,2.3694776005248714,2.569046248372542,0.548459126953087,-0.6017997206649238,-0.4925710557055798,-0.4576574485958124,0.9153129738158847,-0.9856032191464872,-0.9264585702793088,-0.7107009420726939,0.07056830137900878,0.13663519283119258,0.022795382035648404,-0.36976979531297705,0.19371365454860498,-0.30129892829050686,0.04391315223937718,-0.2146044912066409,-0.8241549077058105,1.5476740397920437,0.4513861869848375,0.14612864795671396,0.686362470660227,-0.681958321421094,-0.726594617736337,-0.5765345946777433
186710.1214766,0.6868026062521211,-0.8577268888315362,-0.7366833761694002,-0.39045790419466997,-2.3322666543218875,1.8075662951330453,2.4104408768568657,2.5787037893984106,0.5374978889606455,-0.5946765641829714,-0.48390224637363805,-0.4536169295149913,0.8899675235690078,-0.9802028027664687,-0.8939391307854813,-0.6900913662082477,0.11518024259008422,0.10246407088442189,-0.03972940981407393,-0.3897286399437079,0.18036561060304807,-0.28867542530863277,0.05786338933095559,-0.2126255588237111,-0.7312630427836596,1.468563611330223,0.37190948952089015,0.11130404962801999,0.6537158251306479,-0.657312296258082,-0.6859595925661185,-0.5534874403411029
