Timestamp,FP1,FP2,O1,O2,C3,CZ,FZ,C4
186477.225625,-87505.78125,-121185.171875,59597.3046875,-7487.96923828125,127165.0234375,86055.2890625,-196996.78125,78634.109375
186477.2258025,-86858.03125,-120525.34375,59463.328125,-7407.85986328125,127109.9453125,86004.7265625,-196516.40625,78604.0703125
186477.2259491,-86512.5625,-120103.7890625,59466.94921875,-7167.5341796875,127123.7109375,86007.3203125,-196213.9375,78585.46875
186477.226019,-86483.7734375,-119975.4921875,59720.41796875,-6412.22412109375,127208.296875,86082.515625,-196071.609375,78559.71875
186477.226054,-87620.9375,-121185.171875,59745.765625,-7190.421875,127220.09375,86126.59375,-197014.578125,78645.5546875
186477.2260952,-87534.5703125,-121276.8125,59579.19921875,-7556.6328125,127145.3515625,86046.2109375,-197156.921875,78629.8125
186477.2261351,-86901.2109375,-120616.984375,59419.87890625,-7476.52392578125,127084.375,85985.28125,-196694.328125,78588.328125
186477.2261694,-86555.7421875,-120213.7578125,59419.87890625,-7247.64306640625,127104.046875,85986.578125,-196391.859375,78569.734375
186477.2261979,-86526.953125,-120048.8046875,59691.44921875,-6469.44384765625,127206.328125,86076.03125,-196249.515625,78558.2890625
186477.2262225,-87692.9140625,-121313.46875,59716.796875,-7270.53076171875,127222.0625,86121.40625,-197228.078125,78651.2734375
186477.2262511,-87664.125,-121460.09375,59561.09765625,-7636.7421875,127157.1484375,86046.2109375,-197441.59375,78651.2734375
186477.2262805,-87045.15625,-120855.2578125,59409.015625,-7568.0771484375,127098.140625,85991.765625,-197014.578125,78626.953125
186477.2263162,-86742.875,-120507.015625,59401.7734375,-7339.19482421875,127115.84375,85996.953125,-196783.28125,78611.21875
186477.2263567,-86786.0546875,-120470.359375,59651.62109375,-6606.77294921875,127212.2265625,86086.40625,-196747.703125,78604.0703125
186477.2263874,-88095.9609375,-121936.6328125,59651.62109375,-7453.63623046875,127224.03125,86139.5546875,-197921.96875,78714.21875
186477.2264135,-88196.71875,-122303.203125,59459.70703125,-7865.6240234375,127145.3515625,86076.03125,-198331.1875,78738.53125
186477.2264415,-87534.5703125,-121753.3515625,59289.5234375,-7808.40283203125,127084.375,86012.5078125,-198010.9375,78698.484375
186477.2264698,-86714.0859375,-120891.9140625,59296.765625,-7476.52392578125,127135.515625,85990.46875,-197388.21875,78628.3828125
186477.2265002,-86397.40625,-120415.375,59604.546875,-6663.994140625,127271.234375,86077.328125,-196979.0,78589.765625
186477.2265262,-87419.4140625,-121460.09375,59651.62109375,-7430.748046875,127298.7734375,86121.40625,-197797.421875,78668.4375
186477.2265543,-87347.4453125,-121496.75,59510.40234375,-7762.626953125,127237.796875,86053.9921875,-197886.390625,78664.1484375
186477.2265849,-86771.6640625,-120873.5859375,59394.53125,-7693.9619140625,127188.625,86021.5859375,-197441.59375,78652.703125
186477.2266143,-86454.984375,-120470.359375,59394.53125,-7430.748046875,127204.359375,86018.9921875,-197156.921875,78625.5234375
186477.2266457,-86368.6171875,-120232.09375,59666.10546875,-6641.10595703125,127304.671875,86100.6640625,-196925.625,78595.484375
186477.2563064,-87448.203125,-121368.453125,59705.93359375,-7419.30419921875,127332.2109375,86146.0390625,-197797.421875,78675.59375
186477.3255695,-87296.34375,-121352.046875,59563.375,-7732.4970703125,127270.296875,86070.578125,-197844.453125,78657.0390625
186477.3256277,-86658.25,-120648.859375,59441.06640625,-7648.81201171875,127211.2890625,86023.90625,-197324.859375,78616.9375
186477.32566,-86302.5859375,-120172.859375,59451.2578125,-7369.86181640625,127226.0390625,86023.90625,-196954.984375,78584.0390625
186477.3256871,-86344.4296875,-120064.671875,59716.26171875,-6625.99609375,127321.2578125,86108.171875,-196822.890625,78560.390625
186477.3257347,-87484.640625,-121265.5,59757.03125,-7416.35400390625,127348.078125,86162.625,-197747.578125,78654.984375
186477.3257641,-87390.4921875,-121319.59375,59597.3515625,-7732.4970703125,127286.390625,86086.1328125,-197853.265625,78642.6484375
186477.3257934,-86794.234375,-120692.1328125,59475.04296875,-7630.21484375,127234.0859375,86043.3515625,-197395.3125,78615.9140625
186477.3258219,-86469.9609375,-120302.6796875,59488.6328125,-7351.26513671875,127251.5234375,86045.9453125,-197087.09375,78591.234375
186477.3258513,-86407.1953125,-120107.9453125,59753.6328125,-6607.39892578125,127348.078125,86123.7265625,-196884.53125,78565.53125
186477.3258815,-87505.5625,-121276.3203125,59774.01953125,-7407.05517578125,127357.46875,86153.546875,-197791.609375,78635.4453125
186477.3259137,-87327.7265625,-121222.2265625,59638.12109375,-7695.30322265625,127298.4609375,86079.6484375,-197800.421875,78621.0546875
186477.3259466,-86710.5546875,-120562.3125,59529.40234375,-7602.31982421875,127243.4765625,86038.171875,-197307.25,78590.2109375
186477.3259796,-86354.890625,-120107.9453125,59553.18359375,-7314.07177734375,127260.90625,86040.7578125,-196954.984375,78556.28125
186477.3260114,-86365.3515625,-119978.1328125,59807.9921875,-6570.2060546875,127349.421875,86112.0625,-196796.46875,78530.5703125
186477.3260402,-87526.484375,-121200.59375,59814.7890625,-7379.16015625,127362.8359375,86139.2890625,-197738.78125,78620.0234375
186477.3260716,-87390.4921875,-121222.2265625,59661.90234375,-7686.0048828125,127298.4609375,86056.3203125,-197809.234375,78609.7421875
186477.3260968,-86783.7734375,-120573.1328125,59553.18359375,-7593.02197265625,127252.859375,86018.71875,-197333.671875,78591.234375
186477.3262002,-86480.421875,-120194.4921875,59580.36328125,-7276.87890625,127279.6875,86023.90625,-197025.4375,78572.7265625
186477.3262407,-86469.9609375,-120053.859375,59845.36328125,-6551.60888671875,127370.8828125,86099.1015625,-196875.734375,78548.0546875
186477.3262616,-87631.0859375,-121319.59375,59855.55859375,-7360.56396484375,127377.5859375,86131.5078125,-197853.265625,78629.28125
186477.3262807,-87474.1796875,-121308.7734375,59702.671875,-7667.408203125,127306.5078125,86049.8359375,-197906.09375,78614.8828125
186477.3262978,-86877.921875,-120702.953125,59570.171875,-7583.72314453125,127248.8359375,86001.8671875,-197456.96875,78589.1796875
186477.326315,-86532.71875,-120281.0390625,59600.74609375,-7276.87890625,127277.0,86013.5390625,-197131.125,78572.7265625
186477.3263318,-86511.8046875,-120151.21875,59858.953125,-6551.60888671875,127360.1484375,86090.0234375,-196981.40625,78553.1953125
186477.3443235,-87631.0859375,-121352.046875,59869.1484375,-7369.86181640625,127365.515625,86118.546875,-197914.90625,78633.390625
186477.3750227,-87484.015625,-121373.6796875,59710.00390625,-7651.85107421875,127293.3203125,86029.2734375,-197994.5625,78609.2109375
186477.3751767,-86869.7890625,-120739.875,59595.5625,-7562.44482421875,127253.265625,85994.265625,-197517.5,78583.28125
186477.3752119,-86542.1953125,-120329.765625,59624.171875,-7258.4609375,127281.875,86005.1328125,-197206.359375,78552.8828125
186477.3752368,-86531.9609375,-120205.4921875,59895.96875,-6534.26416015625,127376.2890625,86087.203125,-197050.78125,78530.53125
186477.3753692,-87688.7578125,-121460.6796875,59910.2734375,-7338.9267578125,127386.3046875,86122.2109375,-198025.6875,78612.78125
186477.3754232,-87484.015625,-121423.390625,59750.05859375,-7616.0888671875,127317.640625,86038.9296875,-198046.421875,78594.90625
186477.3754568,-86849.3125,-120764.734375,59615.58984375,-7535.6220703125,127263.28125,85985.8203125,-197548.609375,78560.9296875
186477.3754864,-86511.484375,-120329.765625,59629.89453125,-7249.52001953125,127291.890625,85994.265625,-197216.734375,78537.6796875
186477.3755139,-86562.671875,-120255.203125,59890.24609375,-6534.26416015625,127382.0078125,86071.515625,-197113.015625,78527.84375
186477.3755392,-87688.7578125,-121473.1015625,59915.99609375,-7329.98583984375,127400.609375,86106.515625,-198056.796875,78625.3046875
186477.3755795,-87524.9609375,-121460.6796875,59770.0859375,-7607.14794921875,127340.5234375,86035.3046875,-198098.28125,78618.1484375
186477.3756323,-86920.96875,-120839.296875,59635.6171875,-7526.68212890625,127284.734375,85990.6484375,-197631.578125,78590.4296875
186477.3756979,-86572.9140625,-120416.7578125,59655.64453125,-7213.7568359375,127319.0703125,86001.5078125,-197299.703125,78569.8671875
186477.3757579,-86593.3828125,-120329.765625,59910.2734375,-6516.3828125,127404.8984375,86075.140625,-197175.25,78547.515625
186477.3757809,-87709.2265625,-121535.2421875,59921.71875,-7329.98583984375,127409.1875,86105.3125,-198119.015625,78627.0859375
186477.3758376,-87535.1953125,-121510.3828125,59764.36328125,-7607.14794921875,127344.8203125,86023.234375,-198160.515625,78605.6328125
186477.375888,-86910.734375,-120864.1484375,59638.4765625,-7535.6220703125,127299.0390625,85980.9921875,-197673.0625,78581.4921875
186477.3759341,-86583.1484375,-120466.46875,59664.2265625,-7222.6982421875,127327.6484375,85987.0234375,-197361.921875,78559.140625
186477.3759759,-86644.5703125,-120416.7578125,59938.88671875,-6516.3828125,127420.6328125,86076.34375,-197268.578125,78553.7734375
186477.375997,-87791.125,-121684.375,59956.05078125,-7321.0458984375,127434.9375,86111.34375,-198253.84375,78638.7109375
186477.3760822,-87565.90625,-121622.234375,59790.11328125,-7598.20703125,127361.984375,86023.234375,-198264.21875,78615.46875
186477.3761782,-86961.921875,-121013.28125,59644.19921875,-7553.50390625,127301.8984375,85968.921875,-197818.265625,78576.125
186477.3762595,-86593.3828125,-120565.890625,59661.3671875,-7231.63916015625,127324.7890625,85972.546875,-197465.640625,78543.9375
186477.37638,-86695.7578125,-120553.4609375,59938.88671875,-6543.205078125,127417.7734375,86065.484375,-197403.40625,78535.890625
186477.3913044,-87811.6015625,-121783.796875,59947.46875,-7365.7490234375,127426.359375,86104.1015625,-198367.9375,78614.5703125
186477.4775464,-87602.296875,-121754.421875,59784.5703125,-7637.009765625,127355.6796875,86020.1953125,-198399.9375,78586.140625
186477.4775728,-86956.5078125,-121090.9765625,59639.328125,-7569.06103515625,127294.8828125,85968.34375,-197913.125,78542.8203125
186477.4775894,-86633.6171875,-120700.71875,59662.26171875,-7237.80810546875,127317.6796875,85977.4140625,-197610.203125,78518.1875
186477.4776057,-86737.7734375,-120700.71875,59911.97265625,-6592.2890625,127410.3984375,86061.6796875,-197566.9375,78513.09375
186477.4776218,-87873.109375,-121962.5625,59919.6171875,-7407.68115234375,127422.5546875,86097.984375,-198540.578125,78595.484375
186477.4776373,-87591.8828125,-121845.484375,59761.63671875,-7645.50390625,127360.2421875,86025.3828125,-198508.125,78578.4921875
186477.4776531,-86987.7578125,-121221.0625,59618.94140625,-7603.03515625,127307.046875,85977.4140625,-198042.9375,78547.921875
186477.4776695,-86623.203125,-120765.7578125,59654.61328125,-7246.30078125,127338.9609375,85989.0859375,-197685.9375,78527.53125
186477.477686,-86758.609375,-120804.7890625,59914.5234375,-6583.7958984375,127431.6796875,86079.828125,-197664.296875,78518.1875
186477.4777166,-87841.8671875,-121988.578125,59917.0703125,-7399.18701171875,127442.3125,86112.2421875,-198594.671875,78601.4296875
186477.4777337,-87612.7109375,-121923.5390625,59761.63671875,-7620.02294921875,127384.5625,86037.046875,-198594.671875,78576.796875
186477.4777502,-86977.34375,-121273.1015625,59626.5859375,-7569.06103515625,127337.4375,85992.96875,-198107.84375,78542.8203125
186477.477767,-86612.7890625,-120817.796875,59662.26171875,-7212.3271484375,127357.203125,85994.265625,-197761.65625,78513.9453125
186477.4777846,-86748.1953125,-120843.8125,59924.71484375,-6566.80810546875,127448.3984375,86082.421875,-197718.390625,78517.34375
186477.4778018,-87873.109375,-122105.65625,59914.5234375,-7407.68115234375,127452.953125,86104.4609375,-198702.84375,78601.4296875
186477.4778184,-87571.046875,-121962.5625,59771.828125,-7611.52880859375,127393.6796875,86031.8671875,-198648.765625,78583.59375
186477.477835,-87008.59375,-121377.171875,59629.1328125,-7586.0478515625,127343.5234375,85985.1953125,-198216.03125,78551.3203125
186477.4778515,-86654.453125,-120947.8828125,59669.90234375,-7212.3271484375,127386.078125,86007.234375,-197869.84375,78517.34375
186477.4778683,-86841.9375,-121051.953125,59934.90625,-6566.80810546875,127484.875,86105.7578125,-197902.296875,78519.0390625
186477.4778849,-87935.609375,-122287.78125,59922.1640625,-7416.1748046875,127487.9140625,86132.984375,-198865.125,78596.3359375
186477.4779017,-87612.7109375,-122131.671875,59759.08984375,-7611.52880859375,127418.0,86050.015625,-198800.21875,78564.0546875
186477.4779187,-86977.34375,-121468.234375,59613.84765625,-7594.5419921875,127361.7578125,86003.34375,-198313.390625,78533.4765625
186477.4779361,-86612.7890625,-121012.9296875,59662.26171875,-7212.3271484375,127389.1171875,86015.0078125,-197945.578125,78504.6015625
186477.4779529,-86789.859375,-121077.96875,59922.1640625,-6575.3017578125,127472.7109375,86100.5703125,-197945.578125,78497.8046875
186477.4913667,-87935.609375,-122352.8203125,59914.5234375,-7416.1748046875,127474.234375,86121.3125,-198940.859375,78577.6484375
186477.5751198,-87605.296875,-122184.46875,59766.73046875,-7591.3681640625,127408.6953125,86041.96875,-198864.5,78554.3125
186477.5751759,-86981.0078125,-121550.6640625,59643.3515625,-7574.64892578125,127363.640625,86005.578125,-198381.15625,78535.625
186477.5752156,-86597.6796875,-121078.4140625,59686.265625,-7198.46923828125,127390.9921875,86022.1171875,-198007.265625,78518.640625
186477.5752508,-86783.8671875,-121165.40625,59954.484375,-6546.423828125,127477.8984375,86119.703125,-198025.5,78520.3359375
186477.575288,-87890.0546875,-122395.7421875,59935.7109375,-7424.1767578125,127473.0703125,86139.5546875,-198983.046875,78600.1796875
186477.5753476,-87539.578125,-122209.328125,59774.77734375,-7591.3681640625,127408.6953125,86051.890625,-198882.734375,78561.953125
186477.5753883,-86915.296875,-121550.6640625,59659.44140625,-7557.92919921875,127378.1171875,86023.7734375,-198390.28125,78543.2734375
186477.5754239,-86564.8203125,-121103.2734375,59705.0390625,-7165.02978515625,127423.1796875,86046.9296875,-198034.625,78512.6953125
186477.5754575,-86761.9609375,-121202.6953125,59970.578125,-6529.705078125,127516.5234375,86144.515625,-198052.859375,78509.296875
186477.5754831,-87901.0078125,-122470.3046875,59949.12109375,-7407.4580078125,127511.6953125,86164.3671875,-199037.765625,78587.4375
186477.5755142,-87484.8203125,-122209.328125,59806.96484375,-7557.92919921875,127450.5390625,86081.6640625,-198882.734375,78560.2578125
186477.5755434,-86871.484375,-121550.6640625,59654.078125,-7541.2099609375,127392.6015625,86028.734375,-198390.28125,78523.734375
186477.575582,-86521.0078125,-121090.84375,59702.359375,-7156.6708984375,127428.0078125,86048.5859375,-198016.390625,78499.1015625
186477.5756166,-86751.0078125,-121215.1171875,59965.21484375,-6538.06396484375,127513.3046875,86144.515625,-198061.984375,78499.1015625
186477.5756495,-87868.1484375,-122457.875,59954.484375,-7415.81689453125,127514.9140625,86172.6328125,-199019.53125,78581.4921875
186477.5756725,-87473.8671875,-122209.328125,59796.234375,-7557.92919921875,127455.3671875,86093.2421875,-198882.734375,78547.515625
186477.5756934,-86904.34375,-121612.8046875,59654.078125,-7541.2099609375,127408.6953125,86050.234375,-198435.875,78520.3359375
186477.5757214,-86575.7734375,-121202.6953125,59696.9921875,-7190.10888671875,127436.0546875,86065.125,-198098.453125,78492.3046875
186477.5757492,-86783.8671875,-121314.5390625,59981.30859375,-6529.705078125,127540.6640625,86172.6328125,-198125.8125,78499.1015625
186477.5757884,-87911.9609375,-122582.1484375,59967.8984375,-7424.1767578125,127539.0546875,86200.7578125,-199119.84375,78580.640625
186477.5758284,-87517.671875,-122346.03125,59815.01171875,-7566.2890625,127476.2890625,86116.3984375,-198983.046875,78542.421875
186477.5758656,-86915.296875,-121712.21875,59680.90234375,-7549.56982421875,127437.6640625,86078.359375,-198499.71875,78517.7890625
186477.5758976,-86608.6328125,-121326.96875,59715.76953125,-7165.02978515625,127469.8515625,86093.2421875,-198189.65625,78492.3046875
186477.5759276,-86783.8671875,-121401.53125,59983.9921875,-6529.705078125,127556.7578125,86189.1796875,-198189.65625,78493.15625
186477.5901472,-87901.0078125,-122656.71875,59962.53125,-7424.1767578125,127563.1953125,86210.6796875,-199165.4375,78580.640625
186477.6750185,-87509.4453125,-122420.4609375,59817.42578125,-7567.72021484375,127515.6328125,86138.171875,-199028.375,78560.796875
186477.675071,-86905.953125,-121792.6015625,59680.09765625,-7559.44921875,127475.9296875,86099.546875,-198550.234375,78537.3203125
186477.6751076,-86559.5,-121366.125,59728.734375,-7170.7529296875,127513.484375,86123.6875,-198200.15625,78519.4453125
186477.6752164,-86783.015625,-121484.59375,59986.2265625,-6533.951171875,127600.390625,86215.4140625,-198242.859375,78516.09375
186477.6752571,-87900.6015625,-122752.15625,59971.921875,-7435.39697265625,127599.3125,86238.3515625,-199233.296875,78594.3203125
186477.67529,-87498.2734375,-122503.3828125,59828.87109375,-7567.72021484375,127529.578125,86153.859375,-199088.15625,78556.3203125
186477.6753224,-86872.421875,-121839.984375,59697.26171875,-7518.09912109375,127485.5859375,86111.6171875,-198584.390625,78528.3828125
186477.6753606,-86559.5,-121449.0546875,59737.31640625,-7162.48193359375,127513.484375,86120.0625,-198268.46875,78502.6796875
186477.6753879,-86760.6640625,-121543.8203125,60009.11328125,-6533.951171875,127599.3125,86217.828125,-198285.546875,78506.03125
186477.6754126,-87878.25,-122799.546875,59971.921875,-7443.6669921875,127597.171875,86239.5546875,-199258.921875,78586.5
186477.6754497,-87431.21875,-122491.5390625,59820.28515625,-7575.990234375,127533.8671875,86158.6875,-199079.609375,78551.8515625
186477.6754833,-86838.8984375,-121851.828125,59688.6796875,-7542.9091796875,127487.734375,86112.8203125,-198592.921875,78516.09375
186477.6755201,-86514.796875,-121437.203125,59737.31640625,-7162.48193359375,127512.4140625,86122.4765625,-198251.390625,78484.796875
186477.6755484,-86794.1953125,-121614.90625,60011.9765625,-6525.68115234375,127601.4609375,86220.2421875,-198336.78125,78492.6171875
186477.6755765,-87878.25,-122835.0859375,59977.64453125,-7443.6669921875,127587.515625,86231.109375,-199284.53125,78566.3828125
186477.6756095,-87464.7421875,-122562.6171875,59828.87109375,-7575.990234375,127522.0703125,86141.7890625,-199130.84375,78523.9140625
186477.6756782,-86838.8984375,-121875.5234375,59697.26171875,-7542.9091796875,127477.0078125,86099.546875,-198601.46875,78490.3828125
186477.6757163,-86525.96875,-121472.7421875,59748.76171875,-7170.7529296875,127499.5390625,86112.8203125,-198268.46875,78454.625
186477.6757721,-86771.84375,-121603.0546875,60029.140625,-6533.951171875,127593.953125,86220.2421875,-198311.15625,78469.1484375
186477.6758037,-87878.25,-122846.9296875,60009.11328125,-7435.39697265625,127596.09375,86243.1796875,-199284.53125,78556.3203125
186477.6758409,-87453.5703125,-122562.6171875,59863.203125,-7559.44921875,127536.015625,86162.3125,-199113.765625,78520.5625
186477.6758744,-86850.0703125,-121911.0625,59720.15234375,-7518.09912109375,127483.4453125,86114.03125,-198610.0,78480.328125
186477.6759202,-86481.265625,-121437.203125,59771.6484375,-7145.94189453125,127515.6328125,86133.34375,-198225.78125,78453.5078125
186477.6759498,-86794.1953125,-121650.4453125,60040.5859375,-6533.951171875,127608.96875,86235.9375,-198328.234375,78469.1484375
186477.6885465,-87889.4296875,-122870.625,59997.671875,-7435.39697265625,127597.171875,86249.2109375,-199284.53125,78547.3828125
186477.775354,-87460.2265625,-122596.1015625,59840.08984375,-7580.9072265625,127522.515625,86156.2265625,-199122.34375,78505.3203125
186477.7754195,-86795.0390625,-121885.1796875,59720.28515625,-7538.88623046875,127486.0390625,86114.65625,-198570.34375,78475.8125
186477.7754592,-86484.6171875,-121461.125,59768.20703125,-7152.2900390625,127516.4375,86128.515625,-198228.640625,78445.4140625
186477.7754899,-86728.5234375,-121598.3203125,60040.765625,-6555.587890625,127603.0703125,86228.2890625,-198281.203125,78455.25
186477.7755888,-87870.4296875,-122858.015625,60013.80859375,-7454.8427734375,127606.109375,86253.234375,-199271.296875,78537.5
186477.7756146,-87426.96875,-122558.6796875,59873.03515625,-7555.69384765625,127546.828125,86178.3984375,-199069.78125,78504.421875
186477.7756661,-86850.4765625,-121922.59375,59738.2578125,-7496.86376953125,127498.1953125,86135.4453125,-198587.875,78471.34375
186477.7756983,-86528.96875,-121511.015625,59795.1640625,-7127.0771484375,127527.0703125,86159.0,-198246.15625,78447.203125
186477.7757262,-86806.1328125,-121685.625,60046.75390625,-6547.18408203125,127607.6328125,86247.6953125,-198333.78125,78447.203125
186477.7757542,-87892.6015625,-122907.90625,60019.796875,-7438.03515625,127612.1875,86269.8671875,-199288.828125,78531.2421875
186477.7757773,-87449.140625,-122608.5703125,59861.0546875,-7555.69384765625,127549.875,86183.9453125,-199104.828125,78499.0546875
186477.7758012,-86828.3046875,-121935.0703125,59738.2578125,-7505.26904296875,127513.390625,86147.9140625,-198587.875,78473.1328125
186477.7758278,-86517.8828125,-121535.953125,59810.140625,-7093.4599609375,127555.953125,86179.7890625,-198246.15625,78454.3515625
186477.7758503,-86817.21875,-121735.515625,60073.7109375,-6513.56689453125,127642.5859375,86279.5625,-198351.296875,78465.0859375
186477.7758719,-87892.6015625,-122957.796875,60040.765625,-7404.41796875,127634.984375,86289.265625,-199306.34375,78541.078125
186477.7758956,-87426.96875,-122621.046875,59894.00390625,-7522.0771484375,127574.1875,86200.578125,-199087.296875,78512.46875
186477.7759192,-86828.3046875,-121984.9609375,59765.2109375,-7488.4599609375,127531.6328125,86146.53125,-198596.640625,78479.390625
186477.775943,-86517.8828125,-121560.8984375,59837.09375,-7076.65185546875,127577.234375,86171.4765625,-198254.921875,78467.765625
186477.7759702,-86872.6484375,-121835.2890625,60085.69140625,-6513.56689453125,127656.265625,86261.5546875,-198403.875,78480.28125
186477.7759947,-87881.515625,-122995.2109375,60052.74609375,-7387.60888671875,127651.703125,86264.3203125,-199315.109375,78553.59375
186477.7760184,-87449.140625,-122683.40625,59902.98828125,-7513.6728515625,127595.46875,86168.703125,-199122.34375,78522.3046875
186477.7760404,-86861.5625,-122059.7890625,59768.20703125,-7480.05615234375,127545.3125,86114.65625,-198649.203125,78493.6953125
186477.7760686,-86528.96875,-121623.265625,59828.109375,-7059.8427734375,127575.7109375,86128.515625,-198289.96875,78469.5546875
186477.7760976,-86850.4765625,-121872.7109375,60097.671875,-6513.56689453125,127672.984375,86229.6796875,-198421.390625,78482.0703125
186477.7957102,-87892.6015625,-123045.1015625,60073.7109375,-7387.60888671875,127677.546875,86247.6953125,-199341.390625,78556.28125
186477.8922294,-87444.2265625,-122752.15625,59905.8046875,-7523.01611328125,127601.328125,86151.7109375,-199160.390625,78517.4765625
186477.8922654,-86832.953125,-122086.078125,59771.24609375,-7482.783203125,127558.40625,86108.7578125,-198659.71875,78493.875
186477.8922895,-86510.015625,-121659.78125,59821.31640625,-7080.451171875,127588.453125,86115.6796875,-198309.234375,78461.421875
186477.8923169,-86890.6171875,-121952.859375,60093.55859375,-6525.23388671875,127678.5703125,86215.4609375,-198479.46875,78481.0859375
186477.8923408,-87928.6328125,-123151.8125,60059.13671875,-7410.36279296875,127662.8359375,86212.6875,-199420.75,78546.0
186477.8923649,-87421.15625,-122765.484375,59896.41796875,-7531.06298828125,127592.7421875,86111.5234375,-199180.421875,78495.84375
186477.8924685,-86798.3515625,-122086.078125,59761.859375,-7498.8759765625,127549.828125,86057.4765625,-198659.71875,78455.515625
186477.8925095,-86486.9453125,-121659.78125,59830.703125,-7072.40478515625,127588.453125,86078.265625,-198309.234375,78425.03125
186477.8925739,-86879.0859375,-121966.1796875,60074.78515625,-6573.51416015625,127662.8359375,86164.1875,-198489.484375,78430.9296875
186477.8926022,-87894.03125,-123111.84375,60027.84375,-7458.64306640625,127648.53125,86166.9609375,-199400.71875,78503.703125
186477.8926565,-87421.15625,-122778.8046875,59896.41796875,-7547.15576171875,127594.171875,86090.7421875,-199190.4375,78476.171875
186477.8926885,-86844.484375,-122139.3671875,59777.50390625,-7506.9228515625,127565.5625,86056.09375,-198699.765625,78458.46875
186477.8927183,-86533.078125,-121726.390625,59852.60546875,-7056.31201171875,127598.46875,86074.109375,-198359.296875,78433.8828125
186477.8927502,-86913.6875,-122019.46875,60096.6875,-6565.466796875,127682.8671875,86165.5703125,-198539.546875,78446.6640625
186477.8927805,-87940.1640625,-123218.4140625,60056.0078125,-7434.5029296875,127671.421875,86168.34375,-199470.8125,78510.59375
186477.8928077,-87467.296875,-122872.0546875,59918.3203125,-7531.06298828125,127615.6328125,86090.7421875,-199250.515625,78484.0390625
186477.8928393,-86879.0859375,-122232.6171875,59799.41015625,-7514.96923828125,127574.1484375,86049.1640625,-198769.859375,78462.3984375
186477.8928685,-86533.078125,-121793.0,59880.76953125,-7040.2177734375,127614.203125,86076.8828125,-198409.375,78437.8125
186477.8928974,-86936.75,-122112.71875,60127.98046875,-6573.51416015625,127692.8828125,86166.9609375,-198609.640625,78448.6328125
186477.8929293,-87951.703125,-123285.0234375,60084.171875,-7442.5498046875,127692.8828125,86175.2734375,-199530.890625,78530.2578125
186477.8929587,-87478.828125,-122951.984375,59918.3203125,-7547.15576171875,127622.78125,86078.265625,-199320.609375,78486.984375
186477.8929974,-86867.5546875,-122285.8984375,59786.89453125,-7539.10888671875,127578.4375,86040.8515625,-198809.921875,78464.3671875
186477.8930417,-86510.015625,-121819.6484375,59890.15625,-7032.171875,127629.9375,86081.0390625,-198429.40625,78440.765625
186477.893071,-86925.21875,-122166.0078125,60159.2734375,-6557.4208984375,127727.2109375,86196.0625,-198639.6875,78471.25
186477.9068147,-87951.703125,-123351.6328125,60106.07421875,-7434.5029296875,127718.625,86196.0625,-199580.96875,78534.1953125
186477.9924293,-87429.296875,-122960.03125,59943.3984375,-7512.2421875,127650.5,86098.1171875,-199328.46875,78494.6796875
186477.9924655,-86849.3984375,-122330.609375,59804.8203125,-7520.51318359375,127600.609375,86044.921875,-198849.84375,78474.9609375
186477.9924949,-86483.8203125,-121844.234375,59887.96875,-7032.57421875,127646.34375,86073.796875,-198449.109375,78452.4296875
186477.9925237,-86912.4375,-122187.5546875,60129.09765625,-6585.98583984375,127730.875,86169.5546875,-198660.609375,78466.515625
186477.9926393,-87920.9453125,-123331.9609375,60087.5234375,-7446.0810546875,127729.4921875,86183.2265625,-199573.359375,78535.046875
186477.9926878,-87429.296875,-122974.3359375,59946.171875,-7495.7021484375,127668.515625,86099.6328125,-199328.46875,78499.3671875
186477.9927154,-86874.6171875,-122373.5234375,59810.36328125,-7503.97216796875,127626.9375,86060.1171875,-198860.96875,78480.59375
186477.9927402,-86521.6328125,-121915.7578125,59904.59765625,-7007.76416015625,127675.4453125,86090.515625,-198493.640625,78448.6796875
186477.9927686,-86912.4375,-122216.1640625,60154.04296875,-6561.17578125,127747.5078125,86181.7109375,-198671.734375,78464.640625
186477.992799,-87946.15625,-123389.1875,60115.23828125,-7429.541015625,127733.6484375,86192.3515625,-199606.75,78542.5546875
186477.9928318,-87378.8671875,-122945.7265625,59973.88671875,-7462.6220703125,127671.2890625,86113.3125,-199306.21875,78500.3125
186477.9929029,-86862.0078125,-122373.5234375,59824.22265625,-7503.97216796875,127617.2421875,86061.640625,-198872.09375,78471.2109375
186477.9929411,-86496.421875,-121887.1484375,59907.3671875,-6991.22314453125,127660.203125,86090.515625,-198471.375,78445.859375
186477.992965,-86950.25,-122244.7734375,60148.5,-6552.90576171875,127743.3515625,86189.3125,-198705.125,78465.578125
186477.9929858,-87946.15625,-123403.4921875,60087.5234375,-7462.6220703125,127737.8046875,86192.3515625,-199617.890625,78535.984375
186477.9930079,-87416.6875,-122988.640625,59943.3984375,-7479.162109375,127675.4453125,86110.2734375,-199350.734375,78494.6796875
186477.9930349,-86874.6171875,-122387.828125,59804.8203125,-7528.783203125,127636.640625,86078.359375,-198894.359375,78474.0234375
186477.993063,-86521.6328125,-121944.3671875,59890.73828125,-7016.0341796875,127680.984375,86113.3125,-198515.90625,78444.921875
186477.9930872,-86925.0390625,-122259.078125,60154.04296875,-6552.90576171875,127769.6796875,86216.671875,-198716.265625,78468.390625
186477.9931097,-87996.5859375,-123489.3203125,60095.83984375,-7479.162109375,127751.6640625,86215.1484375,-199695.8125,78537.859375
186477.9931386,-87416.6875,-123031.5546875,59943.3984375,-7503.97216796875,127683.7578125,86130.03125,-199384.125,78496.5546875
186477.993164,-86925.0390625,-122487.9609375,59807.58984375,-7561.86279296875,127642.1875,86088.9921875,-198983.40625,78476.84375
186477.9931892,-86559.453125,-122030.1953125,59896.28125,-7065.65478515625,127690.6875,86125.4765625,-198616.078125,78455.25
186477.9932113,-87038.5,-122430.7421875,60129.09765625,-6635.60693359375,127772.453125,86225.7890625,-198872.09375,78477.78125
186478.0085877,-88084.828125,-123660.984375,60054.265625,-7603.2138671875,127755.8203125,86234.90625,-199862.765625,78563.2109375
186478.0929784,-87606.59375,-123339.6953125,59869.37109375,-7698.61083984375,127679.6875,86147.421875,-199679.171875,78528.6484375
186478.0930375,-87130.09375,-122859.578125,59705.0859375,-7778.27294921875,127635.4375,86109.0703125,-199325.84375,78518.3671875
186478.0930726,-86854.2265625,-122523.5,59757.65625,-7353.4111328125,127673.7890625,86141.5234375,-199082.921875,78512.203125
186478.0932178,-87731.984375,-123459.7265625,59902.2265625,-7207.365234375,127723.9453125,86261.015625,-199789.59375,78602.6796875
186478.0932525,-89437.328125,-125572.234375,59632.80078125,-8627.9970703125,127656.0859375,86277.2421875,-201578.359375,78769.2421875
186478.0932776,-88960.8359375,-125524.2265625,59317.37109375,-8840.427734375,127567.578125,86173.9765625,-201732.9375,78748.6796875
186478.0933065,-88083.0859375,-124852.0625,59093.9453125,-8893.5361328125,127538.0703125,86116.4453125,-201313.359375,78711.671875
186478.0933298,-87456.1171875,-124275.921875,59153.0859375,-8415.56640625,127600.03125,86135.6171875,-200960.015625,78660.2578125
186478.0933591,-87606.59375,-124419.953125,59415.9453125,-7937.59619140625,127718.046875,86241.8359375,-201114.609375,78670.5390625
186478.0933842,-88308.7890625,-125332.1796875,59376.515625,-8787.3203125,127735.75,86241.8359375,-201887.53125,78719.890625
186478.0934185,-87431.0390625,-124539.984375,59264.80078125,-8694.3818359375,127688.5390625,86157.75,-201401.6875,78649.9765625
186478.0934527,-86753.9140625,-123771.8046875,59185.9453125,-8654.55078125,127670.84375,86129.71875,-200827.515625,78617.078125
186478.0934922,-86452.96875,-123315.6953125,59310.80078125,-8163.30419921875,127729.8515625,86176.9296875,-200474.1875,78600.625
186478.0935298,-86954.546875,-123723.7890625,59573.65625,-7725.1650390625,127818.359375,86278.71875,-200761.265625,78623.2421875
186478.0935677,-87882.453125,-124780.046875,59534.23046875,-8614.7197265625,127818.359375,86281.671875,-201644.609375,78691.1015625
186478.0936594,-87205.328125,-124179.8984375,59422.515625,-8535.0576171875,127768.203125,86200.53125,-201247.109375,78629.4140625
186478.0937548,-86578.3671875,-123435.71875,59337.0859375,-8468.673828125,127750.5,86166.6015625,-200672.9375,78596.515625
186478.0937926,-86252.34375,-122955.6015625,59481.65625,-7911.0419921875,127806.5625,86199.0546875,-200275.4375,78559.5
186478.0938275,-86653.6015625,-123219.671875,59783.94140625,-7406.51904296875,127892.125,86293.46875,-200430.015625,78565.6640625
186478.0938779,-87631.671875,-124299.9296875,59770.80078125,-8282.796875,127886.21875,86289.046875,-201291.265625,78625.3046875
186478.0939174,-87029.78125,-123747.796875,59665.65625,-8203.134765625,127833.109375,86207.90625,-200893.765625,78569.78125
186478.0939586,-86528.203125,-123147.6484375,59560.515625,-8176.5810546875,127794.7578125,86168.078125,-200407.9375,78536.875
186478.093998,-86252.34375,-122715.546875,59672.23046875,-7672.05712890625,127836.0625,86196.1015625,-200054.59375,78512.203125
186478.0940377,-86804.0703125,-123171.65625,59928.515625,-7260.47216796875,127909.828125,86291.9921875,-200341.6875,78534.8203125
186478.1149847,-87782.140625,-124299.9296875,59882.515625,-8163.30419921875,127895.0703125,86293.46875,-201247.109375,78600.625
186478.1926793,-87237.3828125,-123846.9453125,59754.4375,-8124.45703125,127832.890625,86210.5,-200932.890625,78553.7734375
186478.1927545,-86716.453125,-123261.5546875,59622.78515625,-8124.45703125,127794.890625,86172.140625,-200483.078125,78533.2578125
186478.1927853,-86462.046875,-122897.3125,59707.72265625,-7643.80517578125,127834.0078125,86196.5546875,-200169.265625,78506.703125
186478.1928129,-86958.75,-123326.6015625,59958.28515625,-7213.22119140625,127912.2421875,86302.3203125,-200451.703125,78541.703125
186478.1928456,-87915.8046875,-124458.359375,59903.078125,-8124.45703125,127889.890625,86294.1875,-201351.3125,78602.0546875
186478.1928821,-87273.7265625,-123925.0,59771.42578125,-8084.40185546875,127826.1875,86205.8515625,-200985.1875,78550.15625
186478.1929635,-86716.453125,-123313.59375,59669.50390625,-8064.375,127796.0078125,86170.984375,-200504.0,78523.6015625
186478.1930316,-86389.359375,-122858.2890625,59788.4140625,-7523.64208984375,127850.7734375,86210.5,-200116.953125,78497.046875
186478.1930566,-86886.0625,-123261.5546875,60034.73046875,-7113.0849609375,127922.296875,86302.3203125,-200368.015625,78515.1484375
186478.193081,-87843.1171875,-124367.296875,59979.51953125,-7994.27978515625,127920.0625,86306.96875,-201236.234375,78580.328125
186478.193106,-87213.15625,-123833.9375,59843.62109375,-7934.19921875,127860.828125,86222.125,-200859.65625,78527.21875
186478.1931317,-86680.109375,-123222.53125,59728.95703125,-7914.171875,127820.59375,86186.09375,-200378.46875,78498.2578125
186478.1931612,-86413.5859375,-122845.2734375,59856.36328125,-7383.4521484375,127863.0625,86220.9609375,-200043.734375,78469.2890625
186478.1931991,-86886.0625,-123222.53125,60111.171875,-6972.89501953125,127935.7109375,86317.4296875,-200284.328125,78501.875
186478.1932304,-87867.34375,-124367.296875,60034.73046875,-7874.1171875,127904.4140625,86301.15625,-201173.484375,78565.84375
186478.1932606,-87261.609375,-123859.953125,59911.5703125,-7834.06298828125,127848.5390625,86220.9609375,-200817.8125,78524.8046875
186478.1933079,-86777.0234375,-123313.59375,59805.3984375,-7824.048828125,127812.7734375,86186.09375,-200388.9375,78498.2578125
186478.193342,-86462.046875,-122884.3046875,59915.81640625,-7283.31591796875,127857.4765625,86223.28125,-200022.8125,78470.4921875
186478.1933603,-86958.75,-123313.59375,60153.640625,-6902.7998046875,127931.234375,86310.453125,-200294.78125,78486.1875
186478.1933806,-87915.8046875,-124432.34375,60094.18359375,-7804.02197265625,127913.359375,86304.6484375,-201163.015625,78548.9453125
186478.193398,-87334.3046875,-123964.0234375,59941.30078125,-7763.9677734375,127845.1796875,86211.6640625,-200838.734375,78494.6328125
186478.1934198,-86801.2578125,-123378.6328125,59801.15234375,-7794.0087890625,127804.953125,86170.984375,-200378.46875,78474.1171875
186478.1934428,-86498.390625,-122962.3515625,59911.5703125,-7223.23388671875,127856.359375,86204.6875,-200022.8125,78451.1796875
186478.1934701,-86995.09375,-123391.640625,60162.1328125,-6852.73193359375,127934.59375,86286.046875,-200305.25,78476.53125
186478.2092512,-87927.921875,-124497.3828125,60094.18359375,-7753.9541015625,127910.0,86269.7734375,-201173.484375,78546.53125
186478.2923261,-87287.9453125,-123958.484375,59959.58203125,-7694.54296875,127847.1953125,86188.546875,-200781.609375,78506.390625
186478.292591,-86810.5078125,-123432.5,59842.37109375,-7718.548828125,127812.546875,86154.7578125,-200360.6875,78482.7421875
186478.2926287,-86512.1171875,-123006.03125,59950.328125,-7174.41796875,127857.25,86187.296875,-199997.15625,78441.6171875
186478.2926624,-87073.1015625,-123503.578125,60200.17578125,-6790.326171875,127939.953125,86288.6875,-200331.984375,78474.515625
186478.2926972,-88004.09375,-124612.40625,60126.1484375,-7694.54296875,127922.0703125,86279.921875,-201202.53125,78541.3515625
186478.2927537,-87335.6875,-124057.9921875,59978.08984375,-7654.5341796875,127857.25,86192.3046875,-200800.734375,78483.7734375
186478.2928775,-86822.4453125,-123489.3671875,59848.5390625,-7702.544921875,127821.4921875,86151.0,-200360.6875,78458.0625
186478.2929286,-86512.1171875,-123048.6796875,59959.58203125,-7150.412109375,127870.6640625,86184.796875,-199987.578125,78432.359375
186478.2929842,-87061.1640625,-123532.015625,60197.09375,-6774.32177734375,127947.78125,86279.921875,-200303.28125,78460.125
186478.2930167,-88027.96875,-124683.484375,60126.1484375,-7702.544921875,127931.015625,86272.4140625,-201202.53125,78532.09375
186478.2930577,-87359.5546875,-124129.0703125,59978.08984375,-7646.5322265625,127856.1328125,86176.03125,-200810.3125,78470.40625
186478.2931032,-86846.3203125,-123546.2265625,59857.79296875,-7686.541015625,127821.4921875,86142.234375,-200360.6875,78453.953125
186478.2933809,-86547.921875,-123133.96875,59962.66796875,-7118.40478515625,127861.7265625,86171.0234375,-200006.71875,78418.9921875
186478.2934417,-87049.2265625,-123574.65625,60224.8515625,-6758.31787109375,127946.65625,86276.171875,-200293.71875,78448.8125
186478.2936902,-87980.21875,-124683.484375,60138.484375,-7686.541015625,127916.484375,86257.390625,-201173.84375,78508.4453125
186478.2937283,-87335.6875,-124129.0703125,59993.51171875,-7630.52783203125,127847.1953125,86164.765625,-200772.046875,78449.84375
186478.2937511,-86870.1875,-123603.09375,59867.046875,-7646.5322265625,127819.2578125,86140.984375,-200360.6875,78435.4453125
186478.293781,-86535.984375,-123162.40625,59984.2578125,-7086.39697265625,127865.078125,86183.546875,-199987.578125,78413.8515625
186478.2938598,-87073.1015625,-123617.3046875,60218.68359375,-6734.31201171875,127933.25,86272.4140625,-200293.71875,78440.5859375
186478.2938966,-88016.03125,-124740.34375,60138.484375,-7662.5361328125,127914.25,86259.8984375,-201173.84375,78513.5859375
186478.2939443,-87347.625,-124185.9375,59987.34375,-7598.52001953125,127843.84375,86162.265625,-200791.171875,78450.8671875
186478.2939844,-86846.3203125,-123617.3046875,59873.21484375,-7622.52587890625,127813.6640625,86134.7265625,-200341.546875,78442.640625
186478.2940073,-86535.984375,-123205.0546875,59990.4296875,-7054.38916015625,127865.078125,86173.53125,-199987.578125,78416.9375
186478.2940301,-87073.1015625,-123674.171875,60234.10546875,-6702.30517578125,127953.3671875,86276.171875,-200284.140625,78458.0625
186478.3115105,-88027.96875,-124811.4296875,60141.5703125,-7638.52978515625,127928.78125,86256.140625,-201192.96875,78522.84375
186478.4089892,-87337.296875,-124222.4140625,59997.4921875,-7579.2529296875,127861.140625,86163.46875,-200770.828125,78464.3203125
186478.409062,-86824.0546875,-123641.046875,59884.83984375,-7594.630859375,127830.1640625,86129.9453125,-200314.1875,78448.5859375
186478.4090909,-86513.7265625,-123214.703125,60003.75,-7025.64501953125,127889.171875,86174.203125,-199938.71875,78429.8984375
186478.4091172,-87062.7734375,-123692.71875,60235.3125,-6671.951171875,127973.2578125,86269.421875,-200263.453125,78458.421875
186478.4091462,-87981.828125,-124790.859375,60163.33984375,-7594.630859375,127955.5546875,86256.0078125,-201126.0,78525.296875
186478.4092568,-87313.421875,-124222.4140625,60010.0078125,-7548.4970703125,127881.796875,86154.0859375,-200730.25,78468.2578125
186478.409287,-86800.1796875,-123628.125,59884.83984375,-7563.875,127847.8671875,86113.8515625,-200273.59375,78444.65625
186478.4093122,-86501.7890625,-123227.625,59994.36328125,-7010.26708984375,127893.59375,86144.6953125,-199918.421875,78407.28125
186478.4093343,-87038.8984375,-123679.8046875,60244.703125,-6679.64013671875,127979.15625,86249.3046875,-200222.859375,78450.5546875
186478.4093594,-87993.765625,-124803.78125,60163.33984375,-7602.31982421875,127957.03125,86237.234375,-201115.859375,78517.4296875
186478.4093858,-87301.484375,-124222.4140625,60016.265625,-7533.119140625,127892.125,86146.0390625,-200699.796875,78464.3203125
186478.4094155,-86812.1171875,-123666.8828125,59891.09765625,-7548.4970703125,127856.71875,86104.4609375,-200263.453125,78442.6875
186478.4094418,-86513.7265625,-123240.546875,60019.39453125,-6979.51123046875,127906.875,86139.328125,-199898.140625,78412.1953125
186478.4094682,-87074.703125,-123744.3984375,60257.21875,-6656.5732421875,127985.0625,86233.2109375,-200243.15625,78446.6171875
186478.4094906,-87981.828125,-124816.703125,60182.1171875,-7579.2529296875,127967.359375,86221.140625,-201085.40625,78513.5
186478.4095557,-87301.484375,-124235.328125,60031.9140625,-7517.7412109375,127903.921875,86136.6484375,-200679.5,78462.359375
186478.4095952,-86812.1171875,-123666.8828125,59913.00390625,-7540.80810546875,127875.8984375,86115.1953125,-200233.0,78443.671875
186478.4096198,-86537.59375,-123279.3046875,60031.9140625,-6956.44384765625,127929.0,86158.109375,-199898.140625,78414.1640625
186478.4096411,-87086.640625,-123757.3203125,60269.734375,-6641.19482421875,128005.7109375,86256.0078125,-200222.859375,78446.6171875
186478.4096627,-87993.765625,-124855.4609375,60178.98828125,-7548.4970703125,127977.6875,86239.9140625,-201095.5625,78511.53125
186478.4096856,-87277.6171875,-124235.328125,60028.78515625,-7494.673828125,127909.828125,86147.375,-200649.0625,78451.5390625
186478.4097075,-86776.3125,-123653.9609375,59906.7421875,-7525.43017578125,127869.9921875,86107.1484375,-200202.5625,78422.03125
186478.4097297,-86477.9140625,-123227.625,60041.30078125,-6933.376953125,127936.375,86164.8125,-199837.25,78404.328125
186478.4097527,-87062.7734375,-123757.3203125,60279.12109375,-6625.81689453125,128014.5625,86273.4453125,-200182.265625,78436.7890625
186478.4213029,-87946.0234375,-124803.78125,60200.890625,-7533.119140625,127988.0078125,86256.0078125,-201014.375,78502.6796875
186478.5084474,-87263.3984375,-124215.9765625,60042.0625,-7484.6162109375,127911.1640625,86140.8984375,-200601.140625,78453.4140625
186478.5084964,-86768.53125,-123634.609375,59916.53125,-7506.341796875,127873.6171875,86090.828125,-200150.796875,78439.3359375
186478.5085314,-86490.921875,-123247.0234375,60045.27734375,-6919.7421875,127920.5546875,86124.8046875,-199817.9375,78411.171875
186478.5085677,-87046.140625,-123737.9609375,60289.8984375,-6622.82177734375,127998.78125,86224.9375,-200141.0,78443.09375
186478.5086046,-87963.453125,-124810.265625,60196.5546875,-7528.06787109375,127972.1875,86208.84375,-201012.328125,78490.03125
186478.5086352,-87263.3984375,-124215.9765625,60042.0625,-7477.3740234375,127909.6015625,86123.015625,-200581.5625,78433.703125
186478.5086661,-86804.7421875,-123686.28125,59900.44140625,-7506.341796875,127873.6171875,86085.4609375,-200170.375,78413.046875
186478.5087014,-86527.1328125,-123272.8671875,60022.75,-6912.5,127936.203125,86135.53125,-199827.71875,78390.515625
186478.5087275,-87154.7734375,-123854.234375,60277.0234375,-6630.06396484375,128022.2578125,86246.3984375,-200219.328125,78427.1328125
186478.5087705,-87987.59375,-124874.859375,60193.3359375,-7528.06787109375,127995.65625,86233.8828125,-201031.90625,78490.03125
186478.5087979,-87299.609375,-124267.65625,60042.0625,-7448.40576171875,127934.6328125,86153.4140625,-200601.140625,78441.2109375
186478.5088214,-86840.953125,-123750.8828125,59926.1875,-7491.85791015625,127911.1640625,86130.1640625,-200199.75,78425.25
186478.5088501,-86527.1328125,-123311.625,60067.80859375,-6890.77490234375,127978.4453125,86182.0234375,-199837.515625,78406.4765625
186478.5088772,-87106.4921875,-123841.3125,60299.5546875,-6608.337890625,128056.6796875,86283.9453125,-200189.953125,78446.84375
186478.5089147,-87963.453125,-124874.859375,60209.4296875,-7506.341796875,128030.078125,86269.640625,-201012.328125,78506.9296875
186478.5089413,-87287.5390625,-124306.40625,60045.27734375,-7441.1640625,127958.1015625,86176.65625,-200610.9375,78446.84375
186478.508965,-86792.671875,-123737.9609375,59926.1875,-7484.6162109375,127931.5078125,86146.2578125,-200180.171875,78429.0078125
186478.5089906,-86515.0625,-123350.3828125,60071.02734375,-6876.291015625,127992.5234375,86194.5390625,-199837.515625,78400.84375
186478.5090178,-87070.28125,-123854.234375,60309.2109375,-6608.337890625,128070.7578125,86296.4609375,-200170.375,78438.3984375
186478.5090539,-87939.3203125,-124887.78125,60209.4296875,-7520.826171875,128037.8984375,86271.4296875,-201012.328125,78488.1484375
186478.5090905,-87227.1875,-124267.65625,60061.37109375,-7448.40576171875,127970.6171875,86189.1796875,-200561.984375,78433.703125
186478.5091268,-86768.53125,-123737.9609375,59948.71875,-7477.3740234375,127934.6328125,86164.140625,-200150.796875,78423.375
186478.5091783,-86454.71875,-123298.703125,60080.68359375,-6861.80712890625,127984.703125,86210.6328125,-199788.5625,78391.453125
186478.5092307,-87058.2109375,-123867.15625,60309.2109375,-6622.82177734375,128059.8046875,86310.765625,-200170.375,78423.375
186478.5247767,-87903.109375,-124887.78125,60222.3046875,-7499.10009765625,128042.59375,86300.0390625,-200992.734375,78489.0859375
186478.6086465,-87218.296875,-124304.625,60069.23828125,-7414.833984375,127971.875,86215.953125,-200574.5,78430.078125
186478.6086861,-86745.421875,-123760.1328125,59954.17578125,-7443.0859375,127941.65625,86190.921875,-200159.296875,78414.96875
186478.6087139,-86480.1484375,-123384.1796875,60089.89453125,-6835.65478515625,127991.6328125,86233.4765625,-199830.984375,78387.078125
186478.6087479,-87079.890625,-123915.703125,60308.2265625,-6609.6337890625,128072.9921875,86332.359375,-200188.265625,78428.921875
186478.6087772,-87933.375,-124939.859375,60219.7109375,-7492.52783203125,128043.9375,86309.828125,-201009.015625,78487.03125
186478.608799,-87206.765625,-124278.6953125,60081.04296875,-7400.70703125,127973.03125,86225.96875,-200535.875,78431.2421875
186478.6088285,-86780.0234375,-123773.1015625,59963.0234375,-7436.02294921875,127945.140625,86199.6796875,-200149.640625,78416.1328125
186478.6088616,-86480.1484375,-123358.25,60104.64453125,-6814.4658203125,128006.7421875,86244.7421875,-199792.359375,78387.078125
186478.6088998,-87126.0234375,-123954.59375,60325.9296875,-6616.6982421875,128076.4765625,86333.609375,-200197.90625,78418.4609375
186478.6089406,-87944.90625,-124939.859375,60249.21875,-7478.40185546875,128047.421875,86321.09375,-200999.359375,78481.21875
186478.6089721,-87241.359375,-124330.546875,60089.89453125,-7400.70703125,127968.3828125,86224.71875,-200555.1875,78414.96875
186478.6090025,-86791.5546875,-123799.0234375,59974.828125,-7457.212890625,127940.4921875,86199.6796875,-200149.640625,78396.375
186478.6090295,-86526.28125,-123410.109375,60098.74609375,-6835.65478515625,127990.46875,86238.484375,-199821.328125,78362.671875
186478.6090622,-87149.09375,-123993.484375,60328.87890625,-6623.76123046875,128071.828125,86339.8671875,-200217.21875,78406.8359375
186478.6090961,-87944.90625,-124965.7890625,60225.61328125,-7499.5908203125,128032.3125,86308.578125,-201009.015625,78454.4921875
186478.6091295,-87195.2265625,-124291.65625,60069.23828125,-7421.89697265625,127963.734375,86225.96875,-200526.21875,78403.3515625
186478.6091591,-86791.5546875,-123824.953125,59963.0234375,-7471.3388671875,127946.3046875,86212.1953125,-200159.296875,78401.0234375
186478.6091911,-86491.6875,-123410.109375,60104.64453125,-6821.52880859375,128000.9296875,86252.25,-199802.015625,78370.8046875
186478.6092221,-87126.0234375,-124006.453125,60314.125,-6637.88720703125,128069.5078125,86336.1171875,-200217.21875,78406.8359375
186478.6092519,-87933.375,-125004.6796875,60228.5625,-7506.65478515625,128042.7734375,86312.3359375,-201018.671875,78461.4609375
186478.6092827,-87229.828125,-124382.40625,60089.89453125,-7414.833984375,127982.3359375,86227.21875,-200574.5,78401.0234375
186478.6093115,-86780.0234375,-123863.84375,59963.0234375,-7478.40185546875,127950.953125,86197.1796875,-200178.609375,78377.78125
186478.6093409,-86480.1484375,-123449.0,60101.6953125,-6821.52880859375,128006.7421875,86244.7421875,-199811.671875,78344.0703125
186478.6093722,-87114.4921875,-124019.4140625,60322.9765625,-6637.88720703125,128083.453125,86347.3828125,-200207.5625,78388.234375
186478.623296,-87921.8359375,-125004.6796875,60222.6640625,-7499.5908203125,128047.421875,86323.6015625,-201009.015625,78438.21875
186478.708173,-87177.65625,-124326.2578125,60071.96875,-7408.798828125,127985.6875,86245.4609375,-200513.203125,78379.7890625
186478.7082212,-86773.359375,-123856.3359375,59964.0546875,-7465.6611328125,127964.40625,86226.859375,-200147.671875,78366.375
186478.7082717,-86464.1953125,-123412.5234375,60119.57421875,-6804.630859375,128024.4921875,86272.640625,-199782.125,78337.765625
186478.7082976,-87106.3125,-124012.9765625,60335.40625,-6626.93505859375,128098.3359375,86369.9140625,-200197.0625,78379.7890625
186478.7083265,-87867.34375,-124952.8203125,60249.70703125,-7494.0927734375,128075.8125,86359.8984375,-200947.90625,78441.4765625
186478.7083557,-87177.65625,-124313.203125,60110.0546875,-7387.47509765625,128010.71875,86281.21875,-200493.453125,78392.3046875
186478.7083864,-86749.578125,-123804.125,59992.6171875,-7458.55419921875,127981.9296875,86259.765625,-200098.265625,78383.3671875
186478.7084287,-86440.40625,-123360.3046875,60138.62109375,-6769.091796875,128038.2578125,86308.3984375,-199712.96875,78350.28125
186478.7084629,-87106.3125,-123960.765625,60360.796875,-6605.61083984375,128115.859375,86407.1015625,-200137.78125,78398.5625
186478.7085152,-87938.6953125,-124965.875,60259.23046875,-7494.0927734375,128082.0703125,86381.359375,-200947.90625,78451.3125
186478.7085695,-87189.5546875,-124274.046875,60129.09765625,-7359.0439453125,128009.46875,86301.25,-200444.046875,78389.625
186478.7086125,-86797.140625,-123804.125,59998.96484375,-7444.337890625,127971.921875,86268.34375,-200088.390625,78364.59375
186478.7086516,-86464.1953125,-123360.3046875,60144.96875,-6783.30712890625,128032.0,86314.125,-199703.09375,78339.5546875
186478.708686,-87141.984375,-123973.8203125,60354.44921875,-6626.93505859375,128097.0859375,86404.2421875,-200137.78125,78377.109375
186478.7087378,-87903.015625,-124926.71875,60265.578125,-7501.201171875,128073.3046875,86377.0625,-200898.5,78428.0703125
186478.7088017,-87177.65625,-124274.046875,60122.75,-7373.2587890625,128020.734375,86295.5234375,-200434.171875,78378.0
186478.7088422,-86820.9296875,-123856.3359375,60002.140625,-7451.44580078125,127990.6953125,86271.203125,-200108.15625,78374.421875
186478.7088893,-86487.9765625,-123399.46875,60154.48828125,-6776.2001953125,128050.7734375,86319.84375,-199722.84375,78352.96875
186478.7089468,-87165.765625,-124026.03125,60367.14453125,-6612.71923828125,128115.859375,86407.1015625,-200167.421875,78391.4140625
186478.7089756,-87938.6953125,-124991.984375,60259.23046875,-7508.30908203125,128080.8125,86375.6328125,-200947.90625,78442.375
186478.7089974,-87189.5546875,-124313.203125,60119.57421875,-7366.15087890625,128008.21875,86289.8046875,-200453.9375,78386.9453125
186478.709018,-86749.578125,-123804.125,59992.6171875,-7465.6611328125,127976.921875,86256.8984375,-200058.75,78373.53125
186478.7090394,-86464.1953125,-123386.4140625,60144.96875,-6783.30712890625,128042.015625,86301.25,-199703.09375,78343.1328125
186478.7090617,-87153.875,-124039.0859375,60360.796875,-6619.8271484375,128122.1171875,86405.671875,-200157.546875,78395.8828125
186478.7240887,-87950.5859375,-125018.09375,60243.359375,-7508.30908203125,128088.328125,86372.7734375,-200957.78125,78443.265625
186478.8086025,-87159.5078125,-124302.4765625,60107.59765625,-7367.0458984375,128031.953125,86294.5,-200440.515625,78389.8046875
186478.8087056,-86756.7734375,-123839.3515625,59987.30078125,-7461.19091796875,128005.1328125,86263.0234375,-200085.34375,78374.515625
186478.8087292,-86427.265625,-123389.453125,60126.1015625,-6794.93017578125,128056.09375,86298.7890625,-199709.890625,78332.046875
186478.808752,-87110.6953125,-124011.3671875,60348.19140625,-6635.60693359375,128115.1015625,86386.046875,-200146.234375,78364.3203125
186478.8087738,-87867.34375,-124964.0859375,60252.5703125,-7519.126953125,128086.9375,86370.3125,-200917.46875,78422.078125
186478.8087952,-87122.8984375,-124289.2421875,60110.6796875,-7367.0458984375,128022.5703125,86291.6328125,-200430.375,78364.3203125
186478.8088273,-86720.1640625,-123812.8828125,59996.55078125,-7446.70703125,128007.8125,86274.46875,-200065.0625,78359.2265625
186478.8088802,-86402.859375,-123376.21875,60169.28515625,-6744.23681640625,128073.53125,86324.5390625,-199699.734375,78335.4453125
186478.808915,-87074.078125,-123998.1328125,60379.03515625,-6613.880859375,128145.9453125,86416.09375,-200125.9375,78373.6640625
186478.8089518,-87842.9375,-124964.0859375,60258.73828125,-7526.369140625,128108.3984375,86380.328125,-200917.46875,78421.2265625
186478.8089898,-87049.671875,-124236.3125,60119.93359375,-7374.2880859375,128048.046875,86298.7890625,-200379.640625,78362.625
186478.8090194,-86671.3515625,-123799.6484375,60005.8046875,-7468.43310546875,128025.25,86280.1953125,-200044.765625,78355.828125
186478.8090404,-86341.8359375,-123349.7578125,60153.86328125,-6787.68798828125,128085.6015625,86331.6875,-199669.296875,78327.796875
186478.8090639,-87025.265625,-123971.671875,60366.6953125,-6613.880859375,128151.3125,86427.53125,-200115.796875,78370.265625
186478.8090921,-87806.328125,-124937.625,60258.73828125,-7511.884765625,128115.1015625,86401.7890625,-200897.171875,78425.4765625
186478.8091202,-87049.671875,-124249.546875,60107.59765625,-7367.0458984375,128048.046875,86315.953125,-200399.921875,78363.4765625
186478.8091481,-86671.3515625,-123786.421875,59990.3828125,-7453.94921875,128021.2265625,86293.0703125,-200034.609375,78349.03125
186478.8091755,-86402.859375,-123376.21875,60150.78125,-6773.2041015625,128085.6015625,86341.703125,-199689.59375,78320.15625
186478.809203,-87098.4921875,-124011.3671875,60363.61328125,-6613.880859375,128162.0390625,86438.9765625,-200125.9375,78370.265625
186478.8092286,-87891.75,-125003.78125,60252.5703125,-7526.369140625,128131.1953125,86410.3671875,-200937.75,78423.78125
186478.8092546,-87110.6953125,-124289.2421875,60129.1875,-7359.80419921875,128073.53125,86335.984375,-200420.21875,78373.6640625
186478.8092856,-86744.5703125,-123865.8125,60015.05859375,-7432.22314453125,128044.0234375,86310.234375,-200095.5,78359.2265625
186478.8093125,-86427.265625,-123442.3828125,60160.03125,-6758.72021484375,128100.3515625,86351.71875,-199730.1875,78321.0078125
186478.8093385,-87122.8984375,-124103.9921875,60369.78125,-6635.60693359375,128171.4296875,86441.84375,-200207.125,78372.8125
186478.8209756,-87867.34375,-125030.25,60249.484375,-7533.61083984375,128139.2421875,86411.796875,-200958.046875,78428.0234375
186478.9084333,-87134.25,-124366.9375,60106.65625,-7390.873046875,128076.8828125,86333.4375,-200486.609375,78366.375
186478.908487,-86753.3828125,-123907.8359375,59987.1640625,-7471.3388671875,128050.59375,86314.8359375,-200129.609375,78356.9921875
186478.90852,-86461.375,-123519.359375,60146.48828125,-6797.43408203125,128114.4296875,86367.765625,-199805.0625,78335.53125
186478.9085462,-87146.9453125,-124155.046875,60354.4921875,-6676.73388671875,128190.7890625,86466.46875,-200243.203125,78389.1796875
186478.9085727,-87908.6953125,-125090.9140625,60235.0,-7571.921875,128146.9765625,86429.28125,-201038.34375,78440.140625
186478.9086009,-87108.859375,-124366.9375,60093.37890625,-7400.93115234375,128086.8984375,86353.4609375,-200502.84375,78385.15625
186478.9086339,-86740.6796875,-123943.1484375,59978.3125,-7481.39697265625,128064.3671875,86330.5703125,-200178.28125,78382.46875
186478.9086701,-86448.6796875,-123537.015625,60133.2109375,-6807.4921875,128129.453125,86382.0703125,-199837.515625,78356.9921875
186478.9087067,-87159.640625,-124225.6796875,60332.36328125,-6706.9091796875,128189.53125,86467.8984375,-200340.5625,78391.859375
186478.9087333,-87883.3046875,-125143.8828125,60212.87109375,-7612.15478515625,128150.734375,86435.0,-201087.015625,78436.1171875
186478.9087566,-87134.25,-124455.2265625,60066.82421875,-7471.3388671875,128089.3984375,86357.75,-200600.203125,78382.46875
186478.9087763,-86766.078125,-124013.78125,59956.18359375,-7541.7470703125,128069.3671875,86340.5859375,-200275.65625,78377.109375
186478.908796,-86537.546875,-123678.28125,60115.5078125,-6857.783203125,128139.46875,86393.515625,-199999.78125,78355.6484375
186478.9088185,-87235.8203125,-124349.28125,60301.38671875,-6767.2587890625,128208.3125,86480.7734375,-200486.609375,78399.90625
186478.9088436,-87972.171875,-125302.8046875,60173.04296875,-7662.44580078125,128173.265625,86443.5859375,-201265.515625,78446.84375
186478.908865,-87210.4296875,-124614.1484375,60022.5703125,-7521.6298828125,128106.921875,86367.765625,-200778.703125,78397.2265625
186478.9088854,-86867.640625,-124225.6796875,59889.80078125,-7632.27099609375,128064.3671875,86343.4453125,-200502.84375,78390.515625
186478.9089064,-86575.640625,-123819.546875,60035.84765625,-6958.3662109375,128134.4609375,86396.375,-200178.28125,78370.3984375
186478.9089303,-87337.3828125,-124578.8359375,60230.57421875,-6887.9580078125,128207.0546875,86489.359375,-200730.015625,78426.7265625
186478.9089619,-88061.046875,-125532.359375,60093.37890625,-7783.14599609375,128163.25,86452.1640625,-201525.15625,78477.6875
186478.9090021,-87337.3828125,-124896.671875,59929.6328125,-7662.44580078125,128105.671875,86377.78125,-201103.25,78430.75
186478.9090339,-86994.6015625,-124543.515625,59792.4375,-7773.0869140625,128075.6328125,86352.03125,-200859.84375,78424.046875
186478.909065,-86689.8984375,-124172.703125,59929.6328125,-7119.298828125,128141.96875,86406.390625,-200567.75,78403.9296875
186478.9090942,-87413.5625,-124896.671875,60106.65625,-7079.06591796875,128207.0546875,86493.6484375,-201135.703125,78453.546875
186478.9225998,-88061.046875,-125761.9140625,59982.73828125,-7954.13623046875,128180.7734375,86460.75,-201865.9375,78504.515625
186479.0083325,-87227.8203125,-125012.7265625,59844.5625,-7811.5322265625,128124.3984375,86377.375,-201345.625,78439.46875
186479.0083813,-86770.0546875,-124497.7421875,59751.21875,-7865.66796875,128117.78125,86357.3515625,-200972.265625,78421.765625
186479.0084881,-86426.7265625,-124025.671875,59943.0859375,-7138.7001953125,128187.2578125,86409.921875,-200587.234375,78385.375
186479.0086345,-87079.046875,-124626.484375,60171.25390625,-7053.62890625,128260.03125,86502.546875,-201007.265625,78423.734375
186479.0086677,-87754.2421875,-125441.8828125,60083.09765625,-7881.13623046875,128226.953125,86468.75,-201683.984375,78464.0546875
186479.0086939,-86976.046875,-124683.7109375,59974.19921875,-7687.79296875,128177.328125,86396.15625,-201135.609375,78408.0
186479.0087225,-86644.171875,-124240.25,59875.67578125,-7749.6630859375,128155.828125,86371.1171875,-200797.25,78394.2265625
186479.0087496,-86358.0625,-123811.09375,60057.171875,-7045.89599609375,128220.3359375,86422.4375,-200423.890625,78364.7265625
186479.0088467,-87079.046875,-124483.4375,60249.0390625,-6999.4931640625,128274.921875,86500.046875,-200890.59375,78400.1328125
186479.0088847,-87742.8046875,-125298.828125,60155.6953125,-7827.0,128246.796875,86471.2578125,-201567.3125,78449.3046875
186479.0089168,-86976.046875,-124569.265625,60046.80078125,-7649.125,128198.8359375,86398.65625,-201030.609375,78404.0625
186479.0089445,-86609.8359375,-124111.5,59943.0859375,-7734.19482421875,128182.2890625,86372.3671875,-200668.90625,78397.1796875
186479.0089676,-86335.1796875,-123710.9609375,60114.2109375,-7014.9609375,128245.1484375,86419.9375,-200318.875,78356.859375
186479.0090027,-87067.6015625,-124383.296875,60326.8203125,-6945.35791015625,128314.6171875,86507.5546875,-200797.25,78397.1796875
186479.0090268,-87754.2421875,-125255.9140625,60223.109375,-7780.59814453125,128274.921875,86467.5,-201497.3125,78435.53125
186479.0090479,-86941.71875,-124469.1328125,60103.83984375,-7618.18994140625,128218.6796875,86393.6484375,-200925.59375,78387.34375
186479.0090689,-86598.390625,-124039.9765625,60000.12890625,-7672.326171875,128200.484375,86371.1171875,-200587.234375,78376.5234375
186479.0090891,-86323.734375,-123625.1328125,60171.25390625,-6968.55908203125,128260.03125,86419.9375,-200225.546875,78343.0859375
186479.0091093,-87090.484375,-124340.3828125,60378.6796875,-6906.68896484375,128321.234375,86512.5625,-200727.25,78394.2265625
186479.0091285,-87765.6875,-125198.6953125,60254.22265625,-7749.6630859375,128279.8828125,86468.75,-201427.3125,78436.515625
186479.0091494,-87010.3828125,-124497.7421875,60109.02734375,-7579.52099609375,128218.6796875,86384.890625,-200902.265625,78382.4296875
186479.0091683,-86632.7265625,-124025.671875,60041.61328125,-7610.4560546875,128213.71875,86377.375,-200528.90625,78384.390625
186479.0091879,-86392.3984375,-123653.7421875,60207.5546875,-6922.15576171875,128269.953125,86416.1796875,-200202.203125,78343.0859375
186479.0092071,-87124.8203125,-124340.3828125,60409.79296875,-6898.955078125,128324.5390625,86498.7890625,-200692.25,78379.4765625
186479.0240713,-87777.1328125,-125184.390625,60306.078125,-7710.994140625,128288.1484375,86463.7421875,-201368.96875,78425.703125
186479.1248167,-87001.6640625,-124444.3671875,60175.546875,-7543.80322265625,128232.9375,86391.8203125,-200820.046875,78375.140625
186479.1248742,-86642.6015625,-124003.140625,60072.99609375,-7593.2451171875,128205.71875,86370.359375,-200473.515625,78360.7421875
186479.1249127,-86406.96875,-123637.5546875,60254.9375,-6872.80419921875,128269.2421875,86426.6875,-200147.359375,78338.125
186479.1249586,-87169.96875,-124368.7265625,60443.49609375,-6851.61376953125,128321.09375,86500.4453125,-200667.171875,78377.1953125
186479.1249904,-87809.546875,-125188.140625,60321.1015625,-7663.876953125,128275.7265625,86453.5078125,-201339.859375,78412.15625
186479.1250256,-87068.984375,-124494.7890625,60175.546875,-7508.48681640625,128207.015625,86367.6796875,-200830.25,78350.4609375
186479.1250611,-86687.484375,-124040.9609375,60076.3046875,-7543.80322265625,128183.6796875,86346.21875,-200463.3125,78339.15625
186479.1250964,-86474.296875,-123713.1953125,60251.6328125,-6837.48779296875,128245.90625,86397.1796875,-200167.734375,78312.421875
186479.1251316,-87237.296875,-124456.96875,60450.11328125,-6830.4248046875,128312.0234375,86487.03125,-200697.75,78363.828125
186479.1251674,-87831.984375,-125238.5703125,60331.0234375,-7635.6240234375,128270.5390625,86442.78125,-201339.859375,78399.8203125
186479.1252225,-87057.765625,-124520.0078125,60205.31640625,-7480.23486328125,128216.0859375,86371.703125,-200799.671875,78349.4375
186479.1252543,-86698.703125,-124078.78125,60099.4609375,-7550.8662109375,128188.8671875,86342.1953125,-200463.3125,78323.734375
186479.1253765,-86429.4140625,-123675.375,60284.7109375,-6830.4248046875,128257.5703125,86398.5234375,-200116.78125,78291.859375
186479.125404,-87203.6328125,-124431.7578125,60469.9609375,-6837.48779296875,128318.5078125,86478.9921875,-200656.96875,78337.1015625
186479.1254295,-87787.1015625,-125200.75,60344.2578125,-7635.6240234375,128273.1328125,86432.046875,-201288.90625,78372.0546875
186479.125456,-87068.984375,-124520.0078125,60208.625,-7494.36083984375,128209.609375,86352.921875,-200789.46875,78322.703125
186479.1254854,-86676.265625,-124053.5703125,60112.69140625,-7529.6767578125,128194.046875,86336.828125,-200412.359375,78314.4765625
186479.1255147,-86429.4140625,-123687.984375,60284.7109375,-6802.171875,128260.1640625,86389.1328125,-200086.203125,78281.578125
186479.1255403,-87214.8515625,-124444.3671875,60479.88671875,-6809.23486328125,128332.765625,86481.671875,-200636.59375,78335.0390625
186479.1255658,-87809.546875,-125225.9609375,60364.10546875,-7593.2451171875,128291.28125,86438.7578125,-201268.515625,78372.0546875
186479.1255948,-87024.1015625,-124482.1875,60225.1640625,-7451.98193359375,128234.234375,86366.3359375,-200728.328125,78323.734375
186479.1256201,-86653.8203125,-124040.9609375,60119.30859375,-7501.423828125,128214.7890625,86347.5625,-200371.59375,78314.4765625
186479.1256461,-86429.4140625,-123675.375,60307.8671875,-6766.85693359375,128292.578125,86418.640625,-200045.4375,78295.96875
186479.1256717,-87248.515625,-124482.1875,60493.1171875,-6809.23486328125,128347.0234375,86505.8125,-200626.390625,78346.3515625
186479.1395461,-87831.984375,-125238.5703125,60383.953125,-7579.119140625,128308.1328125,86470.9453125,-201248.140625,78385.421875
186479.2249796,-87112.9296875,-124564.0390625,60247.47265625,-7423.4169921875,128250.8671875,86394.9453125,-200745.625,78331.6875
186479.2250665,-86772.2890625,-124159.828125,60136.4296875,-7487.38720703125,128222.34375,86359.9453125,-200428.046875,78312.015625
186479.225099,-86499.7734375,-123767.8671875,60315.33203125,-6769.494140625,128280.6875,86404.0234375,-200080.703125,78278.046875
186479.2251322,-87283.25,-124515.0390625,60497.3203125,-6812.14111328125,128336.4296875,86479.2109375,-200626.53125,78327.21875
186479.2251699,-87816.921875,-125225.46875,60383.19140625,-7579.7890625,128296.2421875,86427.359375,-201212.0625,78362.984375
186479.2251919,-87078.8671875,-124527.2890625,60235.13671875,-7409.201171875,128235.3125,86348.2734375,-200696.0,78307.546875
186479.2252177,-86726.8671875,-124110.8359375,60136.4296875,-7480.27978515625,128223.640625,86332.71875,-200358.578125,78295.03125
186479.2252479,-86488.421875,-123755.6171875,60321.50390625,-6726.84716796875,128296.2421875,86394.9453125,-200041.0,78266.421875
186479.225298,-87305.9609375,-124564.0390625,60506.57421875,-6797.9248046875,128362.359375,86484.3984375,-200626.53125,78330.796875
186479.2254657,-87828.2734375,-125274.46875,60377.0234375,-7572.68212890625,128318.28125,86435.1328125,-201212.0625,78366.5546875
186479.2255341,-87033.4453125,-124515.0390625,60238.21875,-7402.0927734375,128257.3515625,86354.7578125,-200646.375,78316.4921875
186479.2256725,-86715.515625,-124123.078125,60136.4296875,-7473.171875,128236.609375,86327.53125,-200348.65625,78302.1875
186479.2257055,-86443.0,-123718.875,60336.92578125,-6719.73876953125,128306.609375,86380.6875,-199981.453125,78274.46875
186479.2257276,-87283.25,-124527.2890625,60515.828125,-6783.7099609375,128368.84375,86455.875,-200576.90625,78319.171875
186479.2257483,-87850.984375,-125262.21875,60386.27734375,-7572.68212890625,128322.171875,86406.6171875,-201182.28125,78342.4140625
186479.2257686,-87090.21875,-124551.7890625,60256.7265625,-7387.876953125,128256.0546875,86334.015625,-200656.296875,78286.984375
186479.2257967,-86738.2265625,-124123.078125,60158.01953125,-7458.9560546875,128246.9765625,86321.0546875,-200318.875,78286.984375
186479.2258208,-86488.421875,-123755.6171875,60343.09375,-6705.52294921875,128322.171875,86380.6875,-199991.390625,78257.484375
186479.225855,-87271.890625,-124515.0390625,60518.9140625,-6783.7099609375,128383.1015625,86462.359375,-200537.21875,78312.9140625
186479.2258725,-87828.2734375,-125262.21875,60395.53125,-7544.25,128345.5078125,86424.765625,-201152.515625,78359.40625
186479.2258911,-87056.15625,-124515.0390625,60262.89453125,-7352.337890625,128289.7578125,86359.9453125,-200606.6875,78313.8046875
186479.2259082,-86726.8671875,-124110.8359375,60154.9375,-7444.740234375,128263.828125,86327.53125,-200289.109375,78289.6640625
186479.2259256,-86477.0625,-123718.875,60355.43359375,-6677.091796875,128332.5390625,86380.6875,-199951.6875,78253.0078125
186479.2259421,-87340.0234375,-124564.0390625,60525.08203125,-6762.38623046875,128379.2109375,86457.171875,-200557.0625,78301.2890625
186479.24912,-87885.046875,-125274.46875,60417.12109375,-7522.9267578125,128339.0234375,86418.28125,-201162.4375,78345.1015625
186479.3249817,-87128.84375,-124545.3515625,60301.69921875,-7346.794921875,128284.6640625,86351.5859375,-200620.1875,78293.8671875
186479.3250201,-86784.09375,-124110.3828125,60192.17578125,-7425.47314453125,128269.640625,86333.4375,-200270.609375,78290.1171875
186479.3250382,-86525.5234375,-123712.703125,60383.05859375,-6652.9970703125,128342.8671875,86399.5546875,-199921.015625,78274.15625
186479.3250577,-87355.0859375,-124508.0703125,60555.16796875,-6753.1328125,128404.828125,86481.2265625,-200496.796875,78331.421875
186479.3250782,-87882.9921875,-125228.8671875,60439.38671875,-7525.60888671875,128374.7890625,86433.2578125,-201093.140625,78369.90625
186479.3250973,-87096.5234375,-124483.2109375,60307.95703125,-7325.3369140625,128318.4609375,86364.546875,-200537.921875,78313.5859375
186479.3251164,-86784.09375,-124122.8125,60195.3046875,-7404.01513671875,128286.5390625,86336.0234375,-200260.3125,78293.8671875
186479.3251406,-86525.5234375,-123737.5625,60392.4453125,-6638.69189453125,128356.0078125,86393.0703125,-199921.015625,78262.890625
186479.3251712,-87355.0859375,-124545.3515625,60561.42578125,-6745.97998046875,128414.2109375,86473.4453125,-200507.078125,78320.15625
186479.3252218,-87861.4453125,-125216.4375,60436.2578125,-7504.15087890625,128374.7890625,86430.6640625,-201062.296875,78355.828125
186479.3252565,-87053.4296875,-124433.5,60298.5703125,-7325.3369140625,128310.9453125,86355.4765625,-200486.515625,78304.1953125
186479.3252837,-86719.4453125,-124010.96875,60204.69140625,-7382.55810546875,128309.0703125,86348.9921875,-200147.21875,78312.6484375
186479.3253094,-86525.5234375,-123687.8515625,60417.48046875,-6624.38720703125,128401.0703125,86417.703125,-199849.046875,78296.6875
186479.3253372,-87365.859375,-124508.0703125,60589.58984375,-6738.8271484375,128459.2734375,86495.484375,-200445.390625,78342.6875
186479.3253585,-87850.671875,-125179.15625,60455.03125,-7489.84619140625,128419.84375,86443.625,-201010.890625,78374.6015625
186479.3254135,-87064.203125,-124408.6484375,60320.47265625,-7325.3369140625,128372.90625,86373.625,-200435.109375,78322.03125
186479.325458,-86773.3125,-124048.25,60210.94921875,-7411.16796875,128363.5234375,86351.5859375,-200147.21875,78312.6484375
186479.3254904,-86514.75,-123650.5625,60417.48046875,-6624.38720703125,128438.625,86413.8125,-199797.640625,78286.359375
186479.3255207,-87376.6328125,-124483.2109375,60589.58984375,-6753.1328125,128491.1953125,86490.296875,-200404.265625,78342.6875
186479.3255509,-87872.21875,-125154.3046875,60455.03125,-7518.4560546875,128451.765625,86437.1484375,-200959.484375,78377.421875
186479.3255843,-87118.0703125,-124408.6484375,60320.47265625,-7318.18505859375,128391.6875,86361.953125,-200404.265625,78327.6640625
186479.3256238,-86805.640625,-124023.390625,60214.078125,-7396.86279296875,128369.15625,86334.734375,-200095.8125,78309.828125
186479.325648,-86568.6171875,-123662.9921875,60411.22265625,-6617.23388671875,128442.375,86389.1796875,-199787.359375,78271.3359375
186479.325664,-87398.1796875,-124470.78125,60589.58984375,-6753.1328125,128508.09375,86470.8515625,-200373.421875,78331.421875
186479.3402325,-87882.9921875,-125141.875,60455.03125,-7518.4560546875,128459.2734375,86412.515625,-200928.640625,78356.765625
186479.4585703,-87080.875,-124364.2109375,60335.8515625,-7303.1201171875,128399.4140625,86340.2734375,-200356.96875,78303.4375
186479.4586635,-86790.3046875,-124013.734375,60226.328125,-7382.2890625,128376.6171875,86313.5390625,-200075.34375,78288.234375
186479.4587142,-86510.90625,-123613.1953125,60417.2109375,-6612.18212890625,128441.9765625,86367.0078125,-199723.296875,78255.15625
186479.4587578,-87382.625,-124476.8671875,60592.44921875,-6741.73291015625,128507.328125,86455.34375,-200346.90625,78321.3203125
186479.4587974,-87863.1875,-125127.75,60454.76171875,-7497.44580078125,128461.734375,86412.3359375,-200890.0625,78359.765625
186479.4588392,-87103.2265625,-124401.765625,60317.07421875,-7303.1201171875,128405.5,86342.6015625,-200346.90625,78312.375
186479.4588792,-86756.7734375,-123976.1875,60213.8125,-7382.2890625,128381.1796875,86312.3828125,-200014.984375,78296.28125
186479.458921,-86499.734375,-123588.15625,60417.2109375,-6612.18212890625,128451.09375,86364.6796875,-199683.0625,78262.3125
186479.4589612,-87393.8046875,-124476.8671875,60592.44921875,-6756.1279296875,128516.453125,86444.8828125,-200326.796875,78321.3203125
186479.4590061,-87863.1875,-125140.265625,60479.796875,-7490.248046875,128484.53125,86405.359375,-200880.0,78359.765625
186479.4590662,-87058.5234375,-124364.2109375,60332.72265625,-7288.72509765625,128422.21875,86326.328125,-200306.671875,78306.1171875
186479.4591111,-86723.25,-123926.1171875,60232.5859375,-7346.30322265625,128416.1328125,86317.03125,-199964.703125,78310.5859375
186479.4591545,-86499.734375,-123575.640625,60423.47265625,-6583.39306640625,128484.53125,86373.9765625,-199652.890625,78281.9765625
186479.4591953,-87349.09375,-124414.28125,60579.93359375,-6741.73291015625,128534.6875,86447.203125,-200256.390625,78337.40625
186479.4592422,-87840.8359375,-125090.1953125,60457.890625,-7483.05078125,128487.5703125,86400.7109375,-200819.65625,78367.8125
186479.4592863,-87013.8203125,-124289.109375,60326.46484375,-7274.3310546875,128431.3359375,86334.4609375,-200216.15625,78312.375
186479.4593273,-86723.25,-123913.6015625,60226.328125,-7346.30322265625,128417.65625,86315.8671875,-199924.46875,78298.96875
186479.4593658,-86522.0859375,-123563.125,60429.73046875,-6583.39306640625,128486.0546875,86376.3046875,-199612.65625,78265.8828125
186479.4594,-87427.328125,-124451.828125,60601.83984375,-6741.73291015625,128534.6875,86458.828125,-200266.4375,78324.890625
186479.4594336,-87919.0703125,-125115.234375,60479.796875,-7483.05078125,128495.171875,86415.8203125,-200829.703125,78368.703125
186479.45947,-87114.40625,-124339.1796875,60345.23828125,-7281.52783203125,128443.4921875,86337.9453125,-200246.328125,78311.484375
186479.4595015,-86790.3046875,-123938.6328125,60254.4921875,-7339.10595703125,128441.9765625,86317.03125,-199924.46875,78298.96875
186479.4595359,-86555.609375,-123588.15625,60439.1171875,-6583.39306640625,128513.4140625,86371.65625,-199612.65625,78264.09375
186479.4595708,-87438.5078125,-124476.8671875,60611.2265625,-6756.1279296875,128568.125,86453.015625,-200266.4375,78322.2109375
186479.476672,-87919.0703125,-125152.78125,60470.41015625,-7483.05078125,128516.453125,86397.2265625,-200839.765625,78351.71875
186479.555374,-87083.46875,-124347.8515625,60337.1484375,-7274.419921875,128460.03125,86327.4921875,-200232.65625,78309.3359375
186479.5554128,-86784.3125,-123965.90625,60255.07421875,-7332.712890625,128443.5859375,86315.28125,-199933.3125,78308.1328125
186479.5554373,-86559.9453125,-123607.828125,60467.859375,-6560.326171875,128511.4453125,86381.53125,-199614.671875,78286.40625
186479.5554615,-87446.7265625,-124503.015625,60619.8515625,-6727.919921875,128554.625,86453.015625,-200271.265625,78340.71875
186479.5554888,-87884.78125,-125111.7421875,60480.01953125,-7463.873046875,128508.359375,86391.9921875,-200783.03125,78360.03125
186479.5555124,-87040.734375,-124288.171875,60349.30859375,-7267.1328125,128455.921875,86320.515625,-200174.71875,78305.71875
186479.5555367,-86741.578125,-123906.2265625,60261.15234375,-7318.14013671875,128446.671875,86297.8515625,-199875.375,78290.0234375
186479.5555615,-86559.9453125,-123607.828125,60461.78125,-6574.89990234375,128515.5546875,86350.15625,-199605.015625,78258.640625
186479.555587,-87436.046875,-124479.1484375,60622.89453125,-6749.77978515625,128569.0234375,86423.375,-200232.65625,78317.7890625
186479.5556123,-87906.1484375,-125123.6796875,60492.1796875,-7463.873046875,128520.6953125,86365.84375,-200783.03125,78340.71875
186479.555637,-87094.15625,-124323.9765625,60364.5078125,-7267.1328125,128467.234375,86297.8515625,-200184.375,78288.8203125
186479.5556616,-86784.3125,-123930.09375,60276.3515625,-7303.56689453125,128451.8125,86280.4140625,-199875.375,78271.921875
186479.5556887,-86581.3125,-123607.828125,60467.859375,-6560.326171875,128518.640625,86337.9453125,-199585.703125,78239.328125
186479.5557137,-87489.46875,-124514.953125,60622.89453125,-6749.77978515625,128571.078125,86414.65625,-200251.96875,78298.4765625
186479.5557392,-87895.4609375,-125099.8046875,60504.33984375,-7456.5869140625,128528.921875,86364.1015625,-200754.0625,78325.03125
186479.5557749,-87104.8359375,-124335.9140625,60358.42578125,-7281.70703125,128466.203125,86278.671875,-200184.375,78264.6796875
186479.5558,-86805.6796875,-123953.96875,60258.11328125,-7318.14013671875,128450.78125,86250.7734375,-199885.03125,78245.3671875
186479.5558251,-86602.6796875,-123619.765625,60458.7421875,-6553.0400390625,128512.46875,86301.3359375,-199585.703125,78207.9453125
186479.5558499,-87489.46875,-124514.953125,60628.97265625,-6742.4931640625,128562.8515625,86379.7890625,-200232.65625,78267.09375
186479.5558759,-87916.828125,-125123.6796875,60492.1796875,-7463.873046875,128507.328125,86320.515625,-200754.0625,78291.234375
186479.5559006,-87094.15625,-124312.046875,60364.5078125,-7259.84716796875,128453.8671875,86249.03125,-200145.75,78244.15625
186479.5559255,-86795.0,-123942.03125,60279.390625,-7296.27978515625,128446.671875,86233.34375,-199846.40625,78233.296875
186479.5559502,-86592.0,-123619.765625,60498.26171875,-6538.4658203125,128522.7578125,86297.8515625,-199556.734375,78211.5703125
186479.5559755,-87468.1015625,-124514.953125,60641.1328125,-6749.77978515625,128571.078125,86371.0703125,-200223.0,78267.09375
186479.5821055,-87863.4140625,-125099.8046875,60513.4609375,-7442.01318359375,128538.1796875,86329.234375,-200715.453125,78305.71875
186479.62548,-87072.6484375,-124324.6953125,60368.6640625,-7263.02099609375,128475.859375,86256.40625,-200129.515625,78256.5
186479.625641,-86733.6171875,-123891.7890625,60293.78515625,-7285.01513671875,128471.296875,86246.3984375,-199791.5625,78258.1953125
186479.6258738,-86564.1015625,-123603.1796875,60515.42578125,-6529.8828125,128548.8125,86312.734375,-199519.3125,78232.71875
186479.6259358,-87432.875,-124469.0,60665.18359375,-6757.15576171875,128602.015625,86384.0859375,-200167.0625,78284.5234375
186479.6259734,-87846.0625,-125046.2109375,60524.41015625,-7438.97314453125,128559.453125,86329.0078125,-200655.234375,78308.3125
186479.6260117,-87093.84375,-124288.6171875,60383.640625,-7263.02099609375,128507.78125,86262.671875,-200091.96875,78255.6484375
186479.6260631,-86797.1875,-123915.8359375,60290.7890625,-7285.01513671875,128480.421875,86238.8828125,-199800.953125,78231.015625
186479.6261072,-86606.484375,-123603.1796875,60509.4375,-6515.22119140625,128559.453125,86311.484375,-199519.3125,78208.9296875
186479.6261488,-87528.2265625,-124553.171875,60656.1953125,-6749.82421875,128611.1328125,86391.59375,-200214.015625,78276.03125
186479.6261876,-87909.6328125,-125118.359375,60530.40234375,-7431.64208984375,128574.65625,86344.03125,-200692.78125,78314.2578125
186479.6263269,-87146.8125,-124360.7734375,60383.640625,-7277.68310546875,128519.9375,86268.9296875,-200138.90625,78264.140625
186479.6266028,-86786.59375,-123927.859375,60293.78515625,-7292.34619140625,128510.8203125,86247.6484375,-199791.5625,78246.3046875
186479.6266769,-86595.890625,-123615.203125,60506.44140625,-6529.8828125,128589.8515625,86317.7421875,-199509.921875,78224.21875
186479.6267236,-87507.03125,-124529.125,60644.21875,-6786.48095703125,128632.4140625,86387.8359375,-200195.234375,78281.9765625
186479.6267735,-87867.2578125,-125070.2578125,60521.4140625,-7446.30517578125,128589.8515625,86340.2734375,-200655.234375,78310.859375
186479.6268103,-87104.4375,-124336.71875,60380.64453125,-7263.02099609375,128536.65625,86275.1875,-200101.359375,78264.9921875
186479.6269402,-86786.59375,-123939.890625,60296.78125,-7292.34619140625,128529.0546875,86258.9140625,-199791.5625,78255.6484375
186479.6269699,-86606.484375,-123639.2578125,60509.4375,-6515.22119140625,128603.53125,86318.9921875,-199519.3125,78225.921875
186479.6270016,-87538.8203125,-124577.2265625,60659.19140625,-6771.81884765625,128662.8125,86396.6015625,-200214.015625,78290.46875
186479.6270317,-87909.6328125,-125130.3828125,60515.42578125,-7438.97314453125,128614.171875,86336.515625,-200692.78125,78308.3125
186479.6270694,-87093.84375,-124336.71875,60368.6640625,-7277.68310546875,128554.8984375,86266.421875,-200091.96875,78251.3984375
186479.6270925,-86765.40625,-123939.890625,60284.80078125,-7307.0087890625,128536.65625,86256.40625,-199791.5625,78237.8125
186479.6271132,-86574.6953125,-123627.2265625,60512.4296875,-6515.22119140625,128614.171875,86332.765625,-199500.546875,78221.671875
186479.6271321,-87517.6328125,-124601.2734375,60644.21875,-6779.14990234375,128653.6875,86397.8515625,-200223.390625,78279.4296875
186479.6441983,-87846.0625,-125118.359375,60506.44140625,-7431.64208984375,128602.015625,86337.7734375,-200674.0,78303.2109375
186479.7248003,-87045.6015625,-124342.578125,60380.51171875,-7257.56689453125,128544.34375,86265.84375,-200091.703125,78251.7109375
186479.7248464,-86709.4375,-123924.1484375,60317.03125,-7272.85498046875,128546.046875,86258.2421875,-199771.0,78238.796875
186479.724873,-86562.359375,-123645.203125,60532.859375,-6485.4931640625,128629.28125,86328.15625,-199506.890625,78215.234375
186479.7248969,-87486.828125,-124586.65625,60675.6875,-6760.68701171875,128680.2421875,86407.1953125,-200195.453125,78282.875
186479.7249206,-87823.0,-125098.0625,60532.859375,-7425.7412109375,128625.8828125,86347.921875,-200638.78125,78301.8671875
186479.7249451,-87035.1015625,-124319.328125,60405.90234375,-7234.6337890625,128574.921875,86291.6796875,-200053.96875,78262.3515625
186479.7249698,-86772.46875,-123982.265625,60317.03125,-7257.56689453125,128557.9375,86274.9609375,-199789.859375,78250.1953125
186479.7249962,-86593.875,-123680.0703125,60529.6875,-6500.78076171875,128632.6796875,86338.796875,-199516.3125,78219.796875
186479.7250199,-87560.3671875,-124644.7734375,60662.9921875,-6798.9091796875,128680.2421875,86407.1953125,-200233.1875,78278.3125
186479.7250445,-87854.515625,-125109.6875,60526.51171875,-7433.38623046875,128632.6796875,86349.4375,-200638.78125,78298.828125
186479.72507,-87087.625,-124342.578125,60396.37890625,-7257.56689453125,128578.3203125,86282.5625,-200063.40625,78250.1953125
186479.7250926,-86803.984375,-123970.640625,60332.90234375,-7272.85498046875,128576.625,86279.5234375,-199771.0,78249.4375
186479.7251146,-86646.40625,-123680.0703125,60555.078125,-6493.13720703125,128658.1640625,86350.9609375,-199497.453125,78219.796875
186479.7251368,-87570.8671875,-124598.28125,60691.55859375,-6791.26513671875,128709.125,86423.9140625,-200186.015625,78279.828125
186479.72516,-87896.5390625,-125109.6875,60558.25390625,-7425.7412109375,128671.75,86375.2734375,-200629.34375,78304.1484375
186479.7251843,-87098.1328125,-124319.328125,60424.9453125,-7226.990234375,128624.1875,86311.4375,-200035.109375,78256.2734375
186479.725211,-86846.0078125,-123982.265625,60336.07421875,-7257.56689453125,128612.296875,86299.28125,-199771.0,78239.5546875
186479.7252687,-86667.4140625,-123668.4453125,60564.6015625,-6485.4931640625,128695.53125,86370.71875,-199478.59375,78215.234375
186479.7253613,-87570.8671875,-124598.28125,60694.73046875,-6791.26513671875,128746.4921875,86440.6328125,-200176.59375,78277.5546875
186479.725416,-87844.0078125,-125051.5703125,60558.25390625,-7425.7412109375,128697.234375,86382.875,-200563.328125,78301.109375
186479.7254447,-87077.1171875,-124296.0859375,60431.29296875,-7234.6337890625,128644.5703125,86323.6015625,-200006.8125,78257.796875
186479.7254778,-86761.9609375,-123889.28125,60364.640625,-7242.27783203125,128634.3828125,86319.0390625,-199686.109375,78247.9140625
186479.7255099,-86614.890625,-123633.578125,60589.9921875,-6462.56005859375,128705.7265625,86382.875,-199440.859375,78221.3125
186479.7255403,-87549.859375,-124586.65625,60720.12109375,-6775.97607421875,128756.6875,86451.2734375,-200148.296875,78291.234375
186479.7402333,-87823.0,-125039.953125,60570.94921875,-7410.453125,128705.7265625,86388.953125,-200553.890625,78308.7109375
186479.8246,-87036.3515625,-124246.640625,60439.38671875,-7220.77587890625,128656.1015625,86326.7265625,-199959.6875,78264.140625
186479.8246493,-86767.1953125,-123887.71875,60353.01953125,-7236.421875,128643.140625,86307.28125,-199671.4375,78249.703125
186479.8246788,-86637.59375,-123621.421875,60575.10546875,-6461.93408203125,128720.921875,86373.3984375,-199411.09375,78223.375
186479.8247074,-87604.578125,-124605.5625,60704.65625,-6782.68212890625,128767.59375,86443.40625,-200145.65625,78281.9765625
186479.8247341,-87873.734375,-125045.5390625,60565.8515625,-7408.52978515625,128717.03125,86386.359375,-200536.1875,78298.96875
186479.8247583,-87116.1015625,-124292.953125,60433.21484375,-7236.421875,128657.3984375,86318.953125,-199978.28125,78250.5546875
186479.8247838,-86797.1015625,-123876.140625,60359.1875,-7236.421875,128652.21875,86307.28125,-199652.84375,78248.0078125
186479.8248126,-86657.53125,-123621.421875,60581.2734375,-6461.93408203125,128735.1875,86374.6953125,-199401.796875,78227.6171875
186479.8248398,-87604.578125,-124582.40625,60707.73828125,-6790.5048828125,128774.078125,86438.21875,-200127.0625,78287.0703125
186479.8248691,-87903.640625,-125045.5390625,60575.10546875,-7408.52978515625,128722.21875,86375.9921875,-200536.1875,78306.609375
186479.8248958,-87126.0703125,-124269.796875,60442.46875,-7228.59912109375,128672.9609375,86316.359375,-199950.390625,78266.6875
186479.8249255,-86817.0390625,-123864.5625,60371.5234375,-7212.953125,128667.7734375,86311.171875,-199634.25,78248.8515625
186479.8249565,-86647.5625,-123575.109375,60590.52734375,-6438.46484375,128740.3671875,86383.7734375,-199355.296875,78218.2734375
186479.8250065,-87624.515625,-124559.25,60713.91015625,-6790.5048828125,128777.96875,86455.0703125,-200099.15625,78280.28125
186479.8250953,-87903.640625,-125010.8046875,60584.359375,-7377.23779296875,128723.515625,86399.328125,-200489.6875,78297.265625
186479.8251701,-87155.9765625,-124258.21875,60454.80859375,-7220.77587890625,128665.1796875,86326.7265625,-199931.796875,78244.609375
186479.8252958,-86827.0078125,-123852.984375,60386.94921875,-7212.953125,128657.3984375,86307.28125,-199606.359375,78231.8671875
186479.8253644,-86677.46875,-123586.6875,60624.45703125,-6414.9951171875,128744.2578125,86381.1796875,-199355.296875,78210.6328125
186479.825393,-87654.421875,-124593.984375,60735.5,-6767.03515625,128789.6328125,86447.296875,-200108.46875,78269.234375
186479.825538,-87903.640625,-124999.2265625,60596.6953125,-7353.76904296875,128740.3671875,86387.65625,-200471.09375,78289.625
186479.8255742,-87185.8828125,-124281.375,60460.9765625,-7212.953125,128683.328125,86322.8359375,-199931.796875,78243.7578125
186479.8255997,-86886.8203125,-123887.71875,60396.203125,-7197.30615234375,128674.2578125,86320.25,-199624.953125,78231.015625
186479.8256249,-86727.3203125,-123621.421875,60624.45703125,-6414.9951171875,128757.2265625,86395.4375,-199373.890625,78201.2890625
186479.8256431,-87644.453125,-124605.5625,60744.75390625,-6774.85791015625,128803.890625,86471.9296875,-200099.15625,78273.484375
186479.8391084,-87853.796875,-125022.3828125,60609.03515625,-7361.591796875,128744.2578125,86408.3984375,-200480.390625,78292.171875
186479.9248467,-87082.3515625,-124254.8671875,60480.78125,-7211.47705078125,128691.953125,86346.890625,-199906.53125,78253.0078125
186479.9248942,-86814.3984375,-123914.2265625,60410.86328125,-7179.8271484375,128684.1328125,86333.4765625,-199631.609375,78234.5
186479.9249218,-86635.765625,-123607.6484375,60641.890625,-6396.48779296875,128762.3671875,86408.578125,-199356.6875,78207.9453125
186479.92495,-87598.40625,-124618.21875,60760.4453125,-6792.11376953125,128809.3046875,86476.9765625,-200108.15625,78269.1015625
186479.9249815,-87846.515625,-125049.6953125,60626.69140625,-7353.90283203125,128763.9296875,86420.6484375,-200483.875,78295.65625
186479.9250098,-87122.046875,-124334.3515625,60486.859375,-7211.47705078125,128712.296875,86357.6171875,-199952.359375,78257.8359375
186479.9250419,-86804.4765625,-123948.2890625,60419.984375,-7203.56494140625,128716.9921875,86352.2578125,-199649.9375,78255.421875
186479.9250715,-86605.9921875,-123619.0078125,60651.01171875,-6396.48779296875,128798.3515625,86427.359375,-199347.515625,78227.2578125
186479.9250994,-87568.6328125,-124595.5078125,60769.56640625,-6784.201171875,128843.7265625,86501.1171875,-200080.65625,78297.265625
186479.9251304,-87816.7421875,-125015.6328125,60632.7734375,-7338.078125,128792.09375,86443.4453125,-200447.21875,78309.3359375
186479.9251562,-87032.734375,-124220.8046875,60495.98046875,-7195.65185546875,128737.328125,86381.7578125,-199860.71875,78265.078125
186479.9251783,-86794.5546875,-123914.2265625,60413.90234375,-7187.740234375,128729.5078125,86364.3203125,-199622.453125,78253.8125
186479.9252016,-86615.9140625,-123607.6484375,60641.890625,-6396.48779296875,128810.8671875,86431.3828125,-199338.359375,78222.4296875
186479.9252233,-87638.1015625,-124663.6328125,60769.56640625,-6815.85205078125,128862.5,86503.796875,-200126.484375,78283.5859375
186479.9252473,-87826.6640625,-125026.984375,60638.8515625,-7369.72802734375,128818.6875,86442.109375,-200456.390625,78297.265625
186479.9252713,-87092.2734375,-124300.2890625,60511.1796875,-7211.47705078125,128757.671875,86373.7109375,-199915.703125,78248.984375
186479.9252952,-86774.703125,-123925.578125,60441.26171875,-7203.56494140625,128748.28125,86361.640625,-199622.453125,78237.71875
186479.9253191,-86586.140625,-123607.6484375,60675.328125,-6364.837890625,128832.7734375,86432.71875,-199320.03125,78210.359375
186479.9253485,-87578.5625,-124606.859375,60778.68359375,-6800.02685546875,128870.3203125,86497.09375,-200071.5,78282.78125
186479.9253752,-87786.96875,-125004.2734375,60641.890625,-7345.990234375,128815.5625,86439.4296875,-200428.890625,78301.2890625
186479.9254022,-87072.4296875,-124277.578125,60523.33984375,-7171.9150390625,128771.75,86391.1484375,-199879.046875,78269.1015625
186479.9254311,-86824.3203125,-123971.0,60456.4609375,-7187.740234375,128763.9296875,86380.421875,-199640.78125,78259.4453125
186479.9254592,-86615.9140625,-123630.359375,60693.5703125,-6380.6630859375,128843.7265625,86444.7890625,-199329.1875,78223.234375
186479.9254849,-87648.03125,-124686.34375,60796.92578125,-6823.76416015625,128881.2734375,86501.1171875,-200126.484375,78282.78125
186479.941875,-87836.5859375,-125049.6953125,60644.93359375,-7369.72802734375,128823.3828125,86434.0625,-200456.390625,78294.8515625
186479.9746394,-87087.1328125,-124303.28125,60502.10546875,-7192.6572265625,128763.796875,86371.1171875,-199897.15625,78247.0625
186479.9747034,-86813.015625,-123938.5,60435.2734375,-7200.7041015625,128748.7734375,86355.0234375,-199616.859375,78228.3828125
186479.9747333,-86646.578125,-123630.71875,60679.35546875,-6396.041015625,128828.8828125,86423.421875,-199327.21875,78199.5
186479.9747611,-87645.171875,-124633.8671875,60783.9609375,-6838.60595703125,128875.1953125,86489.1328125,-200074.671875,78268.296875
186479.9747887,-87850.7578125,-125044.2421875,60638.671875,-7401.8701171875,128822.625,86419.3984375,-200439.046875,78279.34375
186479.9748145,-87116.5078125,-124303.28125,60496.29296875,-7248.98388671875,128760.0390625,86349.6640625,-199887.8125,78227.53125
186479.9748469,-86891.3359375,-123984.1015625,60420.7421875,-7240.93701171875,128750.0234375,86334.90625,-199644.890625,78213.09375
186479.9748727,-86675.953125,-123630.71875,60659.01171875,-6412.1337890625,128828.8828125,86401.96875,-199317.875,78179.1171875
186479.9749028,-87654.9609375,-124656.6640625,60751.99609375,-6870.7919921875,128866.4375,86465.0,-200084.015625,78238.5703125
186479.9749335,-87821.390625,-124998.640625,60618.33203125,-7417.962890625,128816.3671875,86408.671875,-200401.671875,78250.4609375
186479.974964,-87096.921875,-124269.0859375,60481.765625,-7232.89013671875,128767.546875,86356.3671875,-199850.4375,78213.09375
186479.9749949,-86842.3828125,-123938.5,60414.93359375,-7232.89013671875,128763.796875,86355.0234375,-199588.828125,78216.484375
186479.9750244,-86685.7421875,-123664.9140625,60656.109375,-6420.18115234375,128852.6640625,86432.8125,-199336.5625,78195.25
186479.9750535,-87664.75,-124679.4609375,60760.71484375,-6854.69921875,128896.4765625,86505.2265625,-200084.015625,78272.546875
186479.9750796,-87850.7578125,-125044.2421875,60615.4296875,-7401.8701171875,128837.6484375,86432.8125,-200420.359375,78282.734375
186479.975106,-87067.5546875,-124269.0859375,60490.48046875,-7232.89013671875,128783.8203125,86368.4375,-199831.75,78237.71875
186479.9751339,-86822.8046875,-123938.5,60426.5546875,-7224.84423828125,128775.0625,86352.34375,-199579.484375,78219.0390625
186479.9751674,-86617.2109375,-123619.3203125,60673.54296875,-6396.041015625,128860.1796875,86426.1015625,-199280.515625,78191.0078125
186479.9751908,-87635.3828125,-124679.4609375,60772.3359375,-6846.65185546875,128895.2265625,86487.796875,-200074.671875,78257.2578125
186479.9752146,-87792.0234375,-125010.046875,60618.33203125,-7393.8232421875,128837.6484375,86419.3984375,-200382.984375,78264.0546875
186479.9752466,-87057.765625,-124257.6875,60484.671875,-7224.84423828125,128786.328125,86360.390625,-199822.40625,78220.734375
186479.975273,-86773.8515625,-123892.90625,60420.7421875,-7208.7509765625,128786.328125,86349.6640625,-199532.765625,78212.2421875
186479.9752973,-86607.421875,-123596.515625,60664.82421875,-6404.087890625,128875.1953125,86420.7421875,-199252.484375,78186.7578125
186479.9753219,-87625.5859375,-124645.265625,60766.5234375,-6854.69921875,128905.234375,86478.40625,-200046.640625,78251.3125
186479.9922024,-87821.390625,-125032.84375,60624.14453125,-7393.8232421875,128856.421875,86419.3984375,-200382.984375,78260.65625
186480.0748354,-87061.8359375,-124279.6796875,60483.28515625,-7232.755859375,128795.625,86349.9296875,-199825.359375,78208.7109375
186480.0751025,-86801.125,-123944.3984375,60424.6796875,-7207.81201171875,128791.1953125,86339.5625,-199568.75,78195.03125
186480.0751605,-86627.3125,-123653.828125,60659.1015625,-6401.27099609375,128866.4375,86405.671875,-199293.828125,78162.84375
186480.0752008,-87583.2578125,-124637.3046875,60763.9765625,-6858.587890625,128909.21875,86470.4921875,-200026.96875,78233.65625
186480.0752387,-87757.0625,-124983.7578125,60612.8359375,-7399.05322265625,128856.109375,86403.078125,-200347.71875,78244.921875
186480.0752697,-87023.2109375,-124234.9765625,60492.5390625,-7241.07080078125,128808.8984375,86352.5234375,-199788.703125,78210.3203125
186480.0753042,-86791.46875,-123933.2265625,60433.9296875,-7216.126953125,128803.0,86338.265625,-199550.421875,78189.3984375
186480.0753372,-86598.34375,-123631.4765625,60677.609375,-6417.90087890625,128888.5625,86412.15625,-199266.34375,78159.625
186480.075371,-87592.90625,-124659.65625,60782.484375,-6858.587890625,128929.8671875,86478.2734375,-200036.125,78228.0234375
186480.0754506,-87728.09375,-124961.40625,60640.59765625,-7382.423828125,128873.8125,86413.453125,-200320.21875,78236.875
186480.0755616,-87013.5546875,-124246.1484375,60511.046875,-7207.81201171875,128823.65625,86355.1171875,-199788.703125,78201.46875
186480.0755936,-86733.53125,-123910.875,60461.69140625,-7166.23681640625,128823.65625,86348.6328125,-199522.9375,78195.8359375
186480.0756208,-86588.6875,-123642.65625,60702.28515625,-6376.3271484375,128901.84375,86418.640625,-199266.34375,78169.28125
186480.0756498,-87583.2578125,-124670.8359375,60800.9921875,-6841.9580078125,128937.2421875,86483.4609375,-200036.125,78240.09375
186480.075676,-87708.78125,-124972.578125,60652.93359375,-7357.47900390625,128876.7578125,86412.15625,-200320.21875,78244.921875
186480.0757023,-86936.3046875,-124190.2734375,60523.3828125,-7207.81201171875,128828.078125,86360.3046875,-199724.546875,78211.9296875
186480.0757278,-86675.59375,-123843.8203125,60464.77734375,-7157.9228515625,128829.5546875,86351.2265625,-199458.78125,78200.6640625
186480.0757519,-86530.7578125,-123564.421875,60708.45703125,-6359.69677734375,128919.5390625,86427.7109375,-199183.859375,78178.1328125
186480.0757761,-87573.6015625,-124637.3046875,60804.07421875,-6833.64404296875,128957.8984375,86487.3515625,-199990.3125,78246.53125
186480.0757996,-87737.75,-124972.578125,60668.35546875,-7349.1640625,128907.7421875,86426.4140625,-200301.890625,78261.015625
186480.0758275,-87013.5546875,-124246.1484375,60535.72265625,-7191.18212890625,128854.6328125,86368.078125,-199752.046875,78219.9765625
186480.0758535,-86733.53125,-123888.5234375,60486.3671875,-7124.6630859375,128863.484375,86366.78125,-199467.953125,78211.9296875
186480.0758777,-86588.6875,-123631.4765625,60723.87890625,-6343.06689453125,128944.6171875,86438.0859375,-199229.6875,78179.7421875
186480.0759026,-87573.6015625,-124648.484375,60816.4140625,-6817.01416015625,128978.5546875,86499.015625,-199990.3125,78252.1640625
186480.0928753,-87708.78125,-124961.40625,60680.6953125,-7307.58984375,128918.0703125,86430.3046875,-200274.40625,78259.40625
186480.2592712,-87003.359375,-124249.640625,60560.62109375,-7157.20703125,128868.4921875,86383.3671875,-199744.703125,78223.8671875
186480.2593061,-86728.5234375,-123914.2734375,60500.62890625,-7109.73193359375,128867.1484375,86374.609375,-199485.4375,78208.6640625
186480.2593292,-86576.890625,-123622.1796875,60735.14453125,-6342.2177734375,128951.640625,86448.453125,-199208.265625,78183.5859375
186480.2593558,-87628.8515625,-124693.1875,60819.6796875,-6832.7939453125,128982.484375,86507.2890625,-200012.9375,78253.5
186480.2593814,-87752.0546875,-124963.640625,60669.69921875,-7331.283203125,128922.1328125,86438.4453125,-200272.21875,78250.4609375
186480.2594071,-87069.703125,-124260.453125,60527.8984375,-7180.94482421875,128860.4453125,86377.109375,-199744.703125,78205.625
186480.2594321,-86794.8671875,-123892.6328125,60484.26953125,-7117.64501953125,128864.46875,86377.109375,-199458.609375,78194.2265625
186480.2594548,-86681.140625,-123654.6328125,60729.69140625,-6342.2177734375,128952.984375,86452.2109375,-199217.203125,78171.4296875
186480.2594862,-87685.71875,-124693.1875,60814.22265625,-6848.619140625,128983.828125,86503.53125,-200003.984375,78241.34375
186480.259513,-87780.484375,-124963.640625,60653.3359375,-7339.19482421875,128916.7734375,86424.671875,-200263.265625,78233.7421875
186480.2595365,-87069.703125,-124228.0,60530.625,-7188.85693359375,128868.4921875,86379.609375,-199708.953125,78200.3046875
186480.2595628,-86804.34375,-123871.0,60489.72265625,-7109.73193359375,128879.21875,86380.8671875,-199431.78125,78191.9453125
186480.2595879,-86671.6640625,-123600.5390625,60726.96484375,-6334.30615234375,128971.7578125,86462.2265625,-199163.5625,78173.703125
186480.2596115,-87704.671875,-124682.3671875,60797.86328125,-6848.619140625,129002.6015625,86513.546875,-199977.171875,78234.5
186480.2596366,-87771.0078125,-124920.3671875,60656.0625,-7331.283203125,128942.25,86444.703125,-200218.5625,78234.5
186480.2596613,-87107.609375,-124238.8203125,60511.53515625,-7196.77001953125,128885.921875,86384.6171875,-199700.0,78192.703125
186480.2596826,-86804.34375,-123860.1796875,60473.359375,-7133.47021484375,128885.921875,86378.359375,-199404.96875,78182.828125
186480.2597064,-86662.1875,-123600.5390625,60721.5078125,-6365.9560546875,128977.1171875,86460.9765625,-199154.625,78163.0703125
186480.2597313,-87666.7578125,-124660.7265625,60806.04296875,-6888.18212890625,129014.671875,86527.3125,-199959.28125,78236.0234375
186480.2597534,-87752.0546875,-124920.3671875,60656.0625,-7339.19482421875,128954.3203125,86459.71875,-200200.6875,78236.0234375
186480.2597799,-87022.3125,-124173.90625,60527.8984375,-7204.68212890625,128907.3828125,86407.1484375,-199646.359375,78198.78125
186480.2598039,-86756.953125,-123827.7265625,60486.9921875,-7117.64501953125,128911.40625,86400.890625,-199369.203125,78182.828125
186480.2598271,-86633.75,-123589.7265625,60726.96484375,-6350.130859375,128998.578125,86477.2421875,-199136.75,78157.75
186480.2598491,-87657.28125,-124671.546875,60803.31640625,-6872.35693359375,129028.078125,86532.3203125,-199950.34375,78226.140625
186480.2838748,-87685.71875,-124855.4609375,60661.515625,-7315.4580078125,128974.4375,86462.2265625,-200147.046875,78234.5
186480.324562,-87031.03125,-124208.0625,60525.03515625,-7197.171875,128928.9765625,86409.25,-199655.703125,78204.5546875
186480.3246206,-86738.9375,-123833.359375,60485.51953125,-7117.15283203125,128928.9765625,86405.359375,-199361.90625,78193.5078125
186480.3246557,-86641.578125,-123617.6171875,60731.74609375,-6348.9677734375,129012.65625,86483.1484375,-199143.9375,78173.9765625
186480.3246951,-87703.7265625,-124741.734375,60822.94140625,-6877.09521484375,129051.015625,86545.375,-199996.890625,78252.1171875
186480.3247427,-87721.4296875,-124934.765625,60673.98828125,-7317.201171875,128989.4140625,86470.1796875,-200195.90625,78247.0234375
186480.3247681,-86986.7734375,-124196.7109375,60515.91796875,-7205.173828125,128920.8359375,86391.1015625,-199636.75,78190.9609375
186480.324805,-86659.28125,-123776.5859375,60488.55859375,-7117.15283203125,128922.0,86388.5078125,-199314.53125,78180.765625
186480.3248416,-86597.3203125,-123583.5546875,60749.984375,-6340.9658203125,129010.3359375,86477.9609375,-199106.03125,78167.1796875
186480.3248723,-87632.921875,-124650.8984375,60841.1796875,-6877.09521484375,129047.53125,86549.265625,-199921.0625,78246.171875
186480.3249038,-87650.625,-124832.5703125,60683.109375,-7325.203125,128975.46875,86459.8125,-200110.609375,78233.4296875
186480.3249412,-86924.8203125,-124071.8046875,60558.4765625,-7197.171875,128925.484375,86405.359375,-199532.5,78199.453125
186480.3249761,-86659.28125,-123719.8125,60528.078125,-7085.14501953125,128940.6015625,86405.359375,-199248.1875,78190.9609375
186480.3250108,-86606.171875,-123515.4296875,60768.22265625,-6332.9638671875,129026.609375,86479.2578125,-199049.171875,78171.4296875
186480.3250478,-87677.1796875,-124650.8984375,60835.1015625,-6893.09912109375,129044.0390625,86524.6328125,-199911.59375,78235.9765625
186480.3250874,-87668.328125,-124787.1484375,60695.26953125,-7309.19921875,128984.765625,86457.21875,-200072.703125,78234.28125
186480.3251248,-86969.0703125,-124071.8046875,60558.4765625,-7181.16796875,128923.1640625,86396.2890625,-199523.03125,78185.8671875
186480.325154,-86685.828125,-123697.1015625,60531.1171875,-7077.14306640625,128932.4609375,86396.2890625,-199229.234375,78163.78125
186480.3251879,-86632.7265625,-123515.4296875,60783.421875,-6308.958984375,129025.4453125,86481.8515625,-199039.6875,78147.640625
186480.3252226,-87668.328125,-124605.4765625,60862.4609375,-6877.09521484375,129066.125,86546.671875,-199864.203125,78235.1328125
186480.3252517,-87668.328125,-124787.1484375,60713.5078125,-7293.19482421875,129008.0078125,86477.9609375,-200044.265625,78238.5234375
186480.3252782,-86977.921875,-124060.453125,60579.75390625,-7173.1669921875,128955.703125,86426.1015625,-199494.59375,78198.609375
186480.325307,-86685.828125,-123685.75,60540.234375,-7069.14208984375,128949.8984375,86414.4375,-199191.328125,78172.2734375
186480.3253345,-86623.875,-123492.71875,60801.66015625,-6308.958984375,129031.2578125,86496.109375,-198992.3125,78156.984375
186480.3253627,-87721.4296875,-124650.8984375,60868.5390625,-6893.09912109375,129061.4765625,86549.265625,-199873.6875,78232.578125
186480.3393671,-87668.328125,-124775.796875,60719.5859375,-7301.19677734375,129006.8515625,86477.9609375,-200015.84375,78231.734375
186480.4079736,-86925.3046875,-123995.3671875,60579.80078125,-7191.94189453125,128954.859375,86420.0703125,-199436.96875,78193.109375
186480.4080261,-86613.7265625,-123587.3984375,60554.85546875,-7073.25390625,128964.515625,86422.75,-199105.71875,78184.5234375
186480.4080636,-86586.234375,-123430.4921875,60804.30078125,-6321.56494140625,129047.796875,86500.5390625,-198927.359375,78163.0703125
186480.4080975,-87630.953125,-124528.8515625,60870.8203125,-6899.17919921875,129084.0078125,86555.5234375,-199768.21875,78243.53125
186480.4081296,-87621.7890625,-124696.2265625,60715.609375,-7294.80517578125,129018.828125,86473.7109375,-199946.59375,78230.65625
186480.4081593,-86934.4765625,-123974.4453125,60582.5703125,-7184.02880859375,128968.1328125,86418.7265625,-199403.0,78197.3984375
186480.4081988,-86687.0390625,-123660.625,60549.3125,-7073.25390625,128975.375,86416.046875,-199148.1875,78181.3046875
186480.4082276,-86668.7109375,-123524.6328125,60804.30078125,-6313.65283203125,129070.7265625,86504.5625,-198995.296875,78178.0859375
186480.4082763,-87731.7578125,-124664.84375,60876.36328125,-6907.0908203125,129103.3203125,86562.2265625,-199861.65625,78259.625
186480.4083192,-87658.4453125,-124758.9921875,60732.23828125,-7286.89208984375,129045.3828125,86493.828125,-199980.5625,78249.96875
186480.4083612,-86952.8046875,-124037.203125,60601.97265625,-7168.2041015625,128991.0703125,86440.1875,-199436.96875,78207.0546875
186480.4083886,-86677.875,-123660.625,60563.16796875,-7065.341796875,128993.484375,86430.796875,-199139.6875,78180.234375
186480.4084147,-86668.7109375,-123535.09375,60798.7578125,-6313.65283203125,129069.5234375,86497.8515625,-198986.8125,78152.3359375
186480.4084406,-87704.265625,-124623.0,60876.36328125,-6907.0908203125,129086.421875,86542.109375,-199827.6875,78224.21875
186480.4084739,-87640.1171875,-124727.609375,60740.5546875,-7286.89208984375,129029.6953125,86469.6875,-199955.078125,78214.5625
186480.408504,-86934.4765625,-123974.4453125,60610.28515625,-7168.2041015625,128986.2421875,86417.390625,-199377.515625,78183.453125
186480.4085283,-86687.0390625,-123618.78125,60582.5703125,-7057.42919921875,128992.2734375,86412.0234375,-199097.21875,78165.2109375
186480.4085542,-86668.7109375,-123461.875,60834.7890625,-6297.828125,129084.0078125,86495.171875,-198918.859375,78159.8515625
186480.4085808,-87713.4296875,-124570.6953125,60879.1328125,-6907.0908203125,129091.25,86527.359375,-199776.71875,78217.78125
186480.4086069,-87612.625,-124623.0,60740.5546875,-7286.89208984375,129035.7265625,86454.9375,-199870.140625,78205.984375
186480.4086338,-86925.3046875,-123911.6796875,60604.7421875,-7176.1171875,128982.6171875,86397.2734375,-199318.0625,78158.7734375
186480.4086587,-86650.3828125,-123535.09375,60571.484375,-7057.42919921875,128988.65625,86393.25,-199020.78125,78135.171875
186480.4086852,-86696.203125,-123440.953125,60823.69921875,-6289.9150390625,129077.96875,86477.734375,-198901.875,78124.4453125
186480.4087095,-87750.0859375,-124549.7734375,60898.53515625,-6891.26611328125,129106.9375,86527.359375,-199742.75,78199.546875
186480.4249943,-87685.9375,-124643.921875,60732.23828125,-7286.89208984375,129038.140625,86437.5078125,-199861.65625,78178.0859375
186480.5080912,-87007.6484375,-123899.921875,60603.8046875,-7179.51416015625,128997.8203125,86389.8984375,-199301.65625,78152.515625
186480.5081463,-86763.8359375,-123563.53125,60586.37109375,-7058.14404296875,129005.8671875,86384.3515625,-199032.625,78139.640625
186480.5081747,-86772.8671875,-123438.578125,60839.16796875,-6313.7421875,129089.015625,86467.5,-198882.296875,78125.9609375
186480.508222,-87838.421875,-124582.3203125,60891.47265625,-6928.68310546875,129110.46875,86513.234375,-199760.578125,78195.1640625
186480.5082517,-87730.0625,-124611.15625,60740.375,-7284.7021484375,129052.8046875,86437.015625,-199831.796875,78190.3359375
186480.5083096,-87043.7734375,-123899.921875,60603.8046875,-7195.69677734375,129001.84375,86381.578125,-199293.734375,78152.515625
186480.5083733,-86745.78125,-123496.25,60577.65234375,-7058.14404296875,129009.890625,86378.8046875,-198969.328125,78130.7890625
186480.5084178,-86781.8984375,-123400.140625,60824.640625,-6321.8330078125,129098.3984375,86464.7265625,-198850.640625,78121.1328125
186480.5084632,-87856.484375,-124553.484375,60879.84765625,-6928.68310546875,129126.5625,86513.234375,-199728.9375,78194.359375
186480.5086596,-87775.2109375,-124611.15625,60740.375,-7284.7021484375,129076.9453125,86441.171875,-199823.875,78187.1171875
186480.5087299,-87088.921875,-123890.3125,60612.5234375,-7155.240234375,129024.640625,86384.3515625,-199277.921875,78152.515625
186480.5087821,-86818.0234375,-123525.0859375,60600.8984375,-7017.68798828125,129032.6875,86385.734375,-198985.15625,78139.640625
186480.5088132,-86845.109375,-123438.578125,60859.5078125,-6289.4677734375,129121.203125,86471.65625,-198874.375,78129.1796875
186480.5088441,-87883.5703125,-124553.484375,60914.71875,-6912.5,129145.34375,86527.09375,-199721.015625,78208.84375
186480.5088749,-87793.2734375,-124620.765625,60772.3359375,-7260.42822265625,129090.3515625,86459.1875,-199823.875,78202.40625
186480.5089037,-87079.890625,-123880.6953125,60632.86328125,-7179.51416015625,129038.0546875,86400.984375,-199262.09375,78162.171875
186480.5089441,-86808.9921875,-123525.0859375,60621.23828125,-7025.77880859375,129052.8046875,86406.5234375,-198977.234375,78145.2734375
186480.5089845,-86799.9609375,-123400.140625,60885.66015625,-6273.28515625,129145.34375,86497.984375,-198826.90625,78141.25
186480.509017,-87892.6015625,-124572.7109375,60929.24609375,-6928.68310546875,129158.75,86542.3359375,-199728.9375,78218.5
186480.5090485,-87757.1484375,-124601.546875,60786.86328125,-7260.42822265625,129099.7421875,86470.2734375,-199800.140625,78212.0625
186480.5090828,-87052.8046875,-123871.0859375,60650.296875,-7163.33203125,129048.78125,86414.8359375,-199238.359375,78174.2421875
186480.5091117,-86754.8125,-123467.4140625,60644.484375,-6993.4140625,129067.5546875,86425.9296875,-198921.859375,78163.78125
186480.5091431,-86845.109375,-123438.578125,60900.1875,-6257.10302734375,129157.40625,86514.6171875,-198842.734375,78154.125
186480.5091732,-87892.6015625,-124572.7109375,60943.7734375,-6912.5,129168.140625,86553.421875,-199713.109375,78223.328125
186480.5199855,-87757.1484375,-124591.9296875,60795.58203125,-7252.3359375,129105.109375,86471.65625,-199776.40625,78204.8203125
186480.608062,-87032.59375,-123825.53125,60652.3984375,-7161.4541015625,129055.171875,86415.109375,-199203.34375,78165.6171875
186480.6081142,-86815.15625,-123521.1953125,60641.53515625,-7011.9658203125,129068.5859375,86415.109375,-198939.109375,78148.4453125
186480.6081373,-86860.9375,-123455.03125,60909.48828125,-6264.52294921875,129155.7578125,86499.375,-198835.703125,78137.71875
186480.6081616,-87902.3515625,-124579.7734375,60949.31640625,-6918.53515625,129165.140625,86533.078125,-199708.859375,78209.6015625
186480.6081931,-87730.6875,-124566.5390625,60804.48046875,-7236.1982421875,129102.109375,86452.703125,-199743.328125,78197.8046875
186480.6082271,-87032.59375,-123812.3046875,60663.26171875,-7142.76806640625,129048.46875,86390.4765625,-199168.890625,78157.03125
186480.6082621,-86769.3828125,-123441.796875,60656.01953125,-6993.27978515625,129065.8984375,86390.4765625,-198881.671875,78139.8671875
186480.6082978,-86860.9375,-123402.1015625,60923.97265625,-6245.8369140625,129157.09375,86482.5234375,-198789.75,78133.4296875
186480.6083354,-87925.234375,-124566.5390625,60963.80078125,-6918.53515625,129173.1875,86526.6015625,-199685.875,78208.53125
186480.6083727,-87787.90625,-124579.7734375,60800.859375,-7245.541015625,129104.796875,86438.4453125,-199743.328125,78184.9296875
186480.6083988,-87066.9296875,-123838.765625,60666.8828125,-7142.76806640625,129061.875,86390.4765625,-199180.375,78148.4453125
186480.6084258,-86792.2734375,-123468.265625,60652.3984375,-6993.27978515625,129072.609375,86391.7734375,-198870.171875,78131.28125
186480.6084487,-86815.15625,-123362.40625,60931.21484375,-6227.15087890625,129173.1875,86492.890625,-198743.796875,78128.0625
186480.6084666,-87902.3515625,-124513.609375,60985.52734375,-6890.505859375,129189.28125,86536.96875,-199628.4375,78199.9453125
186480.6084922,-87742.1328125,-124500.3828125,60837.06640625,-7208.1689453125,129128.9296875,86459.1875,-199662.90625,78187.0703125
186480.6085238,-87078.375,-123785.8359375,60703.08984375,-7105.39599609375,129084.6796875,86409.921875,-199122.921875,78154.8828125
186480.6085471,-86826.6015625,-123428.5703125,60695.84765625,-6955.908203125,129107.4765625,86420.296875,-198824.21875,78152.7421875
186480.6085721,-86860.9375,-123349.171875,60963.80078125,-6208.46484375,129193.3046875,86501.96875,-198709.328125,78137.71875
186480.6086032,-87925.234375,-124487.1484375,61021.73828125,-6881.1630859375,129208.0625,86547.34375,-199582.484375,78210.6796875
186480.6086397,-87776.4609375,-124487.1484375,60862.4140625,-7198.826171875,129136.9765625,86465.6640625,-199628.4375,78181.7109375
186480.6086772,-87032.59375,-123706.4453125,60728.4375,-7077.3671875,129084.6796875,86406.03125,-199031.015625,78130.2109375
186480.6087142,-86471.8359375,-123005.140625,60797.23828125,-6797.076171875,129126.25,86403.4375,-198456.578125,78079.78125
186480.608751,-86563.390625,-122899.28125,61097.77734375,-6058.97705078125,129218.7890625,86507.1484375,-198284.25,78080.859375
186480.6087792,-87890.90625,-124301.8984375,61090.53515625,-6797.076171875,129217.4453125,86555.1171875,-199352.703125,78187.0703125
186480.62146,-87696.3515625,-124262.1953125,60949.31640625,-7077.3671875,129169.1640625,86486.40625,-199364.1875,78178.4921875
186480.7266853,-86891.2890625,-123374.609375,60842.8359375,-6906.06298828125,129130.0078125,86419.8046875,-198668.078125,78118.2265625
186480.7268636,-86634.0625,-122981.6640625,60853.96484375,-6724.56689453125,129140.8671875,86421.234375,-198322.296875,78102.9375
186480.7269935,-86817.796875,-123034.0625,61095.140625,-6043.9560546875,129204.84375,86501.34375,-198302.53125,78103.7890625
186480.7271306,-87907.9375,-124212.890625,61121.11328125,-6724.56689453125,129203.6328125,86534.2421875,-199191.6875,78181.9296875
186480.727251,-87797.6953125,-124252.1875,60968.98828125,-7033.11083984375,129143.28125,86456.9921875,-199270.71875,78165.796875
186480.7273751,-87222.0078125,-123649.671875,60809.44140625,-6969.5869140625,129092.59375,86409.7890625,-198806.390625,78140.3125
186480.7275423,-87062.7734375,-123440.1015625,60753.78515625,-6851.61376953125,129096.2109375,86408.359375,-198648.3125,78130.96875
186480.7276534,-87173.0078125,-123492.4921875,60983.828125,-6171.00390625,129178.2890625,86491.328125,-198638.4375,78136.9140625
186480.7277489,-88189.65625,-124645.1328125,60991.25,-6869.76416015625,129183.1171875,86517.078125,-199557.21875,78208.265625
186480.727858,-87944.6796875,-124579.640625,60824.28125,-7178.30712890625,129114.3125,86431.2421875,-199557.21875,78186.1796875
186480.7279496,-87283.25,-123911.6328125,60661.0234375,-7132.93310546875,129058.796875,86372.59375,-199063.25,78152.203125
186480.7280412,-86940.28125,-123492.4921875,60653.60546875,-6942.36181640625,129076.8984375,86374.0234375,-198737.234375,78137.765625
186480.7281282,-87001.53125,-123440.1015625,60917.04296875,-6225.453125,129174.6640625,86458.421875,-198648.3125,78130.96875
186480.7282238,-88042.671875,-124579.640625,60950.4375,-6906.06298828125,129196.390625,86494.1875,-199537.46875,78202.3203125
186480.7283157,-87785.4453125,-124474.8515625,60802.01953125,-7187.3818359375,129134.8359375,86412.6484375,-199507.828125,78176.8359375
186480.7284086,-87136.265625,-123767.5546875,60664.734375,-7114.7841796875,129092.59375,86364.0078125,-198974.328125,78144.5625
186480.7285795,-86817.796875,-123361.515625,60661.0234375,-6924.212890625,129108.28125,86369.734375,-198648.3125,78132.671875
186480.7289942,-86940.28125,-123361.515625,60924.46484375,-6234.52685546875,129189.1484375,86454.1328125,-198608.796875,78127.5703125
186480.7293532,-88005.9296875,-124514.1484375,60950.4375,-6933.2880859375,129200.015625,86491.328125,-199507.828125,78200.6171875
186480.7299912,-87785.4453125,-124448.65625,60798.30859375,-7196.45703125,129137.25,86406.9296875,-199517.703125,78171.7421875
186480.730102,-87111.765625,-123728.2578125,60657.31640625,-7142.0078125,129095.0,86358.2890625,-198964.453125,78142.015625
186480.7301948,-86830.046875,-123361.515625,60649.89453125,-6942.36181640625,129101.0390625,86355.4296875,-198677.953125,78121.625
186480.7304661,-86964.78125,-123374.609375,60920.75390625,-6261.751953125,129195.1875,86454.1328125,-198638.4375,78124.171875
186480.7307114,-88005.9296875,-124501.046875,60950.4375,-6951.43701171875,129212.078125,86494.1875,-199517.703125,78194.671875
186480.763698,-87711.953125,-124356.96875,60805.73046875,-7196.45703125,129154.1484375,86412.6484375,-199458.421875,78168.34375
186480.8246515,-87082.6171875,-123668.1328125,60673.18359375,-7138.43212890625,129108.0546875,86361.5078125,-198938.390625,78134.5
186480.8246972,-86795.984375,-123277.734375,60683.37890625,-6934.4501953125,129135.59375,86377.1953125,-198625.0625,78123.4609375
186480.8247213,-86908.5859375,-123277.734375,60953.4765625,-6239.39990234375,129228.21875,86467.7265625,-198574.0625,78114.1171875
186480.824748,-87983.484375,-124439.40625,60978.95703125,-6934.4501953125,129238.234375,86500.3125,-199477.609375,78188.0078125
186480.8247692,-87758.265625,-124363.2265625,60836.26171875,-7168.65087890625,129175.6484375,86424.2734375,-199463.03125,78171.875
186480.8248014,-87103.09375,-123677.65625,60696.1171875,-7130.876953125,129126.828125,86374.78125,-198945.6875,78141.296875
186480.8248337,-86826.6953125,-123315.828125,60685.92578125,-6934.4501953125,129138.1015625,86371.1640625,-198654.21875,78111.5703125
186480.8248733,-86908.5859375,-123277.734375,60950.92578125,-6254.509765625,129228.21875,86460.484375,-198574.0625,78100.5234375
186480.8249122,-87963.0078125,-124420.359375,60976.40625,-6957.115234375,129243.2421875,86490.65625,-199455.75,78170.171875
186480.8249506,-87737.796875,-124325.140625,60833.71484375,-7191.31591796875,129184.40625,86409.7890625,-199426.59375,78148.09375
186480.8249909,-87164.515625,-123706.21875,60678.28125,-7176.2060546875,129129.3359375,86351.8515625,-198960.25,78113.265625
186480.8250293,-86857.40625,-123296.78125,60688.47265625,-6949.56005859375,129149.359375,86360.3046875,-198632.359375,78103.078125
186480.8250649,-86990.484375,-123315.828125,60963.66796875,-6231.84521484375,129239.484375,86456.859375,-198588.640625,78107.3203125
186480.8250992,-88055.140625,-124477.4921875,60996.79296875,-6942.0048828125,129259.515625,86500.3125,-199492.1875,78184.6171875
186480.825128,-87809.453125,-124372.75,60841.359375,-7191.31591796875,129189.4140625,86415.8203125,-199463.03125,78154.8828125
186480.8251556,-87144.046875,-123658.609375,60698.6640625,-7145.98681640625,129141.8515625,86367.546875,-198923.8125,78126.859375
186480.8251821,-86888.1171875,-123287.2578125,60703.76171875,-6926.89501953125,129163.1328125,86371.1640625,-198632.359375,78105.625
186480.825236,-87000.7265625,-123277.734375,60968.765625,-6231.84521484375,129257.0078125,86462.8984375,-198566.765625,78102.2265625
186480.8252712,-88096.09375,-124458.4453125,60986.6015625,-6972.22412109375,129263.265625,86489.4453125,-199492.1875,78171.875
186480.825297,-87809.453125,-124315.6171875,60833.71484375,-7191.31591796875,129198.1796875,86404.9609375,-199433.890625,78137.8984375
186480.8253218,-87205.46875,-123658.609375,60691.01953125,-7138.43212890625,129141.8515625,86349.4375,-198938.390625,78095.4296875
186480.8253457,-86918.828125,-123268.21875,60696.1171875,-6926.89501953125,129158.125,86349.4375,-198617.78125,78080.9921875
186480.825376,-87041.671875,-123277.734375,60973.859375,-6239.39990234375,129250.75,86443.5859375,-198574.0625,78080.140625
186480.8254014,-88096.09375,-124429.8828125,60989.1484375,-6972.22412109375,129258.2578125,86477.3828125,-199463.03125,78157.4375
186480.8396766,-87840.1640625,-124306.1015625,60841.359375,-7191.31591796875,129191.921875,86394.09375,-199419.3125,78131.1015625
186480.9246352,-87222.140625,-123629.46875,60713.1953125,-7125.2890625,129163.0390625,86355.3828125,-198902.859375,78107.0078125
186480.9246822,-87013.734375,-123338.4453125,60725.48828125,-6924.212890625,129184.3203125,86365.3984375,-198668.25,78091.2734375
186480.9247115,-87112.9765625,-123328.7421875,60986.109375,-6235.9130859375,129264.875,86446.7578125,-198609.59375,78082.6875
186480.9247369,-88194.7109375,-124512.2265625,60998.40234375,-6978.34912109375,129273.9921875,86479.3046875,-199533.359375,78162.796875
186480.924763,-87887.0625,-124357.015625,60838.5859375,-7202.6259765625,129207.1171875,86392.9375,-199460.03125,78137.046875
186480.9247917,-87271.7578125,-123697.3671875,60708.27734375,-7148.490234375,129163.0390625,86345.3671875,-198954.171875,78109.15625
186480.9248204,-86974.03125,-123299.640625,60723.02734375,-6939.68017578125,129185.84375,86356.6328125,-198638.921875,78090.5546875
186480.9248504,-87112.9765625,-123328.7421875,60991.02734375,-6243.64697265625,129272.4765625,86444.2578125,-198616.9375,78082.6875
186480.9248788,-88194.7109375,-124502.5234375,61003.3203125,-6978.34912109375,129284.6328125,86473.046875,-199526.015625,78157.7890625
186480.9249077,-87916.828125,-124376.4140625,60858.2578125,-7194.89208984375,129223.8359375,86382.921875,-199482.03125,78132.7578125
186480.9249372,-87251.9140625,-123658.5703125,60718.109375,-7148.490234375,129172.1640625,86325.34375,-198932.1875,78101.2890625
186480.9249814,-87023.65625,-123319.046875,60732.86328125,-6924.212890625,129204.078125,86335.359375,-198660.921875,78089.125
186480.9250036,-87142.7421875,-123328.7421875,60991.02734375,-6243.64697265625,129292.234375,86427.984375,-198624.265625,78084.1171875
186480.9250237,-88214.5546875,-124512.2265625,60995.9453125,-6986.08203125,129296.796875,86458.0234375,-199533.359375,78152.0703125
186480.9250459,-87857.2890625,-124289.109375,60843.50390625,-7210.35986328125,129220.796875,86371.65625,-199416.046875,78117.0234375
186480.9250665,-87241.984375,-123610.0625,60713.1953125,-7156.22412109375,129175.203125,86325.34375,-198902.859375,78086.265625
186480.9250886,-87013.734375,-123280.2421875,60730.40625,-6908.7451171875,129214.71875,86346.625,-198624.265625,78079.828125
186480.9251096,-87172.515625,-123319.046875,60998.40234375,-6228.17919921875,129316.5546875,86448.0078125,-198602.265625,78090.5546875
186480.9251304,-88234.40625,-124492.8203125,60998.40234375,-6986.08203125,129324.15625,86473.046875,-199518.6875,78162.796875
186480.9251528,-87906.90625,-124298.8125,60855.796875,-7202.6259765625,129269.4375,86392.9375,-199416.046875,78143.484375
186480.9251753,-87271.7578125,-123619.765625,60727.9453125,-7133.02294921875,129226.8828125,86346.625,-198902.859375,78112.015625
186480.9251988,-87023.65625,-123280.2421875,60745.15625,-6901.01220703125,129254.234375,86360.390625,-198631.59375,78093.421875
186480.9252217,-87182.4453125,-123357.84375,60998.40234375,-6251.380859375,129340.875,86439.25,-198631.59375,78084.1171875
186480.9252449,-88214.5546875,-124492.8203125,61020.53125,-6993.81591796875,129356.0703125,86473.046875,-199526.015625,78165.65625
186480.9370394,-87916.828125,-124337.6171875,60868.09375,-7202.6259765625,129283.1171875,86386.6796875,-199460.03125,78137.046875
186481.0247245,-87277.75,-123642.7890625,60734.65234375,-7138.2529296875,129236.3984375,86341.65625,-198924.765625,78112.0625
186481.0247851,-87052.53125,-123332.9921875,60745.0234375,-6926.7158203125,129259.734375,86341.65625,-198672.5,78094.1796875
186481.0248249,-87195.8515625,-123363.96875,61014.67578125,-6254.3310546875,129344.0,86427.671875,-198641.921875,78097.0390625
186481.0248657,-88240.0390625,-124510.2109375,61019.859375,-6987.15478515625,129344.0,86452.4765625,-199536.296875,78171.4296875
186481.024895,-87953.3984375,-124355.3125,60877.2578125,-7183.58203125,129284.3671875,86378.046875,-199467.5,78149.2578125
186481.0249181,-87328.9375,-123684.09375,60734.65234375,-7145.80810546875,129236.3984375,86326.7734375,-198947.6875,78117.0703125
186481.0250317,-87011.5859375,-123260.703125,60755.39453125,-6904.0517578125,129263.625,86338.3515625,-198611.34375,78099.8984375
186481.025062,-87216.328125,-123353.6484375,61032.82421875,-6246.77587890625,129359.5625,86417.7421875,-198634.28125,78098.46875
186481.0250899,-88240.0390625,-124468.90625,61043.1953125,-6964.4912109375,129366.0390625,86429.3203125,-199505.71875,78169.28125
186481.0251166,-87953.3984375,-124324.3359375,60895.40625,-7176.02783203125,129301.21875,86336.6953125,-199444.578125,78139.953125
186481.0251437,-87298.2265625,-123611.8046875,60757.98828125,-7123.14306640625,129258.4375,86283.765625,-198901.828125,78109.1953125
186481.0251724,-87062.7734375,-123281.359375,60773.54296875,-6888.94189453125,129277.8828125,86278.8046875,-198634.28125,78089.171875
186481.0252013,-87247.0390625,-123343.3203125,61045.7890625,-6231.666015625,129377.7109375,86371.4296875,-198634.28125,78099.8984375
186481.0252285,-88291.2265625,-124499.890625,61050.97265625,-6964.4912109375,129382.890625,86392.9375,-199528.65625,78171.4296875
186481.025255,-87963.6328125,-124303.6875,60905.77734375,-7183.58203125,129314.1875,86303.6171875,-199429.28125,78141.3828125
186481.025281,-87339.171875,-123642.7890625,60760.578125,-7153.36279296875,129261.03125,86244.0703125,-198924.765625,78107.765625
186481.0253063,-87052.53125,-123250.3828125,60789.1015625,-6873.83203125,129290.8515625,86253.9921875,-198611.34375,78086.3125
186481.025331,-87267.515625,-123353.6484375,61056.16015625,-6224.11083984375,129377.7109375,86346.625,-198641.921875,78085.59375
186481.0253548,-88311.6953125,-124510.2109375,61061.34375,-6972.0458984375,129381.6015625,86376.390625,-199536.296875,78156.40625
186481.0253847,-87963.6328125,-124303.6875,60900.58984375,-7168.47314453125,129316.78125,86283.765625,-199429.28125,78124.21875
186481.0254116,-87308.4609375,-123601.484375,60768.359375,-7115.587890625,129272.703125,86244.0703125,-198894.1875,78098.46875
186481.0254384,-87011.5859375,-123198.75,60791.69140625,-6836.05810546875,129297.328125,86258.9609375,-198565.484375,78082.734375
186481.0254646,-87216.328125,-123291.6875,61061.34375,-6224.11083984375,129390.671875,86358.203125,-198580.765625,78090.6015625
186481.0254933,-88280.984375,-124458.578125,61063.9375,-6964.4912109375,129397.15625,86379.703125,-199498.078125,78153.546875
186481.0392987,-87922.6875,-124231.3984375,60921.3359375,-7138.2529296875,129338.8125,86295.34375,-199360.484375,78122.7890625
186481.0749844,-87322.1875,-123579.265625,60785.2578125,-7108.7041015625,129292.6796875,86246.53125,-198864.859375,78093.375
186481.0750494,-87025.53125,-123169.5546875,60799.73828125,-6847.27783203125,129309.578125,86253.859375,-198530.46875,78070.84375
186481.0751044,-87237.4296875,-123274.609375,61053.2109375,-6232.158203125,129395.2734375,86343.671875,-198560.875,78071.6484375
186481.075166,-88275.7109375,-124409.1875,61065.27734375,-6977.9912109375,129401.3125,86360.1640625,-199442.421875,78142.4609375
186481.0752345,-87947.2734375,-124220.0859375,60920.4375,-7154.837890625,129339.7578125,86211.703125,-199343.625,78114.296875
186481.0753019,-87322.1875,-123547.75,60782.84375,-7139.4599609375,129296.3046875,86129.2265625,-198834.453125,78086.1328125
186481.0753889,-87036.125,-123159.0546875,60809.39453125,-6847.27783203125,129319.234375,86129.2265625,-198515.28125,78056.359375
186481.075451,-87248.0234375,-123264.1015625,61067.69140625,-6239.84716796875,129404.9296875,86224.5390625,-198545.671875,78058.7734375
186481.0755058,-88296.8984375,-124419.6875,61077.34765625,-6993.369140625,129409.7578125,86253.859375,-199442.421875,78130.390625
186481.0756142,-87936.6796875,-124188.5703125,60932.5078125,-7139.4599609375,129350.6171875,86180.546875,-199305.640625,78103.8359375
186481.0757007,-87343.375,-123547.75,60797.32421875,-7124.08203125,129303.546875,86142.0625,-198819.265625,78082.9140625
186481.0757948,-87067.9140625,-123180.0625,60826.29296875,-6824.2109375,129332.515625,86164.0546875,-198515.28125,78070.0390625
186481.0758868,-87332.78125,-123348.1484375,61079.76171875,-6232.158203125,129418.2109375,86255.6953125,-198583.671875,78070.84375
186481.0759748,-88318.09375,-124440.703125,61074.93359375,-6993.369140625,129418.2109375,86279.5234375,-199442.421875,78136.828125
186481.0760259,-87957.8671875,-124209.5859375,60925.265625,-7162.52685546875,129354.2421875,86195.2109375,-199313.234375,78102.2265625
186481.0760782,-87375.15625,-123568.7578125,60785.2578125,-7154.837890625,129315.6171875,86154.890625,-198819.265625,78082.109375
186481.0761465,-87099.6953125,-123201.0703125,60816.63671875,-6831.89990234375,129348.203125,86173.21875,-198522.875,78066.8203125
186481.0762589,-87332.78125,-123327.1328125,61072.51953125,-6239.84716796875,129431.484375,86264.859375,-198568.46875,78075.671875
186481.0763483,-88371.0625,-124493.2265625,61067.69140625,-7008.7470703125,129435.109375,86294.1875,-199480.421875,78153.7265625
186481.0764193,-87968.4609375,-124220.0859375,60930.09375,-7147.14892578125,129383.203125,86224.5390625,-199313.234375,78129.5859375
186481.0764827,-87417.5390625,-123631.7890625,60780.4296875,-7177.90478515625,129332.515625,86180.546875,-198872.453125,78104.640625
186481.0765443,-87089.1015625,-123201.0703125,60816.63671875,-6839.5888671875,129354.2421875,86200.7109375,-198522.875,78080.5
186481.0766254,-87290.3984375,-123285.1171875,61087.00390625,-6209.0908203125,129441.140625,86299.6796875,-198538.078125,78082.9140625
186481.0766959,-88328.6875,-124430.1953125,61072.51953125,-6977.9912109375,129444.765625,86318.0078125,-199434.828125,78150.5078125
186481.0958608,-87979.0625,-124209.5859375,60913.19921875,-7185.59423828125,129371.140625,86226.3671875,-199313.234375,78111.8828125
186481.1746601,-87436.671875,-123625.3984375,60769.921875,-7210.6728515625,129322.859375,86179.4765625,-198873.484375,78078.53125
186481.1747356,-87119.9921875,-123206.9296875,60821.734375,-6832.3017578125,129347.4921875,86200.3984375,-198533.734375,78051.3046875
186481.174777,-87368.8125,-123342.6484375,61091.69921875,-6198.94287109375,129422.6796875,86292.21875,-198593.1875,78047.5546875
186481.174814,-88431.953125,-124530.1953125,61075.3359375,-6988.5859375,129412.3125,86309.6484375,-199519.0,78116.0859375
186481.1748577,-88126.578125,-124371.859375,60911.72265625,-7194.22216796875,129335.8203125,86216.671875,-199442.5625,78076.65625
186481.1748852,-87595.0078125,-123795.046875,60767.1953125,-7243.5751953125,129291.7421875,86170.1796875,-199009.390625,78047.5546875
186481.1749265,-87278.328125,-123387.890625,60813.5546875,-6865.2041015625,129325.453125,86186.4453125,-198686.625,78019.390625
186481.1749672,-87470.6015625,-123467.0546875,61080.7890625,-6231.84521484375,129404.53125,86279.4296875,-198695.109375,78017.515625
186481.1750071,-88545.046875,-124643.296875,61072.609375,-7005.037109375,129398.046875,86307.328125,-199612.4375,78086.046875
186481.1750516,-88183.1328125,-124405.7890625,60919.90234375,-7194.22216796875,129325.453125,86228.2890625,-199476.53125,78054.125
186481.1750825,-87651.5625,-123840.2890625,60767.1953125,-7243.5751953125,129271.0,86178.3125,-199051.84375,78024.0859375
186481.1751066,-87289.640625,-123376.578125,60805.37109375,-6865.2041015625,129299.5234375,86189.9375,-198678.125,78000.6171875
186481.1751377,-87527.1484375,-123500.984375,61083.51953125,-6215.39404296875,129392.859375,86288.734375,-198720.59375,78013.7578125
186481.1752089,-88556.359375,-124631.984375,61083.51953125,-7013.26220703125,129394.15625,86303.84375,-199612.4375,78085.1015625
186481.1752432,-88205.75,-124405.7890625,60925.35546875,-7185.99609375,129333.2265625,86216.671875,-199485.03125,78048.4921875
186481.1752777,-87651.5625,-123806.359375,60786.28515625,-7218.89794921875,129299.5234375,86184.125,-199034.859375,78034.40625
186481.1753922,-87323.5703125,-123387.890625,60840.82421875,-6840.52783203125,129333.2265625,86206.2109375,-198686.625,78014.6953125
186481.1754327,-87538.4609375,-123489.6796875,61113.515625,-6231.84521484375,129422.6796875,86302.6796875,-198712.109375,78027.8359375
186481.1754717,-88556.359375,-124643.296875,61086.24609375,-7054.38916015625,129416.1953125,86316.625,-199612.4375,78097.3046875
186481.1755052,-88137.890625,-124326.6171875,60947.171875,-7169.5458984375,129360.453125,86242.2421875,-199425.578125,78070.0859375
186481.1755331,-87617.6328125,-123772.4296875,60808.1015625,-7185.99609375,129324.15625,86199.234375,-199000.890625,78050.3671875
186481.17556,-87289.640625,-123365.265625,60854.45703125,-6832.3017578125,129355.265625,86208.53125,-198669.640625,78015.6328125
186481.1755928,-87538.4609375,-123512.296875,61110.78515625,-6240.07080078125,129435.640625,86295.703125,-198737.578125,78012.8203125
186481.1756254,-88511.1171875,-124609.3671875,61088.97265625,-7046.1640625,129433.0546875,86316.625,-199595.4375,78086.046875
186481.1925603,-88070.03125,-124292.6875,60944.4453125,-7144.869140625,129365.640625,86237.59375,-199391.59375,78056.0
186481.2746408,-87504.6640625,-123663.5703125,60815.02734375,-7162.125,129334.8359375,86209.3828125,-198914.75,78045.984375
186481.2746844,-87237.5625,-123312.203125,60858.66015625,-6811.2470703125,129380.2109375,86233.5234375,-198612.328125,78030.7890625
186481.2747063,-87483.296875,-123464.46875,61128.625,-6214.0078125,129477.21875,86336.1171875,-198676.46875,78045.984375
186481.2747434,-88519.65625,-124635.6953125,61114.98828125,-7035.2119140625,129477.21875,86349.390625,-199602.0625,78109.828125
186481.2747723,-88060.2421875,-124296.0390625,60975.91796875,-7124.796875,129416.1953125,86273.3515625,-199391.28125,78074.8671875
186481.274815,-87515.3515625,-123710.421875,60839.5703125,-7154.6591796875,129373.953125,86232.3125,-198933.078125,78052.0703125
186481.274857,-87194.828125,-123265.359375,60883.19921875,-6811.2470703125,129405.2421875,86241.96875,-198575.671875,78026.2265625
186481.2748953,-87440.5625,-123405.90625,61136.8046875,-6221.47412109375,129489.734375,86326.4609375,-198630.65625,78030.7890625
186481.2749351,-88434.1875,-124518.5703125,61117.71484375,-7035.2119140625,129494.4296875,86343.359375,-199501.25,78109.0625
186481.2749655,-87974.765625,-124178.9140625,60967.734375,-7124.796875,129434.9765625,86261.28125,-199281.3125,78070.3046875
186481.2749928,-87419.1953125,-123569.875,60834.1171875,-7154.6591796875,129389.6015625,86220.2421875,-198813.9375,78049.03125
186481.2750194,-87173.453125,-123218.5078125,60883.19921875,-6803.7822265625,129422.453125,86232.3125,-198529.84375,78027.75
186481.2750503,-87397.8203125,-123335.6328125,61153.1640625,-6221.47412109375,129508.5078125,86330.078125,-198566.5,78036.8671875
186481.275077,-88412.8203125,-124471.7265625,61114.98828125,-7050.14306640625,129494.4296875,86336.1171875,-199455.4375,78101.46875
186481.2751072,-87942.71875,-124108.640625,60973.19140625,-7139.72802734375,129438.1015625,86257.6640625,-199217.15625,78066.5078125
186481.275163,-87440.5625,-123558.1640625,60834.1171875,-7154.6591796875,129402.1171875,86225.0703125,-198786.453125,78057.390625
186481.2752054,-87173.453125,-123183.3671875,60883.19921875,-6796.31591796875,129438.1015625,86246.796875,-198474.859375,78040.671875
186481.2752314,-87440.5625,-123347.34375,61147.7109375,-6214.0078125,129522.59375,86334.90625,-198557.34375,78043.7109375
186481.2752549,-88423.5,-124460.015625,61128.625,-7035.2119140625,129519.4609375,86351.8046875,-199427.9375,78118.1875
186481.2752731,-87932.03125,-124096.9296875,60984.09765625,-7124.796875,129452.1875,86267.3203125,-199189.671875,78077.1484375
186481.275292,-87387.140625,-123476.1796875,60855.93359375,-7132.26318359375,129416.1953125,86233.5234375,-198713.140625,78057.390625
186481.2753088,-87162.7734375,-123148.234375,60902.2890625,-6781.384765625,129447.4921875,86246.796875,-198438.203125,78026.2265625
186481.2753278,-87419.1953125,-123300.4921875,61161.34765625,-6221.47412109375,129531.9765625,86338.53125,-198502.359375,78029.265625
186481.275348,-88434.1875,-124448.296875,61150.4375,-7027.74609375,129522.59375,86359.046875,-199400.453125,78108.3046875
186481.2905253,-87942.71875,-124073.5078125,61019.546875,-7094.93505859375,129467.828125,86284.21875,-199162.171875,78079.4296875
186481.3746514,-87442.9296875,-123525.75,60871.890625,-7113.173828125,129425.2734375,86240.671875,-198731.140625,78051.53125
186481.374703,-87162.90625,-123136.296875,60927.1015625,-6738.9169921875,129457.8203125,86262.265625,-198414.109375,78039.4609375
186481.3747324,-87422.1875,-123298.5703125,61182.8046875,-6193.8017578125,129544.1875,86353.7734375,-198484.5625,78051.53125
186481.3747885,-88428.1953125,-124423.671875,61139.21875,-7039.9501953125,129536.671875,86356.859375,-199374.03125,78119.125
186481.3748374,-87951.1171875,-124045.03125,60988.12109375,-7113.173828125,129474.0859375,86273.578125,-199136.25,78086.9375
186481.3749043,-87453.3046875,-123493.296875,60866.078125,-7121.31005859375,129441.546875,86241.703125,-198704.734375,78078.890625
186481.3749356,-87204.390625,-123136.296875,60915.4765625,-6771.4609375,129480.3515625,86262.265625,-198414.109375,78064.40625
186481.5913083,-87483.8359375,-123568.359375,60891.11328125,-7187.337890625,129533.0078125,86304.46875,-198894.0,78052.9609375
186482.2122357,-87621.1640625,-123567.953125,61098.89453125,-7073.52197265625,129806.3671875,86413.5859375,-198578.3125,77944.421875
186482.5232924,-88014.640625,-123884.0078125,61360.6796875,-6917.73095703125,130019.515625,86538.3515625,-198649.96875,77879.5546875
186483.9921795,-88726.8125,-124420.4453125,61909.19140625,-6914.02001953125,130626.1015625,86614.3984375,-198509.734375,77746.5625
186484.6084085,-87847.8515625,-123334.6484375,61965.6953125,-6534.93505859375,130862.671875,86865.765625,-197505.0625,77589.5234375
186486.4072482,-87711.421875,-123080.1015625,62703.484375,-6005.55615234375,131561.96875,87597.9140625,-196739.515625,77350.8046875
186486.9073098,-87872.6171875,-123561.3359375,62838.62109375,-6317.18408203125,131824.28125,87727.2421875,-196708.53125,77258.359375
186487.5237267,-87997.34375,-124166.6640625,63102.05859375,-6671.10205078125,132032.296875,87604.1796875,-196592.4375,77135.78125
186488.0404428,-88292.875,-123046.53125,63296.921875,-6889.880859375,132281.609375,86839.34375,-196517.296875,77078.5625
186488.607453,-88386.53125,-121657.953125,63540.28515625,-7044.2421875,132523.140625,86703.671875,-196491.5,76854.59375
186489.10842,-88688.1875,-121307.609375,63719.4609375,-7104.85986328125,132699.3125,86803.8515625,-196717.34375,76833.4921875
186489.6238739,-88905.3125,-120672.1484375,63999.83984375,-6980.40478515625,132748.75,86922.4453125,-196025.96875,76781.859375
186490.2405297,-89316.859375,-120774.2109375,63996.93359375,-7318.94482421875,132863.015625,87176.5859375,-196066.640625,76735.1015625
186490.8078318,-89398.125,-121835.875,64238.19921875,-7451.7587890625,132842.8125,87159.0625,-196139.109375,76754.640625
186491.4736747,-89613.015625,-122677.640625,64384.421875,-7545.3681640625,132854.515625,87107.203125,-196181.75,76691.25
186491.9066242,-89529.1953125,-122187.2421875,64489.609375,-7531.509765625,133125.65625,87729.078125,-196202.453125,76572.515625
186492.5232583,-89406.125,-122144.953125,64624.078125,-7530.34716796875,133250.78125,87559.609375,-196038.078125,76497.859375
186493.0398696,-89403.578125,-122478.84375,64761.54296875,-7449.7470703125,133386.40625,87530.0546875,-195849.6875,76447.171875
186493.5397388,-89374.96875,-123359.4140625,64798.82421875,-7400.796875,133471.34375,88152.9140625,-196211.703125,76228.34375
186494.006182,-89055.7890625,-122563.375,64907.85546875,-7503.43603515625,133627.046875,88235.4296875,-195664.0,76237.328125
186494.6242903,-89087.125,-121972.7578125,65045.2734375,-7539.51220703125,133819.265625,87708.9609375,-195602.0,76102.1015625
186495.1392055,-89072.953125,-122647.328125,65240.18359375,-7443.31005859375,133927.0,87566.1796875,-195313.4375,76008.0
186495.6395121,-89103.9765625,-123292.3984375,65427.84765625,-7326.5888671875,133966.03125,86895.5390625,-194884.6875,75900.984375
186496.1464822,-89552.9375,-123006.4765625,65572.375,-7742.64404296875,134298.890625,88277.1875,-195186.078125,75949.7109375
186496.822674,-88948.8984375,-121829.34375,65682.8828125,-7495.7470703125,134490.0,87595.7265625,-194847.71875,75813.2265625
186497.3390616,-88686.0,-120447.78125,65800.8125,-7368.07421875,140411.109375,86922.984375,-194830.046875,75871.8359375
186497.9222404,-88842.5078125,-119060.546875,65681.6328125,-8309.39453125,145999.265625,85703.4296875,-194542.15625,76075.9921875
186498.4393269,-88789.9375,-118249.4453125,65755.4765625,-8749.0087890625,138328.28125,86918.2421875,-194163.921875,76118.2421875
186498.9424885,-88827.171875,-118054.3125,65844.3046875,-8869.0830078125,134871.5,86413.8984375,-194004.421875,75982.4296875
186499.5227762,-88725.96875,-118612.2578125,65937.734375,-8688.2568359375,132701.859375,86345.28125,-193734.640625,75849.84375
186500.0392379,-88576.8828125,-118721.46875,65955.21875,-8587.8076171875,132473.6875,86998.3984375,-193708.84375,75786.984375
186500.538852,-88684.2578125,-119574.8125,65859.015625,-9069.98046875,131813.375,87551.15625,-193770.53125,75625.875
186501.1222635,-89017.65625,-120338.9765625,66101.6640625,-8588.7470703125,131660.9375,86881.6328125,-193590.015625,75404.28125
186501.6401691,-88950.015625,-120609.921875,66204.5703125,-8525.267578125,131521.734375,87015.34375,-193427.96875,75370.75
186502.1555827,-89183.8203125,-120734.8671875,66398.0,-8382.931640625,132119.1875,87164.0234375,-193477.6875,75295.25
186502.7387841,-89453.515625,-121742.84375,66452.1796875,-8535.2822265625,132564.265625,87550.53125,-193307.5,75151.75
186503.3384379,-89359.7734375,-121655.359375,66722.640625,-8369.1640625,133408.53125,87273.5078125,-192961.265625,75171.421875
186503.8555448,-89531.2109375,-121863.234375,66789.109375,-8688.3017578125,134172.109375,87416.9140625,-193106.90625,75067.171875
186504.3216781,-89868.2265625,-122128.0546875,66854.0703125,-8781.0615234375,134715.03125,87580.8828125,-193380.546875,74901.140625
186504.8579885,-89343.6796875,-121596.796875,66953.7578125,-8248.28515625,135278.921875,87581.9140625,-192747.3125,74782.1875
186505.4548547,-90043.9140625,-123370.765625,67057.46875,-8950.3984375,135884.65625,87508.2890625,-193136.5,74761.1796875
186506.0714511,-90220.984375,-123894.8671875,67085.453125,-9198.0107421875,136461.25,87698.1875,-193136.328125,74703.9140625
186506.539808,-90142.171875,-123701.125,67146.5625,-9247.408203125,136966.34375,87273.7265625,-192857.59375,74567.3828125
186507.0378732,-90179.5,-124012.125,67214.9140625,-9190.9931640625,137295.953125,87360.765625,-192636.8125,74446.28125
186507.6550863,-89971.09375,-125001.859375,67325.2890625,-9065.3310546875,138010.09375,87693.7578125,-192345.875,74379.6796875
186508.1709289,-89875.9140625,-125221.046875,67413.171875,-8985.3115234375,138233.15625,87179.359375,-192190.578125,74321.0234375
186508.6377275,-89880.296875,-125744.25,67493.5546875,-8890.048828125,138478.71875,87203.71875,-192062.765625,74218.921875
186509.2713419,-89729.3828125,-125745.859375,67602.3125,-8669.794921875,139104.15625,87537.2109375,-191722.9375,74187.6328125
186509.8048385,-89628.21875,-125042.6328125,67639.6875,-8620.576171875,139716.328125,88040.9296875,-191575.90625,74050.390625
186510.2375555,-89668.4921875,-124985.859375,67682.3359375,-8582.0859375,139934.65625,87534.4375,-191375.328125,73941.2265625
186510.7543171,-89696.2109375,-124741.734375,67727.84375,-8556.0693359375,140262.96875,87672.3046875,-191399.953125,73803.984375
186511.3856989,-90079.71875,-125712.875,67964.6796875,-8707.1220703125,140649.15625,88238.4296875,-191391.6875,73731.7421875
186511.938472,-89716.3671875,-125213.8046875,67946.3984375,-8755.1337890625,140795.15625,87678.4765625,-190916.625,73660.796875
186512.454231,-89804.078125,-125429.71875,68042.421875,-8763.7607421875,140803.875,87385.7109375,-190894.3125,73425.65625
186512.9713043,-89773.59375,-125418.6796875,68057.578125,-8692.548828125,141112.015625,87134.1171875,-190847.6875,73326.1015625
186513.5371745,-89633.359375,-124583.484375,68271.171875,-8858.7119140625,141766.921875,87645.390625,-191262.796875,73541.7578125
186514.1539649,-89981.328125,-122706.6484375,68669.7421875,-9966.1962890625,141337.640625,82764.578125,-190956.546875,73819.8515625
186514.6703501,-89904.0390625,-123404.7421875,68792.3203125,-10201.5595703125,140123.9375,82504.3984375,-192723.171875,74131.0390625
186515.1701422,-89960.046875,-123075.8125,69086.875,-10332.048828125,139119.09375,82624.03125,-194424.6875,73655.3046875
186515.6369816,-90359.4296875,-122595.875,69277.0859375,-10391.2373046875,139018.546875,83677.6015625,-195855.640625,73612.7421875
186516.2390345,-90852.015625,-122984.390625,69494.4765625,-10472.6416015625,138680.859375,83479.875,-197235.90625,73347.5625
186516.8703014,-90885.234375,-123338.0859375,69573.9140625,-10321.9912109375,138503.125,83389.125,-198273.734375,73270.5390625
186517.3699459,-90802.9375,-123400.0,69706.0625,-10174.9609375,138574.640625,83584.2109375,-198957.84375,73205.0
186517.8552381,-90502.796875,-122850.328125,69639.6328125,-10223.1513671875,139094.8125,83952.9296875,-199458.390625,73154.171875
186518.5937445,-91146.6171875,-123101.921875,69857.6484375,-10142.953125,139495.09375,84286.6875,-200145.125,73114.1640625
186518.9722959,-91286.1328125,-122947.3359375,69924.078125,-10242.240234375,139724.109375,84497.8671875,-200327.234375,73025.34375
186519.6531123,-91370.4453125,-123079.078125,70007.5859375,-10336.7880859375,140054.015625,84853.078125,-200501.0,73010.5859375
186520.1899074,-91706.5234375,-124375.390625,70031.3671875,-10420.2939453125,139408.71875,84296.5234375,-200876.0625,72883.40625
186520.720009,-90848.3046875,-123259.5,70127.8828125,-9939.5078125,140280.578125,85215.9375,-199780.65625,72958.421875
186521.1961071,-91576.2578125,-123667.015625,70289.3515625,-9993.7333984375,139861.578125,85374.453125,-199593.171875,72792.96875
186521.8867506,-91642.6015625,-124317.453125,70252.0703125,-10485.740234375,140011.421875,85532.171875,-200051.734375,72743.21875
186522.3535577,-91561.1953125,-124491.078125,70298.296875,-10467.1884765625,140117.71875,85602.0390625,-200078.328125,72667.4453125
186522.9525123,-91246.5703125,-124289.78125,70358.6015625,-10347.6953125,140408.5625,85850.4140625,-199780.515625,72607.2734375
186523.4692935,-91007.765625,-124113.2890625,70423.59375,-10251.359375,140549.953125,85960.7890625,-199482.125,72608.2109375
186523.9857198,-90888.40625,-124196.3046875,70501.2890625,-10166.6015625,140675.75,85975.4453125,-199360.96875,72538.296875
186524.5025136,-90824.2578125,-124088.125,70552.96875,-10093.9580078125,140699.671875,85983.2734375,-199089.84375,72476.3828125
186525.1201779,-90844.8203125,-124120.625,70629.2734375,-10073.9755859375,140740.625,85992.65625,-198837.71875,72414.8671875
186525.5883126,-91204.328125,-125321.40625,70805.2265625,-10096.775390625,140586.703125,85737.8046875,-199174.34375,72339.453125
186526.1865445,-90744.4140625,-125005.2578125,70877.5625,-9962.8427734375,140378.390625,85727.8359375,-198394.484375,72296.9375
186526.7026551,-90341.1875,-124722.78125,70943.3671875,-9926.8115234375,140329.03125,85819.4296875,-197929.484375,72278.609375
186527.2686599,-90280.3515625,-124001.4453125,71226.5625,-9976.5224609375,140484.328125,85022.59375,-197836.28125,72384.515625
186527.969485,-90344.40625,-123997.015625,71382.3515625,-9904.9072265625,140127.640625,85125.28125,-197128.484375,72296.8046875
186528.5352735,-88416.484375,-124246.90625,71437.609375,-9767.66796875,139987.1875,85173.15625,-197336.21875,72186.5703125
186529.1854998,-88477.1875,-124059.0234375,71607.8828125,-9588.6748046875,140207.703125,85545.4921875,-197285.921875,72193.046875
186529.6519202,-88554.796875,-124014.1875,71708.8203125,-9450.5859375,140156.078125,85572.671875,-197279.265625,72134.265625
186530.2131123,-88628.375,-123943.328125,71699.296875,-9722.115234375,139918.4375,85742.71875,-197012.125,72027.78125
186530.8015777,-89045.3671875,-125502.6328125,72069.4453125,-9168.2392578125,138847.421875,85731.859375,-197737.296875,72071.1015625
186531.252508,-89249.625,-124537.2578125,71931.4453125,-9874.642578125,139550.390625,87008.7734375,-196987.71875,72031.578125
186532.0018201,-88841.96875,-124491.5703125,72105.1640625,-9331.71875,139888.078125,87171.21875,-196442.640625,71899.9296875
186532.6189656,-88750.1015625,-127492.0234375,72142.8515625,-10358.7822265625,140023.171875,86810.640625,-196541.484375,72048.390625
186533.0823171,-88192.921875,-126736.3125,72247.6328125,-10000.751953125,139776.546875,86177.953125,-195708.078125,71776.3671875
186533.7527746,-89525.1328125,-127866.28125,72391.0390625,-10922.849609375,140595.828125,86261.4140625,-196479.96875,71734.796875
186534.1850001,-90856.1796875,-127826.5,72455.640625,-10934.0712890625,140432.21875,86068.4765625,-196516.984375,71663.8515625
186534.7177642,-91082.328125,-128029.0078125,72473.5625,-10981.1435546875,139896.703125,86085.640625,-196509.96875,71568.453125
186535.3559484,-91371.7890625,-128411.53125,72538.7421875,-11197.4638671875,139694.328125,86002.984375,-196544.796875,71447.171875
186535.8229875,-90758.40625,-127555.6875,72675.4453125,-10718.64453125,139850.3125,86259.40625,-195810.625,71386.015625
186536.4046397,-91304.4609375,-128438.3515625,72517.5546875,-11352.49609375,139773.546875,86850.609375,-196373.0,71362.9921875
186536.9498514,-91178.265625,-128279.1171875,72546.0703125,-11299.923828125,139687.265625,87087.359375,-196157.171875,71279.578125
186537.5183809,-91054.9296875,-128145.859375,72596.0546875,-11152.3134765625,139563.9375,86974.703125,-195943.84375,71214.1328125
186538.0024676,-90949.3828125,-128078.671875,72619.5234375,-11123.79296875,139438.59375,87062.3671875,-195762.390625,71151.4609375
186538.551024,-91566.2890625,-128745.0625,72753.2265625,-11524.783203125,138250.640625,85866.953125,-195636.953125,70968.6171875
186539.0031766,-91200.390625,-128603.625,72759.578125,-11279.7177734375,137861.9375,86216.9375,-195433.234375,70940.0546875
186540.3379082,-91099.71875,-128437.4140625,72843.171875,-11321.203125,137292.5,86212.15625,-195240.921875,70911.4921875
186540.8005196,-90852.2890625,-128069.4609375,72842.0546875,-11390.671875,137716.828125,87294.46875,-194631.609375,70904.921875
186541.3011288,-91674.15625,-128657.0859375,73080.1875,-11584.328125,138143.609375,86803.71875,-195078.828125,70677.0234375
186542.5002279,-90504.8984375,-127285.984375,73053.7734375,-11774.18359375,140966.15625,86086.40625,-193925.03125,70958.921875
186543.0008605,-91008.703125,-126882.3125,73216.0,-11769.087890625,138570.125,85326.3125,-194064.15625,70551.2734375
186543.6339307,-90886.9765625,-127105.96875,73401.34375,-11703.5517578125,137417.90625,85484.421875,-194262.140625,70420.8671875
186544.2678931,-91362.4453125,-127892.6171875,73278.359375,-11629.6572265625,137367.078125,86230.03125,-194821.375,70339.328125
186544.8004572,-91198.734375,-128410.546875,73275.1015625,-11828.6328125,136898.09375,86843.9453125,-195342.796875,70342.8203125
186545.3167136,-91555.3359375,-128887.8046875,73334.109375,-11869.8037109375,137033.625,87403.0546875,-195773.078125,70309.421875
186545.8166112,-91677.8671875,-129070.953125,73357.9765625,-11953.7578125,136832.546875,87555.359375,-196027.890625,70259.7109375
186546.3504932,-91172.8125,-127658.8125,73521.015625,-11672.7958984375,137076.859375,87568.90625,-195507.984375,70259.21875
186546.9170227,-91913.3671875,-127813.3515625,73497.8125,-12245.7607421875,136200.3125,87701.6328125,-196034.859375,70125.109375
186547.4056812,-91864.640625,-128012.6015625,73488.6015625,-12299.8974609375,135523.453125,87432.3828125,-196105.359375,70067.21875
186547.8997559,-91694.7265625,-128078.9375,73526.6015625,-12224.03515625,135483.484375,87301.7109375,-195894.84375,70016.3046875
186548.5167294,-90772.53125,-128137.0546875,73530.4921875,-12211.16015625,135420.765625,87343.375,-195980.859375,70026.2734375
186549.0162022,-90537.6640625,-128249.6171875,73568.484375,-12112.5888671875,135295.203125,87322.3203125,-195759.125,69959.171875
186549.4996124,-90365.2421875,-127968.5625,73644.84375,-11984.0673828125,135104.21875,87421.6484375,-195348.25,69904.3203125
186550.1322761,-91501.15625,-128777.921875,73737.6875,-10558.0703125,142977.8125,87225.4453125,-196139.15625,70522.8828125
186550.6156905,-95597.1171875,-132739.5,72477.9453125,-11680.7978515625,98067.65625,90093.9375,-204632.984375,57945.15234375
186551.2509859,-93788.0546875,-126411.09375,71460.2265625,-13474.7041015625,72986.984375,82682.140625,-216762.21875,54290.5546875
186552.1577962,-92702.921875,-125558.8203125,71219.8125,-14222.6826171875,72611.4765625,81853.875,-219980.453125,54938.80078125
186552.7346174,-91980.0625,-125471.0703125,70824.6796875,-14765.517578125,74540.8359375,81935.3671875,-222090.828125,55734.5234375
186553.7556221,-91177.015625,-125512.9140625,70698.65625,-15082.8681640625,75348.046875,81685.078125,-223639.4375,57304.0625
186554.2520995,-90401.40625,-125526.1875,70497.4453125,-15483.0087890625,75850.8203125,81759.8203125,-224108.328125,59028.765625
186554.7460166,-89972.8828125,-126811.0546875,70545.0078125,-16802.96875,79095.09375,81361.1953125,-224713.4375,62345.8984375
186554.9704046,-90356.390625,-127109.2734375,70707.015625,-16816.06640625,80387.9140625,80963.875,-224205.15625,63399.24609375
186555.69041,-89749.71875,-126608.8203125,70677.9140625,-16505.6015625,82362.421875,80761.7734375,-223062.71875,64878.62109375
186556.2147553,-89865.9921875,-127255.9921875,70745.0625,-16470.150390625,83650.5078125,80924.4921875,-222830.125,65752.078125
186556.8316148,-89946.90625,-127574.28125,70874.7890625,-16514.095703125,85493.2734375,81076.6640625,-222170.21875,66785.625
186557.1483081,-90495.734375,-128262.0859375,70882.4765625,-17221.080078125,86401.5625,81112.2890625,-222252.15625,67312.9921875
186558.4315182,-91155.953125,-127439.1875,71474.4375,-16922.99609375,90297.4296875,80290.59375,-220775.640625,69244.09375
186558.9684526,-91958.609375,-131504.25,70630.7109375,-16765.953125,99282.875,80357.515625,-225792.359375,66998.3671875
186559.5145429,-91455.46875,-128072.1875,70021.7578125,-16673.685546875,96314.0234375,79723.9375,-222471.203125,66655.4921875
186560.0377774,-91077.546875,-126593.125,69940.3515625,-16236.75390625,94754.0546875,78343.625,-220154.890625,68566.1640625
186560.6316069,-90993.6796875,-126106.0859375,69807.984375,-16593.0859375,93949.4296875,77434.53125,-219000.734375,70097.7109375
186561.1477697,-90843.4765625,-125735.8515625,69856.21875,-16425.626953125,93693.953125,77167.0703125,-218021.78125,71333.265625
186561.6315232,-91219.03125,-125847.7890625,69735.7890625,-16705.068359375,94005.2265625,76773.859375,-217296.15625,72607.8515625
186562.2306936,-90519.734375,-125202.3125,69863.5078125,-16159.5068359375,94780.6015625,76701.3984375,-216450.671875,73563.5703125
186562.9474082,-90333.546875,-125014.828125,69785.9921875,-16159.595703125,95400.640625,76259.953125,-215557.40625,74811.5546875
186563.6637532,-90327.0625,-124789.65625,69828.59375,-15967.5947265625,97476.4921875,78323.90625,-214908.40625,75904.5546875
186564.1305338,-90111.28125,-124943.6171875,69833.375,-15951.904296875,97402.6875,77981.3046875,-214438.21875,76491.9609375
186564.8313208,-89847.7578125,-124903.109375,69824.3046875,-15991.599609375,97865.234375,77851.6640625,-213558.9375,76956.96875
186565.2306015,-89704.2109375,-125778.8984375,69796.09375,-16197.4599609375,97719.3203125,77737.046875,-213087.578125,77161.171875
186565.7470549,-89443.2734375,-126287.046875,69711.421875,-16308.5478515625,97539.703125,77516.4765625,-212304.921875,77183.65625
186566.2657016,-89551.90625,-127239.71875,69773.609375,-16500.548828125,98358.5390625,77676.9140625,-212063.25,77004.1328125
186566.8633683,-89483.640625,-127326.578125,69795.203125,-16338.185546875,99191.6796875,77770.796875,-211483.984375,76875.4296875
186567.3301996,-89521.5546875,-127352.953125,69888.71875,-16291.7841796875,99818.1484375,77818.71875,-210978.25,76773.9921875
186567.963264,-89711.5,-127212.5390625,70013.9765625,-16332.2861328125,100611.234375,77722.6484375,-210467.375,76922.7265625
186568.5799401,-89780.4296875,-127452.8671875,70082.375,-16365.052734375,101287.2890625,78083.984375,-209989.859375,77090.765625
186569.0300029,-90026.7890625,-127271.8125,70233.6484375,-16351.7763671875,101904.375,78371.7890625,-208765.703125,77068.5
186569.663374,-90202.34375,-127801.015625,69999.2734375,-17122.28515625,102564.1953125,78502.7265625,-209578.8125,77305.65625
186570.1797218,-90401.5859375,-128335.0859375,70179.0703125,-16970.294921875,102959.6015625,78421.09375,-209354.53125,77371.3203125
186570.6477823,-90037.7421875,-127669.8125,70243.578125,-16528.712890625,103677.359375,78816.1875,-208486.171875,77404.71875
186571.2942107,-90539.765625,-128233.2578125,70331.1484375,-17138.69140625,104071.5078125,79000.71875,-208398.953125,77524.2578125
186571.7295735,-90583.796875,-128375.59375,70362.171875,-17182.76953125,104510.71875,79140.0625,-208194.15625,77610.171875
186572.362929,-90572.6171875,-128752.3984375,70354.171875,-17404.140625,104913.3671875,79275.0625,-207880.921875,77655.8125
186572.8626131,-90627.5625,-129171.1328125,70251.484375,-17706.873046875,105303.359375,79438.90625,-207622.671875,77631.3671875
186573.346109,-90617.4140625,-129237.515625,70302.1796875,-17671.333984375,105540.515625,79294.734375,-207343.3125,77601.28125
186573.983911,-91907.5546875,-129239.0390625,70337.453125,-18287.794921875,105859.3828125,79675.03125,-206555.875,77644.7734375
186574.5464839,-91423.8671875,-129359.46875,70197.21875,-18921.779296875,106132.921875,79583.96875,-205895.6875,77618.984375
186575.0636583,-91371.6953125,-127794.53125,70122.515625,-19321.4296875,106130.6875,79455.625,-205154.0625,77702.9765625
186575.6788095,-91379.203125,-126724.109375,70125.0234375,-19037.203125,106497.34375,79766.4453125,-205544.3125,77633.9140625
186576.1955283,-91421.6328125,-125996.828125,70168.34375,-19089.8203125,106970.3984375,79940.4765625,-205391.296875,77495.8671875
186576.645705,-91328.515625,-125355.6015625,70212.28125,-18854.947265625,107468.3515625,80012.359375,-204992.671875,77510.3984375
186577.2787809,-91342.3671875,-124995.5625,70205.53125,-18821.599609375,107930.09375,80245.3984375,-204683.734375,77338.375
186577.8277802,-91330.2109375,-124951.4375,70291.453125,-18931.123046875,108371.984375,80336.6875,-204335.046875,77217.9921875
186578.4121455,-91248.984375,-130610.09375,70369.859375,-19396.75390625,108515.9765625,79824.296875,-206682.421875,77193.671875
186578.9452873,-91118.6328125,-128643.8984375,70679.03125,-18741.759765625,108902.3515625,79755.2265625,-205823.21875,77050.796875
186579.4953008,-92838.953125,-123129.28125,70823.78125,-18689.322265625,109861.6875,79581.0625,-205952.28125,77046.1953125
186580.0619511,-92842.6171875,-118145.78125,70773.8046875,-18360.52734375,111623.765625,80526.765625,-204489.453125,77140.6953125
186580.5450149,-93057.1953125,-116965.3828125,70630.2578125,-18006.96875,115086.8046875,79898.0078125,-203759.578125,77285.1328125
186581.0820523,-92685.4453125,-115779.0859375,70550.78125,-17584.072265625,114270.2578125,80614.15625,-202545.609375,77352.59375
186581.678129,-92806.40625,-118111.265625,70456.9453125,-17802.58203125,112906.7109375,80839.8203125,-205840.25,77348.03125
186582.194903,-92487.3125,-113981.734375,70511.390625,-17576.740234375,111808.609375,80529.0859375,-200288.171875,77279.4140625
186582.7614903,-92597.6875,-115441.890625,70593.3359375,-17695.474609375,110333.6171875,80196.140625,-199640.640625,77271.0546875
186583.2779527,-92551.6875,-116644.765625,70750.421875,-17831.818359375,110202.1015625,79891.3515625,-200647.0,77307.578125
186583.8946843,-92998.234375,-116305.3828125,70933.84375,-17955.15625,111088.484375,79154.859375,-201552.65625,77260.0546875
186584.3615714,-92906.1015625,-116074.171875,70856.90625,-17858.41796875,111218.484375,79520.53125,-202310.203125,77324.609375
186584.9779106,-92864.3046875,-115534.15625,70871.078125,-17761.546875,111423.8046875,79571.40625,-201814.484375,77444.9921875
186585.5109068,-93036.0546875,-115526.5078125,70815.6015625,-17878.04296875,111591.0390625,79825.8125,-202112.921875,77424.5625
186585.961013,-93164.84375,-115514.3515625,70838.21875,-18067.31640625,111756.3984375,79700.1953125,-201866.875,77426.0859375
186586.5779328,-92890.765625,-115640.1953125,70708.0,-18033.029296875,112328.15625,80488.5390625,-202355.3125,77394.125
186587.094249,-92757.546875,-115496.5625,70614.3046875,-17950.328125,112302.1796875,80876.03125,-202275.203125,77409.5
186587.7108603,-92399.0703125,-115859.5546875,70568.5234375,-17977.373046875,112212.953125,81485.921875,-202019.53125,77374.71875
186588.2110167,-92163.796875,-115965.140625,70634.0625,-17929.451171875,112132.9765625,81229.1875,-201944.703125,77412.140625
186588.8105178,-92139.96875,-116682.8984375,70696.5078125,-17964.90234375,112155.375,81423.6015625,-201742.640625,77352.1484375
186589.2613179,-92560.765625,-117737.1015625,70856.328125,-17748.939453125,112328.6484375,81573.453125,-201452.34375,77227.2421875
186589.7945944,-91843.6796875,-116731.671875,71008.2734375,-17187.91015625,112756.1484375,81503.1328125,-200525.09375,77245.125
186590.4103075,-91738.1328125,-118182.5703125,70873.9375,-17885.240234375,112485.5546875,81179.5234375,-200751.296875,77178.5625
186590.877453,-91968.890625,-117437.671875,70693.1171875,-18014.8359375,111998.421875,80076.5546875,-200652.59375,77111.1484375
186591.4935044,-91806.796875,-118684.0546875,70667.5,-19962.65625,112218.09375,82357.375,-199516.5,76984.640625
186591.9945834,-91559.453125,-120274.0234375,70600.171875,-19976.15625,112076.7890625,82103.0078125,-199883.46875,76835.5078125
186592.593446,-91539.0234375,-120911.8046875,70475.1875,-20059.39453125,112364.09375,81962.234375,-199943.375,76675.78125
186593.0934658,-91503.84375,-121187.359375,70429.9453125,-20015.09375,112502.0078125,81885.75,-199787.453125,76567.8203125
186593.5769487,-91401.0234375,-121305.1953125,70469.1953125,-19979.955078125,112936.125,82037.25,-199564.640625,76471.1328125
186594.1765833,-91299.0078125,-121262.7265625,70473.6171875,-19922.37890625,113546.7734375,82215.21875,-199222.390625,76240.640625
186594.7103782,-91835.3125,-121665.1953125,70451.0859375,-19916.880859375,113959.1640625,82514.6796875,-199288.90625,76050.109375
186595.1765207,-91486.2265625,-123509.796875,70665.3984375,-20225.78125,114140.03125,81599.5546875,-198374.5,76220.5625
186595.7763417,-91393.6484375,-124518.84375,70740.234375,-20186.7109375,114322.15625,81817.578125,-198153.0,76031.203125
186596.3101996,-91679.5703125,-125051.484375,70800.046875,-20283.1796875,114495.46875,82050.8828125,-198338.34375,75842.0625
186596.8929571,-91313.8046875,-124217.6328125,70871.2109375,-19897.03125,114704.1015625,82140.6015625,-197601.890625,75652.6953125
186597.4446838,-91381.7109375,-123713.640625,70965.625,-19763.591796875,115288.9140625,82478.96875,-197333.53125,75615.7265625
186598.0225802,-92246.8125,-120697.765625,71146.71875,-20055.728515625,116953.4453125,81875.15625,-197000.765625,75508.125
186598.5517577,-92611.0546875,-119766.234375,71015.6484375,-19935.833984375,122526.8125,82051.8203125,-197245.875,76227.40625
186599.0934984,-93341.6015625,-119719.875,70908.9453125,-19391.61328125,118502.5546875,81437.375,-197587.640625,88235.7890625
186599.6947787,-93678.4375,-119902.0859375,70416.9765625,-19274.53515625,113510.609375,80568.7421875,-198881.484375,79172.0703125
186600.2593584,-93643.21875,-119589.1640625,70164.6328125,-19249.6796875,112829.1015625,80820.5546875,-199103.96875,77400.203125
186600.7257129,-93695.1171875,-119491.7109375,69970.078125,-19254.015625,112184.34375,80731.953125,-198843.71875,77004.3984375
186601.309359,-93397.125,-119094.03125,69679.7734375,-19250.662109375,110151.09375,79087.7578125,-199501.796875,76462.5
186601.8093167,-93275.8828125,-118925.671875,69619.828125,-19266.578125,110485.703125,79341.40625,-199265.75,76782.21875
186602.3427145,-93127.9609375,-118744.1328125,69621.6640625,-19258.755859375,110009.65625,79489.1953125,-199247.875,76935.640625
186603.0088838,-92464.25,-119734.671875,69788.2265625,-19763.3671875,107923.296875,78677.15625,-199358.15625,76178.453125
186603.5597746,-92308.546875,-120653.46875,69865.875,-19816.654296875,108281.59375,78515.5078125,-199251.40625,75442.8125
186603.9924686,-92043.3203125,-121618.2578125,69951.484375,-19896.091796875,109085.3203125,78397.1328125,-198999.234375,75069.8125
186604.4842653,-91937.5546875,-122422.7421875,70042.40625,-19913.615234375,109265.515625,78704.6484375,-198823.90625,74679.4140625
186605.1272784,-91759.546875,-122875.6328125,70131.015625,-19886.615234375,110120.96875,79165.0078125,-198419.703125,74313.921875
186605.6084315,-92414.8515625,-123443.234375,70205.21875,-20047.59375,111297.9609375,78143.3046875,-197721.828125,73811.09375
186606.2217085,-92736.1796875,-122675.40625,70485.78125,-20172.314453125,109100.203125,76706.1328125,-197928.71875,72926.140625
186606.7085194,-91936.6171875,-121710.34375,70440.2265625,-20069.720703125,109212.453125,77303.328125,-197428.71875,72808.171875
186607.2250849,-91902.8203125,-121444.5859375,70489.890625,-20028.728515625,109986.2734375,77982.640625,-197170.640625,72753.5390625
186607.7423813,-92364.0703125,-120782.9296875,70737.8203125,-20001.146484375,111018.1640625,78238.5234375,-196441.296875,74378.9609375
186608.3267478,-92882.140625,-120385.1953125,70351.625,-20053.001953125,114477.9453125,80382.859375,-197612.890625,78419.125
186608.9288126,-93176.328125,-119551.5234375,70202.8046875,-19785.228515625,117304.8125,79622.453125,-196883.515625,77969.140625
186609.4047831,-93034.0390625,-119294.390625,69847.7734375,-19805.65625,116608.734375,78614.8828125,-197699.03125,77746.1640625
186610.0421551,-92763.8515625,-118661.609375,69639.8125,-19745.486328125,115678.3203125,77619.296875,-198420.734375,77701.4609375
186610.7411539,-92387.4921875,-118103.265625,69641.015625,-19571.947265625,116598.9453125,77011.7265625,-199182.921875,77762.390625
186611.1831744,-92359.015625,-118110.4609375,69714.8203125,-19478.0703125,117885.0234375,77088.3515625,-199765.8125,78156.40625
186611.8253202,-92180.78125,-117881.8515625,69773.0703125,-19348.921875,119135.5546875,77090.453125,-200152.546875,78531.0234375
186612.383314,-92137.8671875,-118037.1953125,69728.59375,-19610.5703125,119974.953125,77818.40625,-200136.359375,78974.6171875
186612.9629208,-92010.109375,-118912.265625,69819.7890625,-19724.029296875,120053.3203125,78329.546875,-199662.953125,79211.453125
186613.4081175,-92635.109375,-119794.578125,70117.734375,-19528.853515625,120555.96875,77989.6640625,-199685.96875,79260.8046875
186614.1079328,-92041.9765625,-119270.0703125,70174.0625,-19316.958984375,121053.921875,78426.0546875,-198444.6875,79251.1953125
186614.6076964,-92125.796875,-119805.890625,70296.7734375,-19344.763671875,120480.1953125,78445.1484375,-198072.078125,79078.0546875
186615.2074508,-92344.4921875,-120300.484375,70328.734375,-19462.111328125,120511.21875,78817.2578125,-197641.1875,78780.6875
186615.7249618,-92424.5078125,-120640.9453125,70353.6328125,-19555.361328125,120468.5703125,79000.9921875,-197326.828125,78778.5859375
186616.3254093,-92682.5390625,-119910.359375,70519.796875,-19579.771484375,122527.125,79536.3125,-196465.484375,78806.5703125
186616.8070309,-92689.8671875,-119015.7109375,70555.0703125,-19574.5390625,123495.890625,80009.453125,-195499.796875,78780.9140625
186617.3403946,-92854.9609375,-118814.2734375,70672.546875,-19522.638671875,124564.6640625,79757.953125,-195021.296875,79092.1875
186618.0399045,-93229.6640625,-119299.796875,70606.4375,-19879.328125,126593.21875,79193.03125,-196139.28125,77199.703125
186618.4735967,-93041.8203125,-118868.6796875,70344.4296875,-19904.765625,125672.4140625,79650.21875,-196286.984375,80108.7890625
186619.0408566,-92955.0078125,-118949.7265625,70220.28125,-19910.845703125,126196.828125,80665.65625,-196750.296875,80336.7734375
186619.6241097,-92783.7890625,-118577.1640625,70114.15625,-19805.12109375,122727.21875,78359.1328125,-198137.703125,80560.3828125
186620.1569013,-92884.1953125,-118719.90625,69945.8984375,-19818.173828125,122483.1796875,79043.3671875,-198367.265625,81629.6875
186620.6400602,-92626.5234375,-118371.7109375,69887.734375,-19740.970703125,122584.703125,79379.40625,-197829.796875,81339.4765625
186621.2234491,-92822.1015625,-118459.953125,69692.515625,-19747.05078125,123770.59375,80266.9453125,-197531.4375,80912.2890625
186621.7566136,-92977.046875,-118350.4765625,69911.3359375,-19539.1796875,125118.71875,79115.6953125,-198254.34375,80828.515625
186622.3230773,-93148.703125,-118417.578125,69723.046875,-20606.251953125,124194.4296875,79234.7421875,-198677.546875,80529.7109375
186622.8730665,-92593.21875,-118319.140625,69577.2265625,-21021.189453125,124599.578125,79278.2421875,-198171.5,80270.96875
186623.4796739,-92657.59375,-118316.6796875,69761.4921875,-21298.93359375,127690.6875,80667.3125,-197350.34375,80161.046875
186624.0564729,-92296.03125,-117840.8125,69693.765625,-21273.138671875,125723.015625,79109.171875,-197750.796875,79643.1953125
186624.7088186,-92248.5546875,-117644.96875,69693.7265625,-20984.890625,125608.1328125,79269.1640625,-198088.84375,79710.921875
186625.1568645,-92231.75,-117577.1953125,69708.3828125,-20832.98828125,126043.765625,79885.5390625,-198276.109375,79635.2421875
186625.6564555,-92348.109375,-117552.5625,69938.5625,-20717.4296875,125378.21875,78563.8359375,-198728.734375,79824.515625
186626.3525355,-92311.6328125,-117569.015625,69500.421875,-20916.046875,125646.3984375,79761.9765625,-197534.34375,79907.484375
186626.9735099,-92425.890625,-117498.515625,69539.5390625,-20559.40234375,126379.671875,79903.7734375,-196703.75,80065.46875
186627.5565952,-92346.4140625,-117486.359375,69417.40625,-20470.666015625,129484.1015625,80504.6328125,-195887.6875,79736.984375
186628.1560741,-92373.8125,-117263.2421875,69409.140625,-20531.5078125,127086.5625,79692.28125,-196386.890625,79181.6328125
186628.6227318,-92520.484375,-117236.7734375,69428.8984375,-20540.314453125,125505.046875,78449.6640625,-196867.90625,79430.3203125
186629.2732217,-92631.53125,-117578.53125,69229.25,-20624.1328125,126003.265625,79642.796875,-196501.65625,79480.703125
186629.7557819,-92716.46875,-117749.34375,69307.2578125,-20591.142578125,126238.3125,79285.5234375,-196357.796875,79653.125
186630.2564789,-92835.515625,-117947.7890625,69220.4921875,-20640.5390625,126941.546875,79922.7265625,-195932.21875,79619.6875
186630.8438135,-92979.0078125,-118285.2109375,69269.265625,-20762.53515625,127473.609375,80544.0625,-195413.796875,79450.5234375
186631.430438,-92786.78125,-117923.734375,69357.734375,-20729.767578125,127724.9765625,80575.7578125,-194690.21875,79335.6875
186631.9555943,-92697.2890625,-117866.25,69356.34375,-20644.96484375,127806.828125,80681.484375,-194320.875,79242.7421875
186632.5303869,-92600.6875,-117955.921875,69356.6171875,-20650.10546875,128926.5625,81748.375,-193702.1875,79196.4296875
186633.0555847,-92509.265625,-117793.9609375,69514.4140625,-20488.14453125,128930.984375,81414.0859375,-193446.890625,78916.140625
186633.639036,-92428.171875,-117548.09375,69533.4609375,-20525.16015625,128122.03125,80736.15625,-193817.75,78745.328125
186634.155498,-92336.7578125,-117330.5234375,69598.4609375,-20468.029296875,127947.0625,80891.3671875,-194159.546875,78732.6328125
186634.7382838,-92206.0859375,-117225.6015625,69634.3984375,-20504.41796875,127835.84375,80787.65625,-194580.875,78714.3046875
186635.288858,-92253.6484375,-117202.265625,69700.15625,-20481.037109375,127793.5546875,80544.2421875,-194909.484375,78635.1796875
186635.7623056,-92472.609375,-117449.4296875,69894.7578125,-20432.087890625,127522.78125,80105.1640625,-195443.078125,78732.9453125
186636.3545653,-92371.8046875,-117235.2109375,69845.0,-20447.77734375,127041.6796875,79227.453125,-195534.046875,79149.5859375
186637.0096211,-92384.3203125,-117386.671875,69964.578125,-20376.654296875,127102.078125,79394.9609375,-195519.515625,79588.078125
186637.573818,-92449.8984375,-117032.3515625,69753.890625,-20519.52734375,126778.734375,79874.046875,-195162.609375,79563.7578125
186638.1647737,-92520.171875,-117548.71875,69633.328125,-20412.685546875,128665.046875,82183.25,-194198.796875,79241.1796875
186638.6719791,-92503.140625,-117776.6640625,69965.1640625,-20257.51953125,130499.765625,81177.0625,-194042.15625,79508.4609375
186639.2568675,-93102.390625,-118311.1796875,69932.53125,-20052.732421875,130671.3828125,82408.6484375,-194425.21875,80187.4609375
186639.7880906,-92544.1328125,-117982.1171875,69964.4921875,-20080.181640625,129556.078125,81075.8984375,-195231.359375,79641.7265625
186640.3705452,-92625.8984375,-117781.9375,70026.8515625,-19965.248046875,128772.203125,80810.9921875,-196181.578125,79560.546875
186641.1710981,-92741.4140625,-117772.5078125,70159.3515625,-19828.322265625,128903.671875,81654.09375,-196561.859375,79350.390625
186641.6538183,-92906.765625,-117710.140625,70048.4921875,-19860.1953125,128350.8671875,81507.734375,-196705.046875,79337.3828125
186642.2311069,-92815.6640625,-117745.234375,69849.2421875,-20267.04296875,128063.6015625,81536.390625,-196573.71875,79277.2578125
186642.8102171,-92773.2421875,-117429.0,69858.6328125,-19862.296875,128445.59375,81937.78125,-195711.609375,79385.9765625
186643.3881921,-93094.96875,-117913.71875,70074.328125,-19790.681640625,129097.1953125,82970.65625,-195486.390625,79095.8984375
186644.1047302,-93184.78125,-118081.2265625,70012.59375,-19850.44921875,129173.4140625,83274.375,-195520.8125,78543.9375
186644.5886773,-93099.484375,-118000.7578125,70031.7265625,-19881.1171875,128808.6796875,83243.484375,-195841.5625,78301.78125
186645.3306302,-92822.3203125,-117386.984375,70124.3515625,-19548.478515625,128382.96875,82897.7890625,-195766.859375,78388.90625
186645.7699397,-92988.890625,-117770.40625,70215.90625,-19930.380859375,128203.6171875,82874.8125,-196270.3125,78518.546875
186646.2532887,-93338.78125,-118248.015625,70214.921875,-20028.056640625,128126.3203125,82801.0546875,-196553.546875,78503.3984375
186646.8701104,-92925.6796875,-118152.5703125,70308.84375,-20108.61328125,128456.546875,82690.59375,-196149.96875,78748.5078125
186647.4048511,-92958.8515625,-118789.0625,70422.4375,-20115.095703125,128650.609375,82862.1640625,-195810.359375,78955.796875
186647.8773041,-93158.40625,-119409.0078125,70449.125,-19990.640625,128231.5078125,82008.4609375,-195220.1875,79267.109375
186648.505613,-92733.6796875,-119907.9453125,70377.59375,-20199.71875,127967.578125,82648.6171875,-194625.171875,79428.0859375
186649.0700092,-92915.890625,-120846.0,70316.53125,-20817.564453125,126723.4375,83095.5625,-193137.53125,79464.921875
186649.6378893,-93156.9765625,-124073.1484375,70331.7734375,-21450.923828125,126994.5234375,82908.390625,-192234.125,79443.2421875
186650.0885439,-93399.7578125,-124498.8125,70432.625,-21476.763671875,127630.828125,82545.9296875,-192518.65625,79626.390625
186650.6693354,-93157.46875,-123765.2265625,70277.640625,-21449.13671875,128769.0703125,82979.5078125,-191889.09375,79582.1796875
186651.3030544,-93079.546875,-122986.3125,70350.7734375,-21293.701171875,128705.9921875,83004.0078125,-191191.71875,79657.9921875
186651.7700938,-93104.625,-122840.5390625,70275.046875,-21317.349609375,129843.921875,83008.2109375,-190594.75,79508.0625
186652.4051209,-93051.6953125,-122755.515625,70269.7734375,-21232.861328125,129476.4609375,82254.8203125,-190228.28125,79547.1328125
186652.9698924,-93023.53125,-123051.4453125,70261.6796875,-21109.837890625,130111.6953125,82965.6953125,-189715.21875,79581.0625
186653.4912717,-93103.953125,-123060.3046875,70412.8203125,-21045.732421875,131148.90625,83623.6875,-189354.453125,79519.859375
186654.0856306,-93121.96875,-122555.1484375,70406.1171875,-20995.798828125,131391.78125,83311.34375,-188901.515625,79445.4765625
186654.588061,-93676.1171875,-123026.8203125,70595.2109375,-20800.220703125,131624.859375,83598.65625,-189113.5,79396.5234375
186655.2302937,-93097.515625,-122343.34375,70405.9375,-20951.85546875,131578.859375,83894.0078125,-188469.640625,79263.3984375
186655.8006723,-93023.9375,-122101.2734375,70537.7265625,-20603.8828125,131720.703125,84165.09375,-188141.609375,79161.875
186656.3857464,-93002.2109375,-121984.2890625,70605.671875,-20510.005859375,131563.53125,84108.5390625,-188050.09375,79032.953125
186656.9033261,-93076.421875,-122888.546875,70609.296875,-20449.298828125,131664.65625,84263.796875,-188051.65625,78771.8359375
186657.3884128,-93240.2578125,-123842.8359375,70675.234375,-20648.720703125,132345.9375,83219.8828125,-188112.640625,79166.65625
186657.9363687,-93368.9140625,-127171.28125,70880.328125,-20737.232421875,129808.6953125,81788.5625,-188334.5,76892.9921875
186658.6276583,-93440.84375,-127370.03125,70879.5703125,-20665.126953125,129321.78125,82704.765625,-188225.828125,75982.1640625
186659.1690272,-93482.8203125,-127347.09375,70857.578125,-20636.650390625,128388.421875,83105.125,-188323.46875,75497.9765625
186659.6181847,-93532.21875,-127085.8515625,70848.1484375,-20670.08984375,129290.625,83840.3203125,-188297.625,75010.9765625
186660.2147925,-93567.53125,-126859.0234375,70878.0078125,-20602.451171875,128315.375,84036.5234375,-188420.109375,74714.90625
186660.7444876,-93164.5703125,-126378.1015625,70845.734375,-20498.517578125,129193.796875,84735.8203125,-187977.671875,74404.84375
186661.3035174,-93554.296875,-127058.71875,70917.2578125,-20689.4453125,128523.9140625,85019.1484375,-188473.984375,74213.2890625
186661.9184412,-93530.0703125,-127038.2421875,70965.578125,-20712.869140625,128648.328125,85380.7578125,-188448.984375,74056.78125
186662.5681065,-93478.9296875,-127214.1953125,70954.0,-20732.048828125,128775.953125,85491.7109375,-188522.53125,73799.421875
186663.1849365,-93895.5625,-126986.0703125,71064.5546875,-20710.544921875,130350.9453125,86018.0078125,-188049.515625,73638.09375
186663.8298502,-93710.3125,-127887.203125,71075.2421875,-20401.0625,131329.6875,86377.6875,-187408.6875,73870.4609375
186664.3848606,-93424.078125,-127815.1875,70986.640625,-20587.96875,130116.390625,85082.359375,-187320.0,73303.484375
186665.1851546,-94553.375,-125911.8046875,71131.921875,-20695.703125,133478.40625,84907.9296875,-188015.359375,73024.359375
186665.6855261,-94242.2890625,-125146.03125,70970.3203125,-20763.83203125,132763.015625,85685.3203125,-188826.109375,72821.9375
186666.3508207,-94450.6484375,-124247.5390625,70660.75,-20873.4453125,132680.0,85896.90625,-191891.921875,72696.453125
186666.8010266,-95171.8984375,-124681.875,70382.46875,-20851.31640625,130535.6640625,85987.875,-194990.09375,72335.6953125
186667.3172705,-95493.3125,-124656.703125,70315.6796875,-20772.056640625,129550.578125,86124.7109375,-197975.25,72131.9375
186667.834356,-95078.015625,-124227.5078125,70252.921875,-21178.76953125,128089.9375,85705.6640625,-200946.96875,71429.203125
186668.3414839,-95349.8125,-124046.9921875,69996.8984375,-21060.88671875,128024.625,85373.9609375,-202979.046875,72204.359375
186668.9170958,-95305.2421875,-123547.4375,70133.46875,-20987.751953125,129223.3046875,86673.8515625,-203236.984375,70977.0234375
186669.4074726,-95432.15625,-123366.5625,69815.71875,-21096.73828125,128564.953125,85433.9140625,-204074.515625,70480.546875
186670.0010059,-95094.2421875,-123219.53125,69598.59375,-21016.98828125,127653.8046875,84606.8984375,-204490.609375,70970.6328125
186670.5675933,-94947.3515625,-123252.796875,69264.8828125,-20940.455078125,127449.0625,85092.1484375,-203800.171875,71902.5234375
186671.0606583,-94790.3515625,-123344.171875,69427.6015625,-20831.244140625,128479.2109375,85866.0625,-203058.453125,71466.6640625
186671.6318117,-94642.515625,-123991.296875,69579.5078125,-20865.935546875,126998.7265625,84456.0234375,-202890.140625,71802.03125
186672.1341155,-94544.6171875,-124398.8984375,69689.4765625,-20890.25390625,126192.765625,83967.8125,-202132.375,72261.890625
186672.8217737,-94300.4453125,-124444.3671875,69733.2421875,-20876.75390625,126533.0,83546.125,-200954.125,72832.265625
186673.1886066,-94122.796875,-124382.0078125,69809.1953125,-20748.498046875,126468.8046875,83414.34375,-199557.0,73088.328125
186673.737181,-93908.265625,-124551.03125,69951.0390625,-20840.677734375,126780.390625,83520.375,-198428.640625,73532.9453125
186674.3168585,-93872.3671875,-124383.4765625,70087.515625,-20642.595703125,127027.734375,83631.78125,-197374.0,73795.890625
186674.8172662,-93891.2265625,-124331.984375,70174.7734375,-20637.767578125,127144.546875,83515.4609375,-196426.234375,74011.3203125
186675.3738972,-93765.96875,-124401.40625,70173.96875,-20818.146484375,127105.7890625,83902.6796875,-195595.875,74263.1328125
186675.9182351,-93893.46875,-124254.78125,70332.578125,-20545.58984375,127511.515625,84448.46875,-194690.671875,74289.375
186676.4557498,-93676.96875,-124217.8046875,70252.0703125,-20780.685546875,127689.8828125,84001.390625,-193960.75,74258.265625
186677.0498259,-93794.8515625,-124964.9375,70405.3125,-20797.896484375,127799.0078125,83622.4765625,-193624.84375,74148.0234375
186677.5093769,-93819.9296875,-125154.796875,70503.5234375,-20662.220703125,128018.2734375,83259.7109375,-193141.78125,74223.390625
186678.1660696,-93901.734375,-125249.5625,70612.2421875,-20591.947265625,128817.53125,83910.7265625,-192563.0,74056.109375
186678.6504342,-94219.4453125,-124951.5703125,70474.9140625,-20747.603515625,127638.7890625,82748.6640625,-192161.4375,74099.4765625
186679.1676551,-93841.3828125,-127646.703125,69969.8984375,-20698.744140625,124252.1875,82552.59375,-190881.53125,73716.0546875
186679.7013709,-94279.609375,-129803.640625,69890.5078125,-21221.4609375,124246.8203125,84906.6328125,-191950.921875,75141.6015625
186680.2779098,-94391.59375,-125215.6328125,70154.65625,-21251.94921875,127031.265625,82866.0078125,-191469.734375,74132.328125
186680.8156885,79092.5,144565.5,107176.34375,32761.0859375,375000.0,375000.0,194569.296875,375000.0
186681.3574987,375000.0,375000.0,375000.0,375000.0,375000.0,375000.0,375000.0,375000.0
186681.9152655,375000.0,375000.0,375000.0,375000.0,375000.0,375000.0,375000.0,375000.0
186682.4486635,375000.0,375000.0,375000.0,375000.0,375000.0,375000.0,375000.0,375000.0
186683.0321081,375000.0,375000.0,375000.0,375000.0,375000.0,375000.0,375000.0,375000.0
186683.6650687,80708.703125,354238.53125,354150.46875,354336.25,354319.09375,354146.21875,44413.765625,354149.75
186684.1483419,-340177.875,-84331.7890625,252481.546875,252618.875,252612.703125,252489.15625,-350038.6875,252427.546875
186684.6662026,-334565.6875,-252094.59375,144951.15625,145033.1875,145039.84375,144956.65625,-349286.09375,144896.921875
186685.2321939,-329143.84375,-236129.6875,20882.876953125,20899.73046875,20902.859375,20887.615234375,-348969.15625,20817.296875
186685.7480632,-314041.53125,-212498.65625,4378.34912109375,4388.5419921875,1320.4959716796875,4364.98291015625,-348767.6875,4296.4970703125
186686.2647134,-301867.09375,-189733.984375,4834.27978515625,4844.9189453125,-15235.0380859375,4829.4072265625,-348697.3125,4753.5009765625
186686.8813353,-290038.34375,-162816.0,4914.7021484375,4925.251953125,-26176.57421875,4906.38720703125,-348543.84375,4834.369140625
186687.3311813,-284134.0,-141033.875,4972.14599609375,4983.0087890625,-35387.015625,4960.74609375,-348467.71875,4892.259765625
186687.9037917,-283657.0625,-123264.8671875,6257.326171875,-13738.767578125,-46229.0390625,6252.18505859375,-348529.09375,6190.22607421875
186688.447655,-287043.375,-113571.9375,1907.407958984375,-34557.98828125,-56801.01171875,8079.0830078125,-348748.875,8018.3310546875
186689.064567,-301543.4375,-112811.3125,-21590.935546875,-47220.96484375,-57219.3046875,10837.19921875,-348907.8125,10777.0283203125
186689.5318532,-309579.875,-110590.265625,-120.34200286865234,-32668.05859375,-52598.34765625,10441.259765625,-348463.59375,10379.30078125
186690.0654283,-313882.78125,-109211.5625,-18503.1328125,-42526.0703125,-55989.6875,10847.525390625,-348532.53125,10787.578125
186690.5303706,-317006.75,-107911.1796875,-38746.66015625,-63322.359375,-56150.35546875,11149.5419921875,-348532.09375,11089.416015625
186691.1811353,-319017.90625,-105290.75,-57105.265625,-69862.2109375,-66825.90625,11495.45703125,-348518.28125,11438.2822265625
186691.6472518,-320308.8125,-103545.078125,-34392.49609375,-67248.578125,-74057.140625,11128.9775390625,-349120.4375,11073.5009765625
186692.2642975,-323148.375,-100992.6953125,-37345.1171875,-72697.9296875,-83363.3828125,11383.251953125,-349226.03125,11331.0830078125
186692.7644306,-325334.4375,-98770.078125,-35702.3515625,-77266.8046875,-90667.484375,11229.9189453125,-349495.90625,11179.224609375
186693.2816836,-325894.34375,-96716.8515625,-31242.77734375,-79760.6796875,-97676.40625,10888.3388671875,-349897.46875,10839.5234375
186693.73047,-327824.6875,-94623.4765625,-35270.96484375,-82732.1171875,-104145.984375,11178.15234375,-349894.21875,11130.7216796875
186694.2473541,-329594.0,-92796.3984375,-48343.55859375,-96308.8359375,-110667.2421875,11176.5869140625,-350070.84375,11130.498046875
186694.88021,-329368.25,-90428.046875,-49020.640625,-101797.7578125,-118206.0390625,11147.6640625,-350663.46875,10982.88671875
186695.3800313,-328179.8125,-88235.7421875,-49549.078125,-106339.5390625,-124085.3046875,10542.7373046875,-351139.34375,-16686.828125
186695.9971747,-326022.9375,-85413.8828125,-53042.03125,-113251.1953125,-130846.9765625,10566.4736328125,-351652.5625,-25074.947265625
186696.4467557,-323319.25,-82995.46875,-53297.69140625,-116991.9375,-136157.65625,10539.7861328125,-352114.1875,-32196.34765625
186697.0068355,-321864.6875,-80049.8671875,-54990.1640625,-122602.625,-141681.578125,10540.3232421875,-352557.28125,-40032.46484375
186697.5968435,-320889.5,-77330.8203125,-58959.69921875,-127818.8515625,-147105.40625,10594.5478515625,-352984.5625,-46395.78515625
186698.0466839,-319007.125,-74627.8671875,-61790.7265625,-129747.5859375,-150592.953125,10634.5126953125,-353033.5,-50472.4296875
186698.6634855,-316219.34375,-71881.6875,-64055.2734375,-136627.140625,-156856.8125,10635.80859375,-353843.6875,-60279.8828125
186699.1795753,-315030.8125,-69409.71875,-66444.984375,-141810.953125,-161657.921875,9586.841796875,-354290.96875,-66085.5703125
186699.6681523,-314475.90625,-66934.7109375,-67301.4609375,-145342.265625,-165768.765625,6934.0029296875,-354685.25,-71813.3828125
186700.1631919,-314302.59375,-64454.47265625,-69813.796875,-150020.265625,-169858.140625,4076.823974609375,-355056.21875,-77401.0078125
186700.7463224,-311777.96875,-61266.0859375,-70127.03125,-152515.296875,-174930.109375,-4579.47021484375,-355545.1875,-83541.7890625
186701.2644823,-308265.8125,-58929.43359375,-73851.8203125,-159702.453125,-179481.78125,-14194.8779296875,-356109.75,-89543.3203125
186701.7628674,-305457.40625,-56357.10546875,-72515.9453125,-161543.796875,-182520.40625,-13864.2060546875,-356439.25,-94524.9453125
186702.3000266,-302898.46875,-53328.40234375,-72225.4140625,-163763.1875,-186389.140625,-13584.6298828125,-356780.1875,-99645.0625
186702.8632306,-300425.6875,-51010.2578125,-72413.3046875,-163611.015625,-187899.671875,7595.39111328125,-356775.59375,-102717.796875
186703.4792152,-297336.40625,-48464.39453125,-75267.8046875,-168813.203125,-192572.171875,-11786.25390625,-357332.78125,-109107.09375
186703.9980839,-294307.15625,-46023.44921875,-71537.15625,-172514.828125,-196963.796875,-16524.689453125,-358047.78125,-115437.953125
186704.4456663,-291176.25,-43438.19921875,-72716.9296875,-175076.03125,-199909.046875,-16750.888671875,-358315.84375,-119267.5703125
186705.0792874,-288271.75,-40270.87109375,-68848.203125,-174629.84375,-203107.84375,-16890.23046875,-358699.9375,-124131.7578125
186705.5621821,-287304.21875,-37700.5546875,-69773.25,-176828.265625,-205409.9375,-16288.7890625,-358883.0625,-127354.828125
186706.1970198,-287053.53125,-34256.1953125,-71841.234375,-180218.1875,-209306.203125,-17552.01953125,-359280.90625,-132517.5
186706.7621144,-286030.09375,-31924.638671875,-73068.1640625,-182775.671875,-211579.875,-17310.80078125,-359512.15625,-135995.125
186707.2787607,-285189.5625,-29685.21875,-74302.3359375,-185177.9375,-214122.46875,-17984.21484375,-359786.0625,-139475.6875
186707.8954108,-283960.84375,-27112.486328125,-75767.5859375,-188036.234375,-217120.953125,-18856.556640625,-360111.15625,-143491.53125
186708.4019708,-282128.9375,-24756.79296875,-77660.46875,-190809.28125,-220231.6875,-20540.896484375,-360480.0,-147826.609375
186709.0699996,-281204.96875,-22874.8203125,-78106.0234375,-193099.984375,-222480.09375,-20898.388671875,-360718.125,-150773.203125
186710.1214766,-279624.53125,-20905.095703125,-80476.828125,-196452.875,-225357.21875,-22300.06640625,-361033.96875,-154509.296875
